ASIN,date
1947335162,2023-02-27
1947335162,2023-03-27
1947335162,2023-04-24
1947335162,2023-05-22
1947335162,2023-06-19
1947335162,2023-07-17
1947335162,2023-08-14
1947335162,2023-09-11
1947335162,2023-10-09
1947335162,2023-11-06
1947335162,2023-12-04
1947335162,2024-01-01
1947335162,2024-01-29
9576243505,2023-02-27
9576243505,2023-03-27
9576243505,2023-04-24
9576243505,2023-05-22
9576243505,2023-06-19
9576243505,2023-07-17
9576243505,2023-08-14
9576243505,2023-09-11
9576243505,2023-10-09
9576243505,2023-11-06
9576243505,2023-12-04
9576243505,2024-01-01
9576243505,2024-01-29
B00000IU3U,2023-02-27
B00000IU3U,2023-03-27
B00000IU3U,2023-04-24
B00000IU3U,2023-05-22
B00000IU3U,2023-06-19
B00000IU3U,2023-07-17
B00000IU3U,2023-08-14
B00000IU3U,2023-09-11
B00000IU3U,2023-10-09
B00000IU3U,2023-11-06
B00000IU3U,2023-12-04
B00000IU3U,2024-01-01
B00000IU3U,2024-01-29
B00000IU3V,2023-02-27
B00000IU3V,2023-03-27
B00000IU3V,2023-04-24
B00000IU3V,2023-05-22
B00000IU3V,2023-06-19
B00000IU3V,2023-07-17
B00000IU3V,2023-08-14
B00000IU3V,2023-09-11
B00000IU3V,2023-10-09
B00000IU3V,2023-11-06
B00000IU3V,2023-12-04
B00000IU3V,2024-01-01
B00000IU3V,2024-01-29
B00000IUMW,2023-02-27
B00000IUMW,2023-03-27
B00000IUMW,2023-04-24
B00000IUMW,2023-05-22
B00000IUMW,2023-06-19
B00000IUMW,2023-07-17
B00000IUMW,2023-08-14
B00000IUMW,2023-09-11
B00000IUMW,2023-10-09
B00000IUMW,2023-11-06
B00000IUMW,2023-12-04
B00000IUMW,2024-01-01
B00000IUMW,2024-01-29
B00000IUQG,2023-02-27
B00000IUQG,2023-03-27
B00000IUQG,2023-04-24
B00000IUQG,2023-05-22
B00000IUQG,2023-06-19
B00000IUQG,2023-07-17
B00000IUQG,2023-08-14
B00000IUQG,2023-09-11
B00000IUQG,2023-10-09
B00000IUQG,2023-11-06
B00000IUQG,2023-12-04
B00000IUQG,2024-01-01
B00000IUQG,2024-01-29
B00000JS5S,2023-02-27
B00000JS5S,2023-03-27
B00000JS5S,2023-04-24
B00000JS5S,2023-05-22
B00000JS5S,2023-06-19
B00000JS5S,2023-07-17
B00000JS5S,2023-08-14
B00000JS5S,2023-09-11
B00000JS5S,2023-10-09
B00000JS5S,2023-11-06
B00000JS5S,2023-12-04
B00000JS5S,2024-01-01
B00000JS5S,2024-01-29
B00004T1C8,2023-02-27
B00004T1C8,2023-03-27
B00004T1C8,2023-04-24
B00004T1C8,2023-05-22
B00004T1C8,2023-06-19
B00004T1C8,2023-07-17
B00004T1C8,2023-08-14
B00004T1C8,2023-09-11
B00004T1C8,2023-10-09
B00004T1C8,2023-11-06
B00004T1C8,2023-12-04
B00004T1C8,2024-01-01
B00004T1C8,2024-01-29
B00005BQ1X,2023-02-27
B00005BQ1X,2023-03-27
B00005BQ1X,2023-04-24
B00005BQ1X,2023-05-22
B00005BQ1X,2023-06-19
B00005BQ1X,2023-07-17
B00005BQ1X,2023-08-14
B00005BQ1X,2023-09-11
B00005BQ1X,2023-10-09
B00005BQ1X,2023-11-06
B00005BQ1X,2023-12-04
B00005BQ1X,2024-01-01
B00005BQ1X,2024-01-29
B00006IJHY,2023-02-27
B00006IJHY,2023-03-27
B00006IJHY,2023-04-24
B00006IJHY,2023-05-22
B00006IJHY,2023-06-19
B00006IJHY,2023-07-17
B00006IJHY,2023-08-14
B00006IJHY,2023-09-11
B00006IJHY,2023-10-09
B00006IJHY,2023-11-06
B00006IJHY,2023-12-04
B00006IJHY,2024-01-01
B00006IJHY,2024-01-29
B00009XNRS,2023-02-27
B00009XNRS,2023-03-27
B00009XNRS,2023-04-24
B00009XNRS,2023-05-22
B00009XNRS,2023-06-19
B00009XNRS,2023-07-17
B00009XNRS,2023-08-14
B00009XNRS,2023-09-11
B00009XNRS,2023-10-09
B00009XNRS,2023-11-06
B00009XNRS,2023-12-04
B00009XNRS,2024-01-01
B00009XNRS,2024-01-29
B00009XNRV,2023-02-27
B00009XNRV,2023-03-27
B00009XNRV,2023-04-24
B00009XNRV,2023-05-22
B00009XNRV,2023-06-19
B00009XNRV,2023-07-17
B00009XNRV,2023-08-14
B00009XNRV,2023-09-11
B00009XNRV,2023-10-09
B00009XNRV,2023-11-06
B00009XNRV,2023-12-04
B00009XNRV,2024-01-01
B00009XNRV,2024-01-29
B0000WS7CQ,2023-02-27
B0000WS7CQ,2023-03-27
B0000WS7CQ,2023-04-24
B0000WS7CQ,2023-05-22
B0000WS7CQ,2023-06-19
B0000WS7CQ,2023-07-17
B0000WS7CQ,2023-08-14
B0000WS7CQ,2023-09-11
B0000WS7CQ,2023-10-09
B0000WS7CQ,2023-11-06
B0000WS7CQ,2023-12-04
B0000WS7CQ,2024-01-01
B0000WS7CQ,2024-01-29
B0000WS7GC,2023-02-27
B0000WS7GC,2023-03-27
B0000WS7GC,2023-04-24
B0000WS7GC,2023-05-22
B0000WS7GC,2023-06-19
B0000WS7GC,2023-07-17
B0000WS7GC,2023-08-14
B0000WS7GC,2023-09-11
B0000WS7GC,2023-10-09
B0000WS7GC,2023-11-06
B0000WS7GC,2023-12-04
B0000WS7GC,2024-01-01
B0000WS7GC,2024-01-29
B0001WGIBW,2023-02-27
B0001WGIBW,2023-03-27
B0001WGIBW,2023-04-24
B0001WGIBW,2023-05-22
B0001WGIBW,2023-06-19
B0001WGIBW,2023-07-17
B0001WGIBW,2023-08-14
B0001WGIBW,2023-09-11
B0001WGIBW,2023-10-09
B0001WGIBW,2023-11-06
B0001WGIBW,2023-12-04
B0001WGIBW,2024-01-01
B0001WGIBW,2024-01-29
B00024QU8K,2023-02-27
B00024QU8K,2023-03-27
B00024QU8K,2023-04-24
B00024QU8K,2023-05-22
B00024QU8K,2023-06-19
B00024QU8K,2023-07-17
B00024QU8K,2023-08-14
B00024QU8K,2023-09-11
B00024QU8K,2023-10-09
B00024QU8K,2023-11-06
B00024QU8K,2023-12-04
B00024QU8K,2024-01-01
B00024QU8K,2024-01-29
B0002CYPO8,2023-02-27
B0002CYPO8,2023-03-27
B0002CYPO8,2023-04-24
B0002CYPO8,2023-05-22
B0002CYPO8,2023-06-19
B0002CYPO8,2023-07-17
B0002CYPO8,2023-08-14
B0002CYPO8,2023-09-11
B0002CYPO8,2023-10-09
B0002CYPO8,2023-11-06
B0002CYPO8,2023-12-04
B0002CYPO8,2024-01-01
B0002CYPO8,2024-01-29
B0002DF65Y,2023-02-27
B0002DF65Y,2023-03-27
B0002DF65Y,2023-04-24
B0002DF65Y,2023-05-22
B0002DF65Y,2023-06-19
B0002DF65Y,2023-07-17
B0002DF65Y,2023-08-14
B0002DF65Y,2023-09-11
B0002DF65Y,2023-10-09
B0002DF65Y,2023-11-06
B0002DF65Y,2023-12-04
B0002DF65Y,2024-01-01
B0002DF65Y,2024-01-29
B0002FQKLG,2023-02-27
B0002FQKLG,2023-03-27
B0002FQKLG,2023-04-24
B0002FQKLG,2023-05-22
B0002FQKLG,2023-06-19
B0002FQKLG,2023-07-17
B0002FQKLG,2023-08-14
B0002FQKLG,2023-09-11
B0002FQKLG,2023-10-09
B0002FQKLG,2023-11-06
B0002FQKLG,2023-12-04
B0002FQKLG,2024-01-01
B0002FQKLG,2024-01-29
B0002FQKLQ,2023-02-27
B0002FQKLQ,2023-03-27
B0002FQKLQ,2023-04-24
B0002FQKLQ,2023-05-22
B0002FQKLQ,2023-06-19
B0002FQKLQ,2023-07-17
B0002FQKLQ,2023-08-14
B0002FQKLQ,2023-09-11
B0002FQKLQ,2023-10-09
B0002FQKLQ,2023-11-06
B0002FQKLQ,2023-12-04
B0002FQKLQ,2024-01-01
B0002FQKLQ,2024-01-29
B0002FQKNO,2023-02-27
B0002FQKNO,2023-03-27
B0002FQKNO,2023-04-24
B0002FQKNO,2023-05-22
B0002FQKNO,2023-06-19
B0002FQKNO,2023-07-17
B0002FQKNO,2023-08-14
B0002FQKNO,2023-09-11
B0002FQKNO,2023-10-09
B0002FQKNO,2023-11-06
B0002FQKNO,2023-12-04
B0002FQKNO,2024-01-01
B0002FQKNO,2024-01-29
B0002GTEW2,2023-02-27
B0002GTEW2,2023-03-27
B0002GTEW2,2023-04-24
B0002GTEW2,2023-05-22
B0002GTEW2,2023-06-19
B0002GTEW2,2023-07-17
B0002GTEW2,2023-08-14
B0002GTEW2,2023-09-11
B0002GTEW2,2023-10-09
B0002GTEW2,2023-11-06
B0002GTEW2,2023-12-04
B0002GTEW2,2024-01-01
B0002GTEW2,2024-01-29
B0002HZHXG,2023-02-27
B0002HZHXG,2023-03-27
B0002HZHXG,2023-04-24
B0002HZHXG,2023-05-22
B0002HZHXG,2023-06-19
B0002HZHXG,2023-07-17
B0002HZHXG,2023-08-14
B0002HZHXG,2023-09-11
B0002HZHXG,2023-10-09
B0002HZHXG,2023-11-06
B0002HZHXG,2023-12-04
B0002HZHXG,2024-01-01
B0002HZHXG,2024-01-29
B0002U3LAE,2023-07-17
B0002U3LAE,2023-08-14
B0002U3LAE,2023-09-11
B0002U3LAE,2023-10-09
B0002U3LAE,2023-11-06
B0002U3LAE,2023-12-04
B0002U3LAE,2024-01-01
B0002U3LAE,2024-01-29
B0003K0YX0,2023-02-27
B0003K0YX0,2023-03-27
B0003K0YX0,2023-04-24
B0003K0YX0,2023-05-22
B0003K0YX0,2023-06-19
B0003K0YX0,2023-07-17
B0003K0YX0,2023-08-14
B0003K0YX0,2023-09-11
B0003K0YX0,2023-10-09
B0003K0YX0,2023-11-06
B0003K0YX0,2023-12-04
B0003K0YX0,2024-01-01
B0003K0YX0,2024-01-29
B0003K1LK0,2023-02-27
B0003K1LK0,2023-03-27
B0003K1LK0,2023-04-24
B0003K1LK0,2023-05-22
B0003K1LK0,2023-06-19
B0003K1LK0,2023-07-17
B0003K1LK0,2023-08-14
B0003K1LK0,2023-09-11
B0003K1LK0,2023-10-09
B0003K1LK0,2023-11-06
B0003K1LK0,2023-12-04
B0003K1LK0,2024-01-01
B0003K1LK0,2024-01-29
B0006KQG2A,2023-02-27
B0006KQG2A,2023-03-27
B0006KQG2A,2023-04-24
B0006KQG2A,2023-05-22
B0006KQG2A,2023-06-19
B0006KQG2A,2023-07-17
B0006KQG2A,2023-08-14
B0006KQG2A,2023-09-11
B0006KQG2A,2023-10-09
B0006KQG2A,2023-11-06
B0006KQG2A,2023-12-04
B0006KQG2A,2024-01-01
B0006KQG2A,2024-01-29
B0006KQGUM,2023-02-27
B0006KQGUM,2023-03-27
B0006KQGUM,2023-04-24
B0006KQGUM,2023-05-22
B0006KQGUM,2023-06-19
B0006KQGUM,2023-07-17
B0006KQGUM,2023-08-14
B0006KQGUM,2023-09-11
B0006KQGUM,2023-10-09
B0006KQGUM,2023-11-06
B0006KQGUM,2023-12-04
B0006KQGUM,2024-01-01
B0006KQGUM,2024-01-29
B0006MZONA,2023-11-06
B0006MZONA,2023-12-04
B0006MZONA,2024-01-01
B0006MZONA,2024-01-29
B0006N6MVW,2023-02-27
B0006N6MVW,2023-03-27
B0006N6MVW,2023-04-24
B0006N6MVW,2023-05-22
B0006N6MVW,2023-06-19
B0006N6MVW,2023-07-17
B0006N6MVW,2023-08-14
B0006N6MVW,2023-09-11
B0006N6MVW,2023-10-09
B0006N6MVW,2023-11-06
B0006N6MVW,2023-12-04
B0006N6MVW,2024-01-01
B0006N6MVW,2024-01-29
B0006N71VM,2023-02-27
B0006N71VM,2023-03-27
B0006N71VM,2023-04-24
B0006N71VM,2023-05-22
B0006N71VM,2023-06-19
B0006N71VM,2023-07-17
B0006N71VM,2023-08-14
B0006N71VM,2023-09-11
B0006N71VM,2023-10-09
B0006N71VM,2023-11-06
B0006N71VM,2023-12-04
B0006N71VM,2024-01-01
B0006N71VM,2024-01-29
B0006N71VW,2023-04-24
B0006N71VW,2023-05-22
B0006N71VW,2023-06-19
B0006N71VW,2023-07-17
B0006N71VW,2023-08-14
B0006N71VW,2023-09-11
B0006N71VW,2023-10-09
B0006N71VW,2023-11-06
B0006N71VW,2023-12-04
B0006N71VW,2024-01-01
B0006N71VW,2024-01-29
B0006NAQMI,2023-02-27
B0006NAQMI,2023-03-27
B0006NAQMI,2023-04-24
B0006NAQMI,2023-05-22
B0006NAQMI,2023-06-19
B0006NAQMI,2023-07-17
B0006NAQMI,2023-08-14
B0006NAQMI,2023-09-11
B0006NAQMI,2023-10-09
B0006NAQMI,2023-11-06
B0006NAQMI,2023-12-04
B0006NAQMI,2024-01-01
B0006NAQMI,2024-01-29
B0006NAR0Y,2023-02-27
B0006NAR0Y,2023-03-27
B0006NAR0Y,2023-04-24
B0006NAR0Y,2023-05-22
B0006NAR0Y,2023-06-19
B0006NAR0Y,2023-07-17
B0006NAR0Y,2023-08-14
B0006NAR0Y,2023-09-11
B0006NAR0Y,2023-10-09
B0006NAR0Y,2023-11-06
B0006NAR0Y,2023-12-04
B0006NAR0Y,2024-01-01
B0006NAR0Y,2024-01-29
B0006NARP4,2023-02-27
B0006NARP4,2023-03-27
B0006NARP4,2023-04-24
B0006NARP4,2023-05-22
B0006NARP4,2023-06-19
B0006NARP4,2023-07-17
B0006NARP4,2023-08-14
B0006NARP4,2023-09-11
B0006NARP4,2023-10-09
B0006NARP4,2023-11-06
B0006NARP4,2023-12-04
B0006NARP4,2024-01-01
B0006NARP4,2024-01-29
B0006NARQI,2023-02-27
B0006NARQI,2023-03-27
B0006NARQI,2023-04-24
B0006NARQI,2023-05-22
B0006NARQI,2023-06-19
B0006NARQI,2023-07-17
B0006NARQI,2023-08-14
B0006NARQI,2023-09-11
B0006NARQI,2023-10-09
B0006NARQI,2023-11-06
B0006NARQI,2023-12-04
B0006NARQI,2024-01-01
B0006NARQI,2024-01-29
B0006O3S8G,2023-02-27
B0006O3S8G,2023-03-27
B0006O3S8G,2023-04-24
B0006O3S8G,2023-05-22
B0006O3S8G,2023-06-19
B0006O3S8G,2023-07-17
B0006O3S8G,2023-08-14
B0006O3S8G,2023-09-11
B0006O3S8G,2023-10-09
B0006O3S8G,2023-11-06
B0006O3S8G,2023-12-04
B0006O3S8G,2024-01-01
B0006O3S8G,2024-01-29
B0007VTDNM,2023-02-27
B0007VTDNM,2023-03-27
B0007VTDNM,2023-04-24
B0007VTDNM,2023-05-22
B0007VTDNM,2023-06-19
B0007VTDNM,2023-07-17
B0007VTDNM,2023-08-14
B0007VTDNM,2023-09-11
B0007VTDNM,2023-10-09
B0007VTDNM,2023-11-06
B0007VTDNM,2023-12-04
B0007VTDNM,2024-01-01
B0007VTDNM,2024-01-29
B00080H3PW,2023-02-27
B00080H3PW,2023-03-27
B00080H3PW,2023-04-24
B00080H3PW,2023-05-22
B00080H3PW,2023-06-19
B00080H3PW,2023-07-17
B00080H3PW,2023-08-14
B00080H3PW,2023-09-11
B00080H3PW,2023-10-09
B00080H3PW,2023-11-06
B00080H3PW,2023-12-04
B00080H3PW,2024-01-01
B00080H3PW,2024-01-29
B00099XTCI,2023-02-27
B00099XTCI,2023-03-27
B00099XTCI,2023-04-24
B00099XTCI,2023-05-22
B00099XTCI,2023-06-19
B00099XTCI,2023-07-17
B00099XTCI,2023-08-14
B00099XTCI,2023-09-11
B00099XTCI,2023-10-09
B00099XTCI,2023-11-06
B00099XTCI,2023-12-04
B00099XTCI,2024-01-01
B00099XTCI,2024-01-29
B0009FIMP6,2023-02-27
B0009FIMP6,2023-03-27
B0009FIMP6,2023-04-24
B0009FIMP6,2023-05-22
B0009FIMP6,2023-06-19
B0009FIMP6,2023-07-17
B0009FIMP6,2023-08-14
B0009FIMP6,2023-09-11
B0009FIMP6,2023-10-09
B0009FIMP6,2023-11-06
B0009FIMP6,2023-12-04
B0009FIMP6,2024-01-01
B0009FIMP6,2024-01-29
B0009I6UOS,2023-02-27
B0009I6UOS,2023-03-27
B0009I6UOS,2023-04-24
B0009I6UOS,2023-05-22
B0009I6UOS,2023-06-19
B0009I6UOS,2023-07-17
B0009I6UOS,2023-08-14
B0009I6UOS,2023-09-11
B0009I6UOS,2023-10-09
B0009I6UOS,2023-11-06
B0009I6UOS,2023-12-04
B0009I6UOS,2024-01-01
B0009I6UOS,2024-01-29
B0009JS8DI,2023-02-27
B0009JS8DI,2023-03-27
B0009JS8DI,2023-04-24
B0009JS8DI,2023-05-22
B0009JS8DI,2023-06-19
B0009JS8DI,2023-07-17
B0009JS8DI,2023-08-14
B0009JS8DI,2023-09-11
B0009JS8DI,2023-10-09
B0009JS8DI,2023-11-06
B0009JS8DI,2023-12-04
B0009JS8DI,2024-01-01
B0009JS8DI,2024-01-29
B000B75PV6,2023-02-27
B000B75PV6,2023-03-27
B000B75PV6,2023-04-24
B000B75PV6,2023-05-22
B000B75PV6,2023-06-19
B000B75PV6,2023-07-17
B000B75PV6,2023-08-14
B000B75PV6,2023-09-11
B000B75PV6,2023-10-09
B000B75PV6,2023-11-06
B000B75PV6,2023-12-04
B000B75PV6,2024-01-01
B000B75PV6,2024-01-29
B000BL8JKG,2023-02-27
B000BL8JKG,2023-03-27
B000BL8JKG,2023-04-24
B000BL8JKG,2023-05-22
B000BL8JKG,2023-06-19
B000BL8JKG,2023-07-17
B000BL8JKG,2023-08-14
B000BL8JKG,2023-09-11
B000BL8JKG,2023-10-09
B000BL8JKG,2023-11-06
B000BL8JKG,2023-12-04
B000BL8JKG,2024-01-01
B000BL8JKG,2024-01-29
B000BLI6RM,2023-02-27
B000BLI6RM,2023-03-27
B000BLI6RM,2023-04-24
B000BLI6RM,2023-05-22
B000BLI6RM,2023-06-19
B000BLI6RM,2023-07-17
B000BLI6RM,2023-08-14
B000BLI6RM,2023-09-11
B000BLI6RM,2023-10-09
B000BLI6RM,2023-11-06
B000BLI6RM,2023-12-04
B000BLI6RM,2024-01-01
B000BLI6RM,2024-01-29
B000BLI6TA,2023-02-27
B000BLI6TA,2023-03-27
B000BLI6TA,2023-04-24
B000BLI6TA,2023-05-22
B000BLI6TA,2023-06-19
B000BLI6TA,2023-07-17
B000BLI6TA,2023-08-14
B000BLI6TA,2023-09-11
B000BLI6TA,2023-10-09
B000BLI6TA,2023-11-06
B000BLI6TA,2023-12-04
B000BLI6TA,2024-01-01
B000BLI6TA,2024-01-29
B000BMVIGW,2023-02-27
B000BMVIGW,2023-03-27
B000BMVIGW,2023-04-24
B000BMVIGW,2023-05-22
B000BMVIGW,2023-06-19
B000BMVIGW,2023-07-17
B000BMVIGW,2023-08-14
B000BMVIGW,2023-09-11
B000BMVIGW,2023-10-09
B000BMVIGW,2023-11-06
B000BMVIGW,2023-12-04
B000BMVIGW,2024-01-01
B000BMVIGW,2024-01-29
B000BN9R5U,2023-02-27
B000BN9R5U,2023-03-27
B000BN9R5U,2023-04-24
B000BN9R5U,2023-05-22
B000BN9R5U,2023-06-19
B000BN9R5U,2023-07-17
B000BN9R5U,2023-08-14
B000BN9R5U,2023-09-11
B000BN9R5U,2023-10-09
B000BN9R5U,2023-11-06
B000BN9R5U,2023-12-04
B000BN9R5U,2024-01-01
B000BN9R5U,2024-01-29
B000BPT8UM,2023-02-27
B000BPT8UM,2023-03-27
B000BPT8UM,2023-04-24
B000BPT8UM,2023-05-22
B000BPT8UM,2023-06-19
B000BPT8UM,2023-07-17
B000BPT8UM,2023-08-14
B000BPT8UM,2023-09-11
B000BPT8UM,2023-10-09
B000BPT8UM,2023-11-06
B000BPT8UM,2023-12-04
B000BPT8UM,2024-01-01
B000BPT8UM,2024-01-29
B000BRPQPG,2023-02-27
B000BRPQPG,2023-03-27
B000BRPQPG,2023-04-24
B000BRPQPG,2023-05-22
B000BRPQPG,2023-06-19
B000BRPQPG,2023-07-17
B000BRPQPG,2023-08-14
B000BRPQPG,2023-09-11
B000BRPQPG,2023-10-09
B000BRPQPG,2023-11-06
B000BRPQPG,2023-12-04
B000BRPQPG,2024-01-01
B000BRPQPG,2024-01-29
B000BYSY8K,2023-02-27
B000BYSY8K,2023-03-27
B000BYSY8K,2023-04-24
B000BYSY8K,2023-05-22
B000BYSY8K,2023-06-19
B000BYSY8K,2023-07-17
B000BYSY8K,2023-08-14
B000BYSY8K,2023-09-11
B000BYSY8K,2023-10-09
B000BYSY8K,2023-11-06
B000BYSY8K,2023-12-04
B000BYSY8K,2024-01-01
B000BYSY8K,2024-01-29
B000FGEWZS,2023-02-27
B000FGEWZS,2023-03-27
B000FGEWZS,2023-04-24
B000FGEWZS,2023-05-22
B000FGEWZS,2023-06-19
B000FGEWZS,2023-07-17
B000FGEWZS,2023-08-14
B000FGEWZS,2023-09-11
B000FGEWZS,2023-10-09
B000FGEWZS,2023-11-06
B000FGEWZS,2023-12-04
B000FGEWZS,2024-01-01
B000FGEWZS,2024-01-29
B000FJTZLQ,2023-02-27
B000FJTZLQ,2023-03-27
B000FJTZLQ,2023-04-24
B000FJTZLQ,2023-05-22
B000FJTZLQ,2023-06-19
B000FJTZLQ,2023-07-17
B000FJTZLQ,2023-08-14
B000FJTZLQ,2023-09-11
B000FJTZLQ,2023-10-09
B000FJTZLQ,2023-11-06
B000FJTZLQ,2023-12-04
B000FJTZLQ,2024-01-01
B000FJTZLQ,2024-01-29
B000IDY2OO,2023-02-27
B000IDY2OO,2023-03-27
B000IDY2OO,2023-04-24
B000IDY2OO,2023-05-22
B000IDY2OO,2023-06-19
B000IDY2OO,2023-07-17
B000IDY2OO,2023-08-14
B000IDY2OO,2023-09-11
B000IDY2OO,2023-10-09
B000IDY2OO,2023-11-06
B000IDY2OO,2023-12-04
B000IDY2OO,2024-01-01
B000IDY2OO,2024-01-29
B000JICU7Y,2023-02-27
B000JICU7Y,2023-03-27
B000JICU7Y,2023-04-24
B000JICU7Y,2023-05-22
B000JICU7Y,2023-06-19
B000JICU7Y,2023-07-17
B000JICU7Y,2023-08-14
B000JICU7Y,2023-09-11
B000JICU7Y,2023-10-09
B000JICU7Y,2023-11-06
B000JICU7Y,2023-12-04
B000JICU7Y,2024-01-01
B000JICU7Y,2024-01-29
B000JNE658,2023-02-27
B000JNE658,2023-03-27
B000JNE658,2023-04-24
B000JNE658,2023-05-22
B000JNE658,2023-06-19
B000JNE658,2023-07-17
B000JNE658,2023-08-14
B000JNE658,2023-09-11
B000JNE658,2023-10-09
B000JNE658,2023-11-06
B000JNE658,2023-12-04
B000JNE658,2024-01-01
B000JNE658,2024-01-29
B000KT9S90,2023-06-19
B000KT9S90,2023-07-17
B000KT9S90,2023-08-14
B000KT9S90,2023-09-11
B000KT9S90,2023-10-09
B000KT9S90,2023-11-06
B000KT9S90,2023-12-04
B000KT9S90,2024-01-01
B000KT9S90,2024-01-29
B000MXHHFG,2023-02-27
B000MXHHFG,2023-03-27
B000MXHHFG,2023-04-24
B000MXHHFG,2023-05-22
B000MXHHFG,2023-06-19
B000MXHHFG,2023-07-17
B000MXHHFG,2023-08-14
B000MXHHFG,2023-09-11
B000MXHHFG,2023-10-09
B000MXHHFG,2023-11-06
B000MXHHFG,2023-12-04
B000MXHHFG,2024-01-01
B000MXHHFG,2024-01-29
B000NIJ58M,2023-02-27
B000NIJ58M,2023-03-27
B000NIJ58M,2023-04-24
B000NIJ58M,2023-05-22
B000NIJ58M,2023-06-19
B000NIJ58M,2023-07-17
B000NIJ58M,2023-08-14
B000NIJ58M,2023-09-11
B000NIJ58M,2023-10-09
B000NIJ58M,2023-11-06
B000NIJ58M,2023-12-04
B000NIJ58M,2024-01-01
B000NIJ58M,2024-01-29
B000NILBXE,2023-02-27
B000NILBXE,2023-03-27
B000NILBXE,2023-04-24
B000NILBXE,2023-05-22
B000NILBXE,2023-06-19
B000NILBXE,2023-07-17
B000NILBXE,2023-08-14
B000NILBXE,2023-09-11
B000NILBXE,2023-10-09
B000NILBXE,2023-11-06
B000NILBXE,2023-12-04
B000NILBXE,2024-01-01
B000NILBXE,2024-01-29
B000NYT1TY,2023-02-27
B000NYT1TY,2023-03-27
B000NYT1TY,2023-04-24
B000NYT1TY,2023-05-22
B000NYT1TY,2023-06-19
B000NYT1TY,2023-07-17
B000NYT1TY,2023-08-14
B000NYT1TY,2023-09-11
B000NYT1TY,2023-10-09
B000NYT1TY,2023-11-06
B000NYT1TY,2023-12-04
B000NYT1TY,2024-01-01
B000NYT1TY,2024-01-29
B000OE4NW8,2023-02-27
B000OE4NW8,2023-03-27
B000OE4NW8,2023-04-24
B000OE4NW8,2023-05-22
B000OE4NW8,2023-06-19
B000OE4NW8,2023-07-17
B000OE4NW8,2023-08-14
B000OE4NW8,2023-09-11
B000OE4NW8,2023-10-09
B000OE4NW8,2023-11-06
B000OE4NW8,2023-12-04
B000OE4NW8,2024-01-01
B000OE4NW8,2024-01-29
B000OS5E86,2023-02-27
B000OS5E86,2023-03-27
B000OS5E86,2023-04-24
B000OS5E86,2023-05-22
B000OS5E86,2023-06-19
B000OS5E86,2023-07-17
B000OS5E86,2023-08-14
B000OS5E86,2023-09-11
B000OS5E86,2023-10-09
B000OS5E86,2023-11-06
B000OS5E86,2023-12-04
B000OS5E86,2024-01-01
B000OS5E86,2024-01-29
B000P1UA9U,2023-02-27
B000P1UA9U,2023-03-27
B000P1UA9U,2023-04-24
B000P1UA9U,2023-05-22
B000P1UA9U,2023-06-19
B000P1UA9U,2023-07-17
B000P1UA9U,2023-08-14
B000P1UA9U,2023-09-11
B000P1UA9U,2023-10-09
B000P1UA9U,2023-11-06
B000P1UA9U,2023-12-04
B000P1UA9U,2024-01-01
B000P1UA9U,2024-01-29
B000PCZKZS,2023-02-27
B000PCZKZS,2023-03-27
B000PCZKZS,2023-04-24
B000PCZKZS,2023-05-22
B000PCZKZS,2023-06-19
B000PCZKZS,2023-07-17
B000PCZKZS,2023-08-14
B000PCZKZS,2023-09-11
B000PCZKZS,2023-10-09
B000PCZKZS,2023-11-06
B000PCZKZS,2023-12-04
B000PCZKZS,2024-01-01
B000PCZKZS,2024-01-29
B000SU2BQ8,2023-02-27
B000SU2BQ8,2023-03-27
B000SU2BQ8,2023-04-24
B000SU2BQ8,2023-05-22
B000SU2BQ8,2023-06-19
B000SU2BQ8,2023-07-17
B000SU2BQ8,2023-08-14
B000SU2BQ8,2023-09-11
B000SU2BQ8,2023-10-09
B000SU2BQ8,2023-11-06
B000SU2BQ8,2023-12-04
B000SU2BQ8,2024-01-01
B000SU2BQ8,2024-01-29
B000TQP5OQ,2023-02-27
B000TQP5OQ,2023-03-27
B000TQP5OQ,2023-04-24
B000TQP5OQ,2023-05-22
B000TQP5OQ,2023-06-19
B000TQP5OQ,2023-07-17
B000TQP5OQ,2023-08-14
B000TQP5OQ,2023-09-11
B000TQP5OQ,2023-10-09
B000TQP5OQ,2023-11-06
B000TQP5OQ,2023-12-04
B000TQP5OQ,2024-01-01
B000TQP5OQ,2024-01-29
B000UTN98Q,2023-02-27
B000UTN98Q,2023-03-27
B000UTN98Q,2023-04-24
B000UTN98Q,2023-05-22
B000UTN98Q,2023-06-19
B000UTN98Q,2023-07-17
B000UTN98Q,2023-08-14
B000UTN98Q,2023-09-11
B000UTN98Q,2023-10-09
B000UTN98Q,2023-11-06
B000UTN98Q,2023-12-04
B000UTN98Q,2024-01-01
B000UTN98Q,2024-01-29
B000UZI26E,2023-02-27
B000UZI26E,2023-03-27
B000UZI26E,2023-04-24
B000UZI26E,2023-05-22
B000UZI26E,2023-06-19
B000UZI26E,2023-07-17
B000UZI26E,2023-08-14
B000UZI26E,2023-09-11
B000UZI26E,2023-10-09
B000UZI26E,2023-11-06
B000UZI26E,2023-12-04
B000UZI26E,2024-01-01
B000UZI26E,2024-01-29
B000V1YF5Y,2023-02-27
B000V1YF5Y,2023-03-27
B000V1YF5Y,2023-04-24
B000V1YF5Y,2023-05-22
B000V1YF5Y,2023-06-19
B000V1YF5Y,2023-07-17
B000V1YF5Y,2023-08-14
B000V1YF5Y,2023-09-11
B000V1YF5Y,2023-10-09
B000V1YF5Y,2023-11-06
B000V1YF5Y,2023-12-04
B000V1YF5Y,2024-01-01
B000V1YF5Y,2024-01-29
B000VKHXC2,2023-02-27
B000VKHXC2,2023-03-27
B000VKHXC2,2023-04-24
B000VKHXC2,2023-05-22
B000VKHXC2,2023-06-19
B000VKHXC2,2023-07-17
B000VKHXC2,2023-08-14
B000VKHXC2,2023-09-11
B000VKHXC2,2023-10-09
B000VKHXC2,2023-11-06
B000VKHXC2,2023-12-04
B000VKHXC2,2024-01-01
B000VKHXC2,2024-01-29
B000WX1YPA,2023-02-27
B000WX1YPA,2023-03-27
B000WX1YPA,2023-04-24
B000WX1YPA,2023-05-22
B000WX1YPA,2023-06-19
B000WX1YPA,2023-07-17
B000WX1YPA,2023-08-14
B000WX1YPA,2023-09-11
B000WX1YPA,2023-10-09
B000WX1YPA,2023-11-06
B000WX1YPA,2023-12-04
B000WX1YPA,2024-01-01
B000WX1YPA,2024-01-29
B000WX5OJ2,2023-02-27
B000WX5OJ2,2023-03-27
B000WX5OJ2,2023-04-24
B000WX5OJ2,2023-05-22
B000WX5OJ2,2023-06-19
B000WX5OJ2,2023-07-17
B000WX5OJ2,2023-08-14
B000WX5OJ2,2023-09-11
B000WX5OJ2,2023-10-09
B000WX5OJ2,2023-11-06
B000WX5OJ2,2023-12-04
B000WX5OJ2,2024-01-01
B000WX5OJ2,2024-01-29
B000X45VJS,2023-02-27
B000X45VJS,2023-03-27
B000X45VJS,2023-04-24
B000X45VJS,2023-05-22
B000X45VJS,2023-06-19
B000X45VJS,2023-07-17
B000X45VJS,2023-08-14
B000X45VJS,2023-09-11
B000X45VJS,2023-10-09
B000X45VJS,2023-11-06
B000X45VJS,2023-12-04
B000X45VJS,2024-01-01
B000X45VJS,2024-01-29
B000YBR8KA,2023-02-27
B000YBR8KA,2023-03-27
B000YBR8KA,2023-04-24
B000YBR8KA,2023-05-22
B000YBR8KA,2023-06-19
B000YBR8KA,2023-07-17
B000YBR8KA,2023-08-14
B000YBR8KA,2023-09-11
B000YBR8KA,2023-10-09
B000YBR8KA,2023-11-06
B000YBR8KA,2023-12-04
B000YBR8KA,2024-01-01
B000YBR8KA,2024-01-29
B000YH8FQ0,2023-02-27
B000YH8FQ0,2023-03-27
B000YH8FQ0,2023-04-24
B000YH8FQ0,2023-05-22
B000YH8FQ0,2023-06-19
B000YH8FQ0,2023-07-17
B000YH8FQ0,2023-08-14
B000YH8FQ0,2023-09-11
B000YH8FQ0,2023-10-09
B000YH8FQ0,2023-11-06
B000YH8FQ0,2023-12-04
B000YH8FQ0,2024-01-01
B000YH8FQ0,2024-01-29
B0010UEETC,2023-02-27
B0010UEETC,2023-03-27
B0010UEETC,2023-04-24
B0010UEETC,2023-05-22
B0010UEETC,2023-06-19
B0010UEETC,2023-07-17
B0010UEETC,2023-08-14
B0010UEETC,2023-09-11
B0010UEETC,2023-10-09
B0010UEETC,2023-11-06
B0010UEETC,2023-12-04
B0010UEETC,2024-01-01
B0010UEETC,2024-01-29
B0010UENOI,2023-02-27
B0010UENOI,2023-03-27
B0010UENOI,2023-04-24
B0010UENOI,2023-05-22
B0010UENOI,2023-06-19
B0010UENOI,2023-07-17
B0010UENOI,2023-08-14
B0010UENOI,2023-09-11
B0010UENOI,2023-10-09
B0010UENOI,2023-11-06
B0010UENOI,2023-12-04
B0010UENOI,2024-01-01
B0010UENOI,2024-01-29
B001136VY4,2023-02-27
B001136VY4,2023-03-27
B001136VY4,2023-04-24
B001136VY4,2023-05-22
B001136VY4,2023-06-19
B001136VY4,2023-07-17
B001136VY4,2023-08-14
B001136VY4,2023-09-11
B001136VY4,2023-10-09
B001136VY4,2023-11-06
B001136VY4,2023-12-04
B001136VY4,2024-01-01
B001136VY4,2024-01-29
B001138RQ4,2023-02-27
B001138RQ4,2023-03-27
B001138RQ4,2023-04-24
B001138RQ4,2023-05-22
B001138RQ4,2023-06-19
B001138RQ4,2023-07-17
B001138RQ4,2023-08-14
B001138RQ4,2023-09-11
B001138RQ4,2023-10-09
B001138RQ4,2023-11-06
B001138RQ4,2023-12-04
B001138RQ4,2024-01-01
B001138RQ4,2024-01-29
B0012R3A0C,2023-08-14
B0012R3A0C,2023-09-11
B0012R3A0C,2023-10-09
B0012R3A0C,2023-11-06
B0012R3A0C,2023-12-04
B0012R3A0C,2024-01-01
B0012R3A0C,2024-01-29
B0013SMMDG,2023-02-27
B0013SMMDG,2023-03-27
B0013SMMDG,2023-04-24
B0013SMMDG,2023-05-22
B0013SMMDG,2023-06-19
B0013SMMDG,2023-07-17
B0013SMMDG,2023-08-14
B0013SMMDG,2023-09-11
B0013SMMDG,2023-10-09
B0013SMMDG,2023-11-06
B0013SMMDG,2023-12-04
B0013SMMDG,2024-01-01
B0013SMMDG,2024-01-29
B0014TBZ8M,2023-02-27
B0014TBZ8M,2023-03-27
B0014TBZ8M,2023-04-24
B0014TBZ8M,2023-05-22
B0014TBZ8M,2023-06-19
B0014TBZ8M,2023-07-17
B0014TBZ8M,2023-08-14
B0014TBZ8M,2023-09-11
B0014TBZ8M,2023-10-09
B0014TBZ8M,2023-11-06
B0014TBZ8M,2023-12-04
B0014TBZ8M,2024-01-01
B0014TBZ8M,2024-01-29
B001528DLK,2023-02-27
B001528DLK,2023-03-27
B001528DLK,2023-04-24
B001528DLK,2023-05-22
B001528DLK,2023-06-19
B001528DLK,2023-07-17
B001528DLK,2023-08-14
B001528DLK,2023-09-11
B001528DLK,2023-10-09
B001528DLK,2023-11-06
B001528DLK,2023-12-04
B001528DLK,2024-01-01
B001528DLK,2024-01-29
B0019AISIQ,2023-02-27
B0019AISIQ,2023-03-27
B0019AISIQ,2023-04-24
B0019AISIQ,2023-05-22
B0019AISIQ,2023-06-19
B0019AISIQ,2023-07-17
B0019AISIQ,2023-08-14
B0019AISIQ,2023-09-11
B0019AISIQ,2023-10-09
B0019AISIQ,2023-11-06
B0019AISIQ,2023-12-04
B0019AISIQ,2024-01-01
B0019AISIQ,2024-01-29
B0019JZ0HO,2023-06-19
B0019JZ0HO,2023-07-17
B0019JZ0HO,2023-08-14
B0019JZ0HO,2023-09-11
B0019JZ0HO,2023-10-09
B0019JZ0HO,2023-11-06
B0019JZ0HO,2023-12-04
B0019JZ0HO,2024-01-01
B0019JZ0HO,2024-01-29
B001AEDOGC,2023-02-27
B001AEDOGC,2023-03-27
B001AEDOGC,2023-04-24
B001AEDOGC,2023-05-22
B001AEDOGC,2023-06-19
B001AEDOGC,2023-07-17
B001AEDOGC,2023-08-14
B001AEDOGC,2023-09-11
B001AEDOGC,2023-10-09
B001AEDOGC,2023-11-06
B001AEDOGC,2023-12-04
B001AEDOGC,2024-01-01
B001AEDOGC,2024-01-29
B001BQR4U6,2023-02-27
B001BQR4U6,2023-03-27
B001BQR4U6,2023-04-24
B001BQR4U6,2023-05-22
B001BQR4U6,2023-06-19
B001BQR4U6,2023-07-17
B001BQR4U6,2023-08-14
B001BQR4U6,2023-09-11
B001BQR4U6,2023-10-09
B001BQR4U6,2023-11-06
B001BQR4U6,2023-12-04
B001BQR4U6,2024-01-01
B001BQR4U6,2024-01-29
B001EHEH9S,2023-02-27
B001EHEH9S,2023-03-27
B001EHEH9S,2023-04-24
B001EHEH9S,2023-05-22
B001EHEH9S,2023-06-19
B001EHEH9S,2023-07-17
B001EHEH9S,2023-08-14
B001EHEH9S,2023-09-11
B001EHEH9S,2023-10-09
B001EHEH9S,2023-11-06
B001EHEH9S,2023-12-04
B001EHEH9S,2024-01-01
B001EHEH9S,2024-01-29
B001GEXMY0,2023-02-27
B001GEXMY0,2023-03-27
B001GEXMY0,2023-04-24
B001GEXMY0,2023-05-22
B001GEXMY0,2023-06-19
B001GEXMY0,2023-07-17
B001GEXMY0,2023-08-14
B001GEXMY0,2023-09-11
B001GEXMY0,2023-10-09
B001GEXMY0,2023-11-06
B001GEXMY0,2023-12-04
B001GEXMY0,2024-01-01
B001GEXMY0,2024-01-29
B001Q3KUA0,2023-02-27
B001Q3KUA0,2023-03-27
B001Q3KUA0,2023-04-24
B001Q3KUA0,2023-05-22
B001Q3KUA0,2023-06-19
B001Q3KUA0,2023-07-17
B001Q3KUA0,2023-08-14
B001Q3KUA0,2023-09-11
B001Q3KUA0,2023-10-09
B001Q3KUA0,2023-11-06
B001Q3KUA0,2023-12-04
B001Q3KUA0,2024-01-01
B001Q3KUA0,2024-01-29
B001RUY3GE,2023-02-27
B001RUY3GE,2023-03-27
B001RUY3GE,2023-04-24
B001RUY3GE,2023-05-22
B001RUY3GE,2023-06-19
B001RUY3GE,2023-07-17
B001RUY3GE,2023-08-14
B001RUY3GE,2023-09-11
B001RUY3GE,2023-10-09
B001RUY3GE,2023-11-06
B001RUY3GE,2023-12-04
B001RUY3GE,2024-01-01
B001RUY3GE,2024-01-29
B001TLRV9W,2023-02-27
B001TLRV9W,2023-03-27
B001TLRV9W,2023-04-24
B001TLRV9W,2023-05-22
B001TLRV9W,2023-06-19
B001TLRV9W,2023-07-17
B001TLRV9W,2023-08-14
B001TLRV9W,2023-09-11
B001TLRV9W,2023-10-09
B001TLRV9W,2023-11-06
B001TLRV9W,2023-12-04
B001TLRV9W,2024-01-01
B001TLRV9W,2024-01-29
B001V5YTM8,2023-02-27
B001V5YTM8,2023-03-27
B001V5YTM8,2023-04-24
B001V5YTM8,2023-05-22
B001V5YTM8,2023-06-19
B001V5YTM8,2023-07-17
B001V5YTM8,2023-08-14
B001V5YTM8,2023-09-11
B001V5YTM8,2023-10-09
B001V5YTM8,2023-11-06
B001V5YTM8,2023-12-04
B001V5YTM8,2024-01-01
B001V5YTM8,2024-01-29
B001VNC6ZC,2023-04-24
B001VNC6ZC,2023-05-22
B001VNC6ZC,2023-06-19
B001VNC6ZC,2023-07-17
B001VNC6ZC,2023-08-14
B001VNC6ZC,2023-09-11
B001VNC6ZC,2023-10-09
B001VNC6ZC,2023-11-06
B001VNC6ZC,2023-12-04
B001VNC6ZC,2024-01-01
B001VNC6ZC,2024-01-29
B001W03UXQ,2023-02-27
B001W03UXQ,2023-03-27
B001W03UXQ,2023-04-24
B001W03UXQ,2023-05-22
B001W03UXQ,2023-06-19
B001W03UXQ,2023-07-17
B001W03UXQ,2023-08-14
B001W03UXQ,2023-09-11
B001W03UXQ,2023-10-09
B001W03UXQ,2023-11-06
B001W03UXQ,2023-12-04
B001W03UXQ,2024-01-01
B001W03UXQ,2024-01-29
B001W8ZH2U,2023-02-27
B001W8ZH2U,2023-03-27
B001W8ZH2U,2023-04-24
B001W8ZH2U,2023-05-22
B001W8ZH2U,2023-06-19
B001W8ZH2U,2023-07-17
B001W8ZH2U,2023-08-14
B001W8ZH2U,2023-09-11
B001W8ZH2U,2023-10-09
B001W8ZH2U,2023-11-06
B001W8ZH2U,2023-12-04
B001W8ZH2U,2024-01-01
B001W8ZH2U,2024-01-29
B0026R7HC4,2023-02-27
B0026R7HC4,2023-03-27
B0026R7HC4,2023-04-24
B0026R7HC4,2023-05-22
B0026R7HC4,2023-06-19
B0026R7HC4,2023-07-17
B0026R7HC4,2023-08-14
B0026R7HC4,2023-09-11
B0026R7HC4,2023-10-09
B0026R7HC4,2023-11-06
B0026R7HC4,2023-12-04
B0026R7HC4,2024-01-01
B0026R7HC4,2024-01-29
B002C01O88,2023-02-27
B002C01O88,2023-03-27
B002C01O88,2023-04-24
B002C01O88,2023-05-22
B002C01O88,2023-06-19
B002C01O88,2023-07-17
B002C01O88,2023-08-14
B002C01O88,2023-09-11
B002C01O88,2023-10-09
B002C01O88,2023-11-06
B002C01O88,2023-12-04
B002C01O88,2024-01-01
B002C01O88,2024-01-29
B002GFR11I,2023-02-27
B002GFR11I,2023-03-27
B002GFR11I,2023-04-24
B002GFR11I,2023-05-22
B002GFR11I,2023-06-19
B002GFR11I,2023-07-17
B002GFR11I,2023-08-14
B002GFR11I,2023-09-11
B002GFR11I,2023-10-09
B002GFR11I,2023-11-06
B002GFR11I,2023-12-04
B002GFR11I,2024-01-01
B002GFR11I,2024-01-29
B002JT9Y70,2023-02-27
B002JT9Y70,2023-03-27
B002JT9Y70,2023-04-24
B002JT9Y70,2023-05-22
B002JT9Y70,2023-06-19
B002JT9Y70,2023-07-17
B002JT9Y70,2023-08-14
B002JT9Y70,2023-09-11
B002JT9Y70,2023-10-09
B002JT9Y70,2023-11-06
B002JT9Y70,2023-12-04
B002JT9Y70,2024-01-01
B002JT9Y70,2024-01-29
B002JYTFRE,2023-02-27
B002JYTFRE,2023-03-27
B002JYTFRE,2023-04-24
B002JYTFRE,2023-05-22
B002JYTFRE,2023-06-19
B002JYTFRE,2023-07-17
B002JYTFRE,2023-08-14
B002JYTFRE,2023-09-11
B002JYTFRE,2023-10-09
B002JYTFRE,2023-11-06
B002JYTFRE,2023-12-04
B002JYTFRE,2024-01-01
B002JYTFRE,2024-01-29
B002L3T9YC,2023-02-27
B002L3T9YC,2023-03-27
B002L3T9YC,2023-04-24
B002L3T9YC,2023-05-22
B002L3T9YC,2023-06-19
B002L3T9YC,2023-07-17
B002L3T9YC,2023-08-14
B002L3T9YC,2023-09-11
B002L3T9YC,2023-10-09
B002L3T9YC,2023-11-06
B002L3T9YC,2023-12-04
B002L3T9YC,2024-01-01
B002L3T9YC,2024-01-29
B002LQV7MQ,2023-02-27
B002LQV7MQ,2023-03-27
B002LQV7MQ,2023-04-24
B002LQV7MQ,2023-05-22
B002LQV7MQ,2023-06-19
B002LQV7MQ,2023-07-17
B002LQV7MQ,2023-08-14
B002LQV7MQ,2023-09-11
B002LQV7MQ,2023-10-09
B002LQV7MQ,2023-11-06
B002LQV7MQ,2023-12-04
B002LQV7MQ,2024-01-01
B002LQV7MQ,2024-01-29
B002M78LOQ,2023-02-27
B002M78LOQ,2023-03-27
B002M78LOQ,2023-04-24
B002M78LOQ,2023-05-22
B002M78LOQ,2023-06-19
B002M78LOQ,2023-07-17
B002M78LOQ,2023-08-14
B002M78LOQ,2023-09-11
B002M78LOQ,2023-10-09
B002M78LOQ,2023-11-06
B002M78LOQ,2023-12-04
B002M78LOQ,2024-01-01
B002M78LOQ,2024-01-29
B002R2OBSQ,2023-02-27
B002R2OBSQ,2023-03-27
B002R2OBSQ,2023-04-24
B002R2OBSQ,2023-05-22
B002R2OBSQ,2023-06-19
B002R2OBSQ,2023-07-17
B002R2OBSQ,2023-08-14
B002R2OBSQ,2023-09-11
B002R2OBSQ,2023-10-09
B002R2OBSQ,2023-11-06
B002R2OBSQ,2023-12-04
B002R2OBSQ,2024-01-01
B002R2OBSQ,2024-01-29
B002RQU3VQ,2023-02-27
B002RQU3VQ,2023-03-27
B002RQU3VQ,2023-04-24
B002RQU3VQ,2023-05-22
B002RQU3VQ,2023-06-19
B002RQU3VQ,2023-07-17
B002RQU3VQ,2023-08-14
B002RQU3VQ,2023-09-11
B002RQU3VQ,2023-10-09
B002RQU3VQ,2023-11-06
B002RQU3VQ,2023-12-04
B002RQU3VQ,2024-01-01
B002RQU3VQ,2024-01-29
B002WT2RKS,2023-02-27
B002WT2RKS,2023-03-27
B002WT2RKS,2023-04-24
B002WT2RKS,2023-05-22
B002WT2RKS,2023-06-19
B002WT2RKS,2023-07-17
B002WT2RKS,2023-08-14
B002WT2RKS,2023-09-11
B002WT2RKS,2023-10-09
B002WT2RKS,2023-11-06
B002WT2RKS,2023-12-04
B002WT2RKS,2024-01-01
B002WT2RKS,2024-01-29
B002XXX23O,2023-02-27
B002XXX23O,2023-03-27
B002XXX23O,2023-04-24
B002XXX23O,2023-05-22
B002XXX23O,2023-06-19
B002XXX23O,2023-07-17
B002XXX23O,2023-08-14
B002XXX23O,2023-09-11
B002XXX23O,2023-10-09
B002XXX23O,2023-11-06
B002XXX23O,2023-12-04
B002XXX23O,2024-01-01
B002XXX23O,2024-01-29
B0033ET6QY,2023-02-27
B0033ET6QY,2023-03-27
B0033ET6QY,2023-04-24
B0033ET6QY,2023-05-22
B0033ET6QY,2023-06-19
B0033ET6QY,2023-07-17
B0033ET6QY,2023-08-14
B0033ET6QY,2023-09-11
B0033ET6QY,2023-10-09
B0033ET6QY,2023-11-06
B0033ET6QY,2023-12-04
B0033ET6QY,2024-01-01
B0033ET6QY,2024-01-29
B0036GC9XQ,2023-07-17
B0036GC9XQ,2023-08-14
B0036GC9XQ,2023-09-11
B0036GC9XQ,2023-10-09
B0036GC9XQ,2023-11-06
B0036GC9XQ,2023-12-04
B0036GC9XQ,2024-01-01
B0036GC9XQ,2024-01-29
B0036WSVOQ,2023-02-27
B0036WSVOQ,2023-03-27
B0036WSVOQ,2023-04-24
B0036WSVOQ,2023-05-22
B0036WSVOQ,2023-06-19
B0036WSVOQ,2023-07-17
B0036WSVOQ,2023-08-14
B0036WSVOQ,2023-09-11
B0036WSVOQ,2023-10-09
B0036WSVOQ,2023-11-06
B0036WSVOQ,2023-12-04
B0036WSVOQ,2024-01-01
B0036WSVOQ,2024-01-29
B0037UT3E4,2023-02-27
B0037UT3E4,2023-03-27
B0037UT3E4,2023-04-24
B0037UT3E4,2023-05-22
B0037UT3E4,2023-06-19
B0037UT3E4,2023-07-17
B0037UT3E4,2023-08-14
B0037UT3E4,2023-09-11
B0037UT3E4,2023-10-09
B0037UT3E4,2023-11-06
B0037UT3E4,2023-12-04
B0037UT3E4,2024-01-01
B0037UT3E4,2024-01-29
B00397Q46A,2023-02-27
B00397Q46A,2023-03-27
B00397Q46A,2023-04-24
B00397Q46A,2023-05-22
B00397Q46A,2023-06-19
B00397Q46A,2023-07-17
B00397Q46A,2023-08-14
B00397Q46A,2023-09-11
B00397Q46A,2023-10-09
B00397Q46A,2023-11-06
B00397Q46A,2023-12-04
B00397Q46A,2024-01-01
B00397Q46A,2024-01-29
B003AVWOMS,2023-02-27
B003AVWOMS,2023-03-27
B003AVWOMS,2023-04-24
B003AVWOMS,2023-05-22
B003AVWOMS,2023-06-19
B003AVWOMS,2023-07-17
B003AVWOMS,2023-08-14
B003AVWOMS,2023-09-11
B003AVWOMS,2023-10-09
B003AVWOMS,2023-11-06
B003AVWOMS,2023-12-04
B003AVWOMS,2024-01-01
B003AVWOMS,2024-01-29
B003CNX0LI,2023-02-27
B003CNX0LI,2023-03-27
B003CNX0LI,2023-04-24
B003CNX0LI,2023-05-22
B003CNX0LI,2023-06-19
B003CNX0LI,2023-07-17
B003CNX0LI,2023-08-14
B003CNX0LI,2023-09-11
B003CNX0LI,2023-10-09
B003CNX0LI,2023-11-06
B003CNX0LI,2023-12-04
B003CNX0LI,2024-01-01
B003CNX0LI,2024-01-29
B003CSLPSI,2023-02-27
B003CSLPSI,2023-03-27
B003CSLPSI,2023-04-24
B003CSLPSI,2023-05-22
B003CSLPSI,2023-06-19
B003CSLPSI,2023-07-17
B003CSLPSI,2023-08-14
B003CSLPSI,2023-09-11
B003CSLPSI,2023-10-09
B003CSLPSI,2023-11-06
B003CSLPSI,2023-12-04
B003CSLPSI,2024-01-01
B003CSLPSI,2024-01-29
B003D8O2UA,2023-02-27
B003D8O2UA,2023-03-27
B003D8O2UA,2023-04-24
B003D8O2UA,2023-05-22
B003D8O2UA,2023-06-19
B003D8O2UA,2023-07-17
B003D8O2UA,2023-08-14
B003D8O2UA,2023-09-11
B003D8O2UA,2023-10-09
B003D8O2UA,2023-11-06
B003D8O2UA,2023-12-04
B003D8O2UA,2024-01-01
B003D8O2UA,2024-01-29
B003EVT9L8,2023-02-27
B003EVT9L8,2023-03-27
B003EVT9L8,2023-04-24
B003EVT9L8,2023-05-22
B003EVT9L8,2023-06-19
B003EVT9L8,2023-07-17
B003EVT9L8,2023-08-14
B003EVT9L8,2023-09-11
B003EVT9L8,2023-10-09
B003EVT9L8,2023-11-06
B003EVT9L8,2023-12-04
B003EVT9L8,2024-01-01
B003EVT9L8,2024-01-29
B003F62X24,2023-02-27
B003F62X24,2023-03-27
B003F62X24,2023-04-24
B003F62X24,2023-05-22
B003F62X24,2023-06-19
B003F62X24,2023-07-17
B003F62X24,2023-08-14
B003F62X24,2023-09-11
B003F62X24,2023-10-09
B003F62X24,2023-11-06
B003F62X24,2023-12-04
B003F62X24,2024-01-01
B003F62X24,2024-01-29
B003FW0YZG,2023-02-27
B003FW0YZG,2023-03-27
B003FW0YZG,2023-04-24
B003FW0YZG,2023-05-22
B003FW0YZG,2023-06-19
B003FW0YZG,2023-07-17
B003FW0YZG,2023-08-14
B003FW0YZG,2023-09-11
B003FW0YZG,2023-10-09
B003FW0YZG,2023-11-06
B003FW0YZG,2023-12-04
B003FW0YZG,2024-01-01
B003FW0YZG,2024-01-29
B003G23P42,2023-02-27
B003G23P42,2023-03-27
B003G23P42,2023-04-24
B003G23P42,2023-05-22
B003G23P42,2023-06-19
B003G23P42,2023-07-17
B003G23P42,2023-08-14
B003G23P42,2023-09-11
B003G23P42,2023-10-09
B003G23P42,2023-11-06
B003G23P42,2023-12-04
B003G23P42,2024-01-01
B003G23P42,2024-01-29
B003IT5QDG,2023-02-27
B003IT5QDG,2023-03-27
B003IT5QDG,2023-04-24
B003IT5QDG,2023-05-22
B003IT5QDG,2023-06-19
B003IT5QDG,2023-07-17
B003IT5QDG,2023-08-14
B003IT5QDG,2023-09-11
B003IT5QDG,2023-10-09
B003IT5QDG,2023-11-06
B003IT5QDG,2023-12-04
B003IT5QDG,2024-01-01
B003IT5QDG,2024-01-29
B003IT5RA8,2023-02-27
B003IT5RA8,2023-03-27
B003IT5RA8,2023-04-24
B003IT5RA8,2023-05-22
B003IT5RA8,2023-06-19
B003IT5RA8,2023-07-17
B003IT5RA8,2023-08-14
B003IT5RA8,2023-09-11
B003IT5RA8,2023-10-09
B003IT5RA8,2023-11-06
B003IT5RA8,2023-12-04
B003IT5RA8,2024-01-01
B003IT5RA8,2024-01-29
B003MP9NFS,2023-11-06
B003MP9NFS,2023-12-04
B003MP9NFS,2024-01-01
B003MP9NFS,2024-01-29
B003PATHLU,2023-02-27
B003PATHLU,2023-03-27
B003PATHLU,2023-04-24
B003PATHLU,2023-05-22
B003PATHLU,2023-06-19
B003PATHLU,2023-07-17
B003PATHLU,2023-08-14
B003PATHLU,2023-09-11
B003PATHLU,2023-10-09
B003PATHLU,2023-11-06
B003PATHLU,2023-12-04
B003PATHLU,2024-01-01
B003PATHLU,2024-01-29
B003RFZLN6,2023-02-27
B003RFZLN6,2023-03-27
B003RFZLN6,2023-04-24
B003RFZLN6,2023-05-22
B003RFZLN6,2023-06-19
B003RFZLN6,2023-07-17
B003RFZLN6,2023-08-14
B003RFZLN6,2023-09-11
B003RFZLN6,2023-10-09
B003RFZLN6,2023-11-06
B003RFZLN6,2023-12-04
B003RFZLN6,2024-01-01
B003RFZLN6,2024-01-29
B003V71FE4,2023-02-27
B003V71FE4,2023-03-27
B003V71FE4,2023-04-24
B003V71FE4,2023-05-22
B003V71FE4,2023-06-19
B003V71FE4,2023-07-17
B003V71FE4,2023-08-14
B003V71FE4,2023-09-11
B003V71FE4,2023-10-09
B003V71FE4,2023-11-06
B003V71FE4,2023-12-04
B003V71FE4,2024-01-01
B003V71FE4,2024-01-29
B003W0JXR6,2023-02-27
B003W0JXR6,2023-03-27
B003W0JXR6,2023-04-24
B003W0JXR6,2023-05-22
B003W0JXR6,2023-06-19
B003W0JXR6,2023-07-17
B003W0JXR6,2023-08-14
B003W0JXR6,2023-09-11
B003W0JXR6,2023-10-09
B003W0JXR6,2023-11-06
B003W0JXR6,2023-12-04
B003W0JXR6,2024-01-01
B003W0JXR6,2024-01-29
B003WMC6U0,2023-02-27
B003WMC6U0,2023-03-27
B003WMC6U0,2023-04-24
B003WMC6U0,2023-05-22
B003WMC6U0,2023-06-19
B003WMC6U0,2023-07-17
B003WMC6U0,2023-08-14
B003WMC6U0,2023-09-11
B003WMC6U0,2023-10-09
B003WMC6U0,2023-11-06
B003WMC6U0,2023-12-04
B003WMC6U0,2024-01-01
B003WMC6U0,2024-01-29
B003XS0JO8,2023-02-27
B003XS0JO8,2023-03-27
B003XS0JO8,2023-04-24
B003XS0JO8,2023-05-22
B003XS0JO8,2023-06-19
B003XS0JO8,2023-07-17
B003XS0JO8,2023-08-14
B003XS0JO8,2023-09-11
B003XS0JO8,2023-10-09
B003XS0JO8,2023-11-06
B003XS0JO8,2023-12-04
B003XS0JO8,2024-01-01
B003XS0JO8,2024-01-29
B003XWZZJI,2023-02-27
B003XWZZJI,2023-03-27
B003XWZZJI,2023-04-24
B003XWZZJI,2023-05-22
B003XWZZJI,2023-06-19
B003XWZZJI,2023-07-17
B003XWZZJI,2023-08-14
B003XWZZJI,2023-09-11
B003XWZZJI,2023-10-09
B003XWZZJI,2023-11-06
B003XWZZJI,2023-12-04
B003XWZZJI,2024-01-01
B003XWZZJI,2024-01-29
B003ZHY0KG,2023-02-27
B003ZHY0KG,2023-03-27
B003ZHY0KG,2023-04-24
B003ZHY0KG,2023-05-22
B003ZHY0KG,2023-06-19
B003ZHY0KG,2023-07-17
B003ZHY0KG,2023-08-14
B003ZHY0KG,2023-09-11
B003ZHY0KG,2023-10-09
B003ZHY0KG,2023-11-06
B003ZHY0KG,2023-12-04
B003ZHY0KG,2024-01-01
B003ZHY0KG,2024-01-29
B003ZWH7C4,2023-02-27
B003ZWH7C4,2023-03-27
B003ZWH7C4,2023-04-24
B003ZWH7C4,2023-05-22
B003ZWH7C4,2023-06-19
B003ZWH7C4,2023-07-17
B003ZWH7C4,2023-08-14
B003ZWH7C4,2023-09-11
B003ZWH7C4,2023-10-09
B003ZWH7C4,2023-11-06
B003ZWH7C4,2023-12-04
B003ZWH7C4,2024-01-01
B003ZWH7C4,2024-01-29
B003ZWJ4BQ,2023-03-27
B003ZWJ4BQ,2023-04-24
B003ZWJ4BQ,2023-05-22
B003ZWJ4BQ,2023-06-19
B003ZWJ4BQ,2023-07-17
B003ZWJ4BQ,2023-08-14
B003ZWJ4BQ,2023-09-11
B003ZWJ4BQ,2023-10-09
B003ZWJ4BQ,2023-11-06
B003ZWJ4BQ,2023-12-04
B003ZWJ4BQ,2024-01-01
B003ZWJ4BQ,2024-01-29
B0043YFA6I,2023-02-27
B0043YFA6I,2023-03-27
B0043YFA6I,2023-04-24
B0043YFA6I,2023-05-22
B0043YFA6I,2023-06-19
B0043YFA6I,2023-07-17
B0043YFA6I,2023-08-14
B0043YFA6I,2023-09-11
B0043YFA6I,2023-10-09
B0043YFA6I,2023-11-06
B0043YFA6I,2023-12-04
B0043YFA6I,2024-01-01
B0043YFA6I,2024-01-29
B00456O772,2023-02-27
B00456O772,2023-03-27
B00456O772,2023-04-24
B00456O772,2023-05-22
B00456O772,2023-06-19
B00456O772,2023-07-17
B00456O772,2023-08-14
B00456O772,2023-09-11
B00456O772,2023-10-09
B00456O772,2023-11-06
B00456O772,2023-12-04
B00456O772,2024-01-01
B00456O772,2024-01-29
B00464BOYM,2023-02-27
B00464BOYM,2023-03-27
B00464BOYM,2023-04-24
B00464BOYM,2023-05-22
B00464BOYM,2023-06-19
B00464BOYM,2023-07-17
B00464BOYM,2023-08-14
B00464BOYM,2023-09-11
B00464BOYM,2023-10-09
B00464BOYM,2023-11-06
B00464BOYM,2023-12-04
B00464BOYM,2024-01-01
B00464BOYM,2024-01-29
B0047BJIBU,2023-02-27
B0047BJIBU,2023-03-27
B0047BJIBU,2023-04-24
B0047BJIBU,2023-05-22
B0047BJIBU,2023-06-19
B0047BJIBU,2023-07-17
B0047BJIBU,2023-08-14
B0047BJIBU,2023-09-11
B0047BJIBU,2023-10-09
B0047BJIBU,2023-11-06
B0047BJIBU,2023-12-04
B0047BJIBU,2024-01-01
B0047BJIBU,2024-01-29
B0049YE0TU,2023-02-27
B0049YE0TU,2023-03-27
B0049YE0TU,2023-04-24
B0049YE0TU,2023-05-22
B0049YE0TU,2023-06-19
B0049YE0TU,2023-07-17
B0049YE0TU,2023-08-14
B0049YE0TU,2023-09-11
B0049YE0TU,2023-10-09
B0049YE0TU,2023-11-06
B0049YE0TU,2023-12-04
B0049YE0TU,2024-01-01
B0049YE0TU,2024-01-29
B004JPSFI6,2023-02-27
B004JPSFI6,2023-03-27
B004JPSFI6,2023-04-24
B004JPSFI6,2023-05-22
B004JPSFI6,2023-06-19
B004JPSFI6,2023-07-17
B004JPSFI6,2023-08-14
B004JPSFI6,2023-09-11
B004JPSFI6,2023-10-09
B004JPSFI6,2023-11-06
B004JPSFI6,2023-12-04
B004JPSFI6,2024-01-01
B004JPSFI6,2024-01-29
B004JZYGQ6,2023-02-27
B004JZYGQ6,2023-03-27
B004JZYGQ6,2023-04-24
B004JZYGQ6,2023-05-22
B004JZYGQ6,2023-06-19
B004JZYGQ6,2023-07-17
B004JZYGQ6,2023-08-14
B004JZYGQ6,2023-09-11
B004JZYGQ6,2023-10-09
B004JZYGQ6,2023-11-06
B004JZYGQ6,2023-12-04
B004JZYGQ6,2024-01-01
B004JZYGQ6,2024-01-29
B004K6KM8K,2023-02-27
B004K6KM8K,2023-03-27
B004K6KM8K,2023-04-24
B004K6KM8K,2023-05-22
B004K6KM8K,2023-06-19
B004K6KM8K,2023-07-17
B004K6KM8K,2023-08-14
B004K6KM8K,2023-09-11
B004K6KM8K,2023-10-09
B004K6KM8K,2023-11-06
B004K6KM8K,2023-12-04
B004K6KM8K,2024-01-01
B004K6KM8K,2024-01-29
B004KU839Q,2023-02-27
B004KU839Q,2023-03-27
B004KU839Q,2023-04-24
B004KU839Q,2023-05-22
B004KU839Q,2023-06-19
B004KU839Q,2023-07-17
B004KU839Q,2023-08-14
B004KU839Q,2023-09-11
B004KU839Q,2023-10-09
B004KU839Q,2023-11-06
B004KU839Q,2023-12-04
B004KU839Q,2024-01-01
B004KU839Q,2024-01-29
B004LLVVTS,2023-02-27
B004LLVVTS,2023-03-27
B004LLVVTS,2023-04-24
B004LLVVTS,2023-05-22
B004LLVVTS,2023-06-19
B004LLVVTS,2023-07-17
B004LLVVTS,2023-08-14
B004LLVVTS,2023-09-11
B004LLVVTS,2023-10-09
B004LLVVTS,2023-11-06
B004LLVVTS,2023-12-04
B004LLVVTS,2024-01-01
B004LLVVTS,2024-01-29
B004LQC5UW,2023-02-27
B004LQC5UW,2023-03-27
B004LQC5UW,2023-04-24
B004LQC5UW,2023-05-22
B004LQC5UW,2023-06-19
B004LQC5UW,2023-07-17
B004LQC5UW,2023-08-14
B004LQC5UW,2023-09-11
B004LQC5UW,2023-10-09
B004LQC5UW,2023-11-06
B004LQC5UW,2023-12-04
B004LQC5UW,2024-01-01
B004LQC5UW,2024-01-29
B004NGZL7O,2023-02-27
B004NGZL7O,2023-03-27
B004NGZL7O,2023-04-24
B004NGZL7O,2023-05-22
B004NGZL7O,2023-06-19
B004NGZL7O,2023-07-17
B004NGZL7O,2023-08-14
B004NGZL7O,2023-09-11
B004NGZL7O,2023-10-09
B004NGZL7O,2023-11-06
B004NGZL7O,2023-12-04
B004NGZL7O,2024-01-01
B004NGZL7O,2024-01-29
B004SCEV2E,2023-02-27
B004SCEV2E,2023-03-27
B004SCEV2E,2023-04-24
B004SCEV2E,2023-05-22
B004SCEV2E,2023-06-19
B004SCEV2E,2023-07-17
B004SCEV2E,2023-08-14
B004SCEV2E,2023-09-11
B004SCEV2E,2023-10-09
B004SCEV2E,2023-11-06
B004SCEV2E,2023-12-04
B004SCEV2E,2024-01-01
B004SCEV2E,2024-01-29
B004SJFTUA,2023-02-27
B004SJFTUA,2023-03-27
B004SJFTUA,2023-04-24
B004SJFTUA,2023-05-22
B004SJFTUA,2023-06-19
B004SJFTUA,2023-07-17
B004SJFTUA,2023-08-14
B004SJFTUA,2023-09-11
B004SJFTUA,2023-10-09
B004SJFTUA,2023-11-06
B004SJFTUA,2023-12-04
B004SJFTUA,2024-01-01
B004SJFTUA,2024-01-29
B004U5C392,2023-02-27
B004U5C392,2023-03-27
B004U5C392,2023-04-24
B004U5C392,2023-05-22
B004U5C392,2023-06-19
B004U5C392,2023-07-17
B004U5C392,2023-08-14
B004U5C392,2023-09-11
B004U5C392,2023-10-09
B004U5C392,2023-11-06
B004U5C392,2023-12-04
B004U5C392,2024-01-01
B004U5C392,2024-01-29
B004UIUGMU,2023-02-27
B004UIUGMU,2023-03-27
B004UIUGMU,2023-04-24
B004UIUGMU,2023-05-22
B004UIUGMU,2023-06-19
B004UIUGMU,2023-07-17
B004UIUGMU,2023-08-14
B004UIUGMU,2023-09-11
B004UIUGMU,2023-10-09
B004UIUGMU,2023-11-06
B004UIUGMU,2023-12-04
B004UIUGMU,2024-01-01
B004UIUGMU,2024-01-29
B004VV8790,2023-04-24
B004VV8790,2023-05-22
B004VV8790,2023-06-19
B004VV8790,2023-07-17
B004VV8790,2023-08-14
B004VV8790,2023-09-11
B004VV8790,2023-10-09
B004VV8790,2023-11-06
B004VV8790,2023-12-04
B004VV8790,2024-01-01
B004VV8790,2024-01-29
B004W4NGLA,2023-02-27
B004W4NGLA,2023-03-27
B004W4NGLA,2023-04-24
B004W4NGLA,2023-05-22
B004W4NGLA,2023-06-19
B004W4NGLA,2023-07-17
B004W4NGLA,2023-08-14
B004W4NGLA,2023-09-11
B004W4NGLA,2023-10-09
B004W4NGLA,2023-11-06
B004W4NGLA,2023-12-04
B004W4NGLA,2024-01-01
B004W4NGLA,2024-01-29
B004W4S1D8,2023-02-27
B004W4S1D8,2023-03-27
B004W4S1D8,2023-04-24
B004W4S1D8,2023-05-22
B004W4S1D8,2023-06-19
B004W4S1D8,2023-07-17
B004W4S1D8,2023-08-14
B004W4S1D8,2023-09-11
B004W4S1D8,2023-10-09
B004W4S1D8,2023-11-06
B004W4S1D8,2023-12-04
B004W4S1D8,2024-01-01
B004W4S1D8,2024-01-29
B004WBC024,2023-02-27
B004WBC024,2023-03-27
B004WBC024,2023-04-24
B004WBC024,2023-05-22
B004WBC024,2023-06-19
B004WBC024,2023-07-17
B004WBC024,2023-08-14
B004WBC024,2023-09-11
B004WBC024,2023-10-09
B004WBC024,2023-11-06
B004WBC024,2023-12-04
B004WBC024,2024-01-01
B004WBC024,2024-01-29
B004X6XKYU,2023-02-27
B004X6XKYU,2023-03-27
B004X6XKYU,2023-04-24
B004X6XKYU,2023-05-22
B004X6XKYU,2023-06-19
B004X6XKYU,2023-07-17
B004X6XKYU,2023-08-14
B004X6XKYU,2023-09-11
B004X6XKYU,2023-10-09
B004X6XKYU,2023-11-06
B004X6XKYU,2023-12-04
B004X6XKYU,2024-01-01
B004X6XKYU,2024-01-29
B004Y7OJWK,2023-02-27
B004Y7OJWK,2023-03-27
B004Y7OJWK,2023-04-24
B004Y7OJWK,2023-05-22
B004Y7OJWK,2023-06-19
B004Y7OJWK,2023-07-17
B004Y7OJWK,2023-08-14
B004Y7OJWK,2023-09-11
B004Y7OJWK,2023-10-09
B004Y7OJWK,2023-11-06
B004Y7OJWK,2023-12-04
B004Y7OJWK,2024-01-01
B004Y7OJWK,2024-01-29
B0050K0AAK,2023-02-27
B0050K0AAK,2023-03-27
B0050K0AAK,2023-04-24
B0050K0AAK,2023-05-22
B0050K0AAK,2023-06-19
B0050K0AAK,2023-07-17
B0050K0AAK,2023-08-14
B0050K0AAK,2023-09-11
B0050K0AAK,2023-10-09
B0050K0AAK,2023-11-06
B0050K0AAK,2023-12-04
B0050K0AAK,2024-01-01
B0050K0AAK,2024-01-29
B0050KIPEI,2023-02-27
B0050KIPEI,2023-03-27
B0050KIPEI,2023-04-24
B0050KIPEI,2023-05-22
B0050KIPEI,2023-06-19
B0050KIPEI,2023-07-17
B0050KIPEI,2023-08-14
B0050KIPEI,2023-09-11
B0050KIPEI,2023-10-09
B0050KIPEI,2023-11-06
B0050KIPEI,2023-12-04
B0050KIPEI,2024-01-01
B0050KIPEI,2024-01-29
B0055BK5VI,2023-02-27
B0055BK5VI,2023-03-27
B0055BK5VI,2023-04-24
B0055BK5VI,2023-05-22
B0055BK5VI,2023-06-19
B0055BK5VI,2023-07-17
B0055BK5VI,2023-08-14
B0055BK5VI,2023-09-11
B0055BK5VI,2023-10-09
B0055BK5VI,2023-11-06
B0055BK5VI,2023-12-04
B0055BK5VI,2024-01-01
B0055BK5VI,2024-01-29
B005IPHUE6,2023-02-27
B005IPHUE6,2023-03-27
B005IPHUE6,2023-04-24
B005IPHUE6,2023-05-22
B005IPHUE6,2023-06-19
B005IPHUE6,2023-07-17
B005IPHUE6,2023-08-14
B005IPHUE6,2023-09-11
B005IPHUE6,2023-10-09
B005IPHUE6,2023-11-06
B005IPHUE6,2023-12-04
B005IPHUE6,2024-01-01
B005IPHUE6,2024-01-29
B005OR93WK,2023-10-09
B005OR93WK,2023-11-06
B005OR93WK,2023-12-04
B005OR93WK,2024-01-01
B005OR93WK,2024-01-29
B005SG2YO6,2023-02-27
B005SG2YO6,2023-03-27
B005SG2YO6,2023-04-24
B005SG2YO6,2023-05-22
B005SG2YO6,2023-06-19
B005SG2YO6,2023-07-17
B005SG2YO6,2023-08-14
B005SG2YO6,2023-09-11
B005SG2YO6,2023-10-09
B005SG2YO6,2023-11-06
B005SG2YO6,2023-12-04
B005SG2YO6,2024-01-01
B005SG2YO6,2024-01-29
B005TKQUMI,2023-02-27
B005TKQUMI,2023-03-27
B005TKQUMI,2023-04-24
B005TKQUMI,2023-05-22
B005TKQUMI,2023-06-19
B005TKQUMI,2023-07-17
B005TKQUMI,2023-08-14
B005TKQUMI,2023-09-11
B005TKQUMI,2023-10-09
B005TKQUMI,2023-11-06
B005TKQUMI,2023-12-04
B005TKQUMI,2024-01-01
B005TKQUMI,2024-01-29
B005U43C24,2023-02-27
B005U43C24,2023-03-27
B005U43C24,2023-04-24
B005U43C24,2023-05-22
B005U43C24,2023-06-19
B005U43C24,2023-07-17
B005U43C24,2023-08-14
B005U43C24,2023-09-11
B005U43C24,2023-10-09
B005U43C24,2023-11-06
B005U43C24,2023-12-04
B005U43C24,2024-01-01
B005U43C24,2024-01-29
B0062VH6RQ,2023-02-27
B0062VH6RQ,2023-03-27
B0062VH6RQ,2023-04-24
B0062VH6RQ,2023-05-22
B0062VH6RQ,2023-06-19
B0062VH6RQ,2023-07-17
B0062VH6RQ,2023-08-14
B0062VH6RQ,2023-09-11
B0062VH6RQ,2023-10-09
B0062VH6RQ,2023-11-06
B0062VH6RQ,2023-12-04
B0062VH6RQ,2024-01-01
B0062VH6RQ,2024-01-29
B006IOCRAI,2023-02-27
B006IOCRAI,2023-03-27
B006IOCRAI,2023-04-24
B006IOCRAI,2023-05-22
B006IOCRAI,2023-06-19
B006IOCRAI,2023-07-17
B006IOCRAI,2023-08-14
B006IOCRAI,2023-09-11
B006IOCRAI,2023-10-09
B006IOCRAI,2023-11-06
B006IOCRAI,2023-12-04
B006IOCRAI,2024-01-01
B006IOCRAI,2024-01-29
B006PAO3L6,2023-02-27
B006PAO3L6,2023-03-27
B006PAO3L6,2023-04-24
B006PAO3L6,2023-05-22
B006PAO3L6,2023-06-19
B006PAO3L6,2023-07-17
B006PAO3L6,2023-08-14
B006PAO3L6,2023-09-11
B006PAO3L6,2023-10-09
B006PAO3L6,2023-11-06
B006PAO3L6,2023-12-04
B006PAO3L6,2024-01-01
B006PAO3L6,2024-01-29
B006UD2RB6,2023-02-27
B006UD2RB6,2023-03-27
B006UD2RB6,2023-04-24
B006UD2RB6,2023-05-22
B006UD2RB6,2023-06-19
B006UD2RB6,2023-07-17
B006UD2RB6,2023-08-14
B006UD2RB6,2023-09-11
B006UD2RB6,2023-10-09
B006UD2RB6,2023-11-06
B006UD2RB6,2023-12-04
B006UD2RB6,2024-01-01
B006UD2RB6,2024-01-29
B006WZNTA0,2023-02-27
B006WZNTA0,2023-03-27
B006WZNTA0,2023-04-24
B006WZNTA0,2023-05-22
B006WZNTA0,2023-06-19
B006WZNTA0,2023-07-17
B006WZNTA0,2023-08-14
B006WZNTA0,2023-09-11
B006WZNTA0,2023-10-09
B006WZNTA0,2023-11-06
B006WZNTA0,2023-12-04
B006WZNTA0,2024-01-01
B006WZNTA0,2024-01-29
B006ZWIVYO,2023-11-06
B006ZWIVYO,2023-12-04
B006ZWIVYO,2024-01-01
B006ZWIVYO,2024-01-29
B0073J9NNQ,2023-02-27
B0073J9NNQ,2023-03-27
B0073J9NNQ,2023-04-24
B0073J9NNQ,2023-05-22
B0073J9NNQ,2023-06-19
B0073J9NNQ,2023-07-17
B0073J9NNQ,2023-08-14
B0073J9NNQ,2023-09-11
B0073J9NNQ,2023-10-09
B0073J9NNQ,2023-11-06
B0073J9NNQ,2023-12-04
B0073J9NNQ,2024-01-01
B0073J9NNQ,2024-01-29
B0074VD6MC,2023-02-27
B0074VD6MC,2023-03-27
B0074VD6MC,2023-04-24
B0074VD6MC,2023-05-22
B0074VD6MC,2023-06-19
B0074VD6MC,2023-07-17
B0074VD6MC,2023-08-14
B0074VD6MC,2023-09-11
B0074VD6MC,2023-10-09
B0074VD6MC,2023-11-06
B0074VD6MC,2023-12-04
B0074VD6MC,2024-01-01
B0074VD6MC,2024-01-29
B007922UYQ,2023-02-27
B007922UYQ,2023-03-27
B007922UYQ,2023-04-24
B007922UYQ,2023-05-22
B007922UYQ,2023-06-19
B007922UYQ,2023-07-17
B007922UYQ,2023-08-14
B007922UYQ,2023-09-11
B007922UYQ,2023-10-09
B007922UYQ,2023-11-06
B007922UYQ,2023-12-04
B007922UYQ,2024-01-01
B007922UYQ,2024-01-29
B007BYFSUK,2023-02-27
B007BYFSUK,2023-03-27
B007BYFSUK,2023-04-24
B007BYFSUK,2023-05-22
B007BYFSUK,2023-06-19
B007BYFSUK,2023-07-17
B007BYFSUK,2023-08-14
B007BYFSUK,2023-09-11
B007BYFSUK,2023-10-09
B007BYFSUK,2023-11-06
B007BYFSUK,2023-12-04
B007BYFSUK,2024-01-01
B007BYFSUK,2024-01-29
B007GJQUAW,2023-02-27
B007GJQUAW,2023-03-27
B007GJQUAW,2023-04-24
B007GJQUAW,2023-05-22
B007GJQUAW,2023-06-19
B007GJQUAW,2023-07-17
B007GJQUAW,2023-08-14
B007GJQUAW,2023-09-11
B007GJQUAW,2023-10-09
B007GJQUAW,2023-11-06
B007GJQUAW,2023-12-04
B007GJQUAW,2024-01-01
B007GJQUAW,2024-01-29
B007GN44CO,2023-02-27
B007GN44CO,2023-03-27
B007GN44CO,2023-04-24
B007GN44CO,2023-05-22
B007GN44CO,2023-06-19
B007GN44CO,2023-07-17
B007GN44CO,2023-08-14
B007GN44CO,2023-09-11
B007GN44CO,2023-10-09
B007GN44CO,2023-11-06
B007GN44CO,2023-12-04
B007GN44CO,2024-01-01
B007GN44CO,2024-01-29
B007IGRV6U,2023-02-27
B007IGRV6U,2023-03-27
B007IGRV6U,2023-04-24
B007IGRV6U,2023-05-22
B007IGRV6U,2023-06-19
B007IGRV6U,2023-07-17
B007IGRV6U,2023-08-14
B007IGRV6U,2023-09-11
B007IGRV6U,2023-10-09
B007IGRV6U,2023-11-06
B007IGRV6U,2023-12-04
B007IGRV6U,2024-01-01
B007IGRV6U,2024-01-29
B007IGRWFA,2023-02-27
B007IGRWFA,2023-03-27
B007IGRWFA,2023-04-24
B007IGRWFA,2023-05-22
B007IGRWFA,2023-06-19
B007IGRWFA,2023-07-17
B007IGRWFA,2023-08-14
B007IGRWFA,2023-09-11
B007IGRWFA,2023-10-09
B007IGRWFA,2023-11-06
B007IGRWFA,2023-12-04
B007IGRWFA,2024-01-01
B007IGRWFA,2024-01-29
B007KO8TN4,2023-02-27
B007KO8TN4,2023-03-27
B007KO8TN4,2023-04-24
B007KO8TN4,2023-05-22
B007KO8TN4,2023-06-19
B007KO8TN4,2023-07-17
B007KO8TN4,2023-08-14
B007KO8TN4,2023-09-11
B007KO8TN4,2023-10-09
B007KO8TN4,2023-11-06
B007KO8TN4,2023-12-04
B007KO8TN4,2024-01-01
B007KO8TN4,2024-01-29
B007MD7JI4,2023-02-27
B007MD7JI4,2023-03-27
B007MD7JI4,2023-04-24
B007MD7JI4,2023-05-22
B007MD7JI4,2023-06-19
B007MD7JI4,2023-07-17
B007MD7JI4,2023-08-14
B007MD7JI4,2023-09-11
B007MD7JI4,2023-10-09
B007MD7JI4,2023-11-06
B007MD7JI4,2023-12-04
B007MD7JI4,2024-01-01
B007MD7JI4,2024-01-29
B007SNKY1W,2023-02-27
B007SNKY1W,2023-03-27
B007SNKY1W,2023-04-24
B007SNKY1W,2023-05-22
B007SNKY1W,2023-06-19
B007SNKY1W,2023-07-17
B007SNKY1W,2023-08-14
B007SNKY1W,2023-09-11
B007SNKY1W,2023-10-09
B007SNKY1W,2023-11-06
B007SNKY1W,2023-12-04
B007SNKY1W,2024-01-01
B007SNKY1W,2024-01-29
B0080AHHBM,2023-02-27
B0080AHHBM,2023-03-27
B0080AHHBM,2023-04-24
B0080AHHBM,2023-05-22
B0080AHHBM,2023-06-19
B0080AHHBM,2023-07-17
B0080AHHBM,2023-08-14
B0080AHHBM,2023-09-11
B0080AHHBM,2023-10-09
B0080AHHBM,2023-11-06
B0080AHHBM,2023-12-04
B0080AHHBM,2024-01-01
B0080AHHBM,2024-01-29
B0082N4M4W,2023-02-27
B0082N4M4W,2023-03-27
B0082N4M4W,2023-04-24
B0082N4M4W,2023-05-22
B0082N4M4W,2023-06-19
B0082N4M4W,2023-07-17
B0082N4M4W,2023-08-14
B0082N4M4W,2023-09-11
B0082N4M4W,2023-10-09
B0082N4M4W,2023-11-06
B0082N4M4W,2023-12-04
B0082N4M4W,2024-01-01
B0082N4M4W,2024-01-29
B008DVWST4,2023-02-27
B008DVWST4,2023-03-27
B008DVWST4,2023-04-24
B008DVWST4,2023-05-22
B008DVWST4,2023-06-19
B008DVWST4,2023-07-17
B008DVWST4,2023-08-14
B008DVWST4,2023-09-11
B008DVWST4,2023-10-09
B008DVWST4,2023-11-06
B008DVWST4,2023-12-04
B008DVWST4,2024-01-01
B008DVWST4,2024-01-29
B008LQXR82,2023-02-27
B008LQXR82,2023-03-27
B008LQXR82,2023-04-24
B008LQXR82,2023-05-22
B008LQXR82,2023-06-19
B008LQXR82,2023-07-17
B008LQXR82,2023-08-14
B008LQXR82,2023-09-11
B008LQXR82,2023-10-09
B008LQXR82,2023-11-06
B008LQXR82,2023-12-04
B008LQXR82,2024-01-01
B008LQXR82,2024-01-29
B008LQXR9Q,2023-02-27
B008LQXR9Q,2023-03-27
B008LQXR9Q,2023-04-24
B008LQXR9Q,2023-05-22
B008LQXR9Q,2023-06-19
B008LQXR9Q,2023-07-17
B008LQXR9Q,2023-08-14
B008LQXR9Q,2023-09-11
B008LQXR9Q,2023-10-09
B008LQXR9Q,2023-11-06
B008LQXR9Q,2023-12-04
B008LQXR9Q,2024-01-01
B008LQXR9Q,2024-01-29
B008LY4Y68,2023-02-27
B008LY4Y68,2023-03-27
B008LY4Y68,2023-04-24
B008LY4Y68,2023-05-22
B008LY4Y68,2023-06-19
B008LY4Y68,2023-07-17
B008LY4Y68,2023-08-14
B008LY4Y68,2023-09-11
B008LY4Y68,2023-10-09
B008LY4Y68,2023-11-06
B008LY4Y68,2023-12-04
B008LY4Y68,2024-01-01
B008LY4Y68,2024-01-29
B008O4ISF8,2023-02-27
B008O4ISF8,2023-03-27
B008O4ISF8,2023-04-24
B008O4ISF8,2023-05-22
B008O4ISF8,2023-06-19
B008O4ISF8,2023-07-17
B008O4ISF8,2023-08-14
B008O4ISF8,2023-09-11
B008O4ISF8,2023-10-09
B008O4ISF8,2023-11-06
B008O4ISF8,2023-12-04
B008O4ISF8,2024-01-01
B008O4ISF8,2024-01-29
B008Y28HC4,2023-02-27
B008Y28HC4,2023-03-27
B008Y28HC4,2023-04-24
B008Y28HC4,2023-05-22
B008Y28HC4,2023-06-19
B008Y28HC4,2023-07-17
B008Y28HC4,2023-08-14
B008Y28HC4,2023-09-11
B008Y28HC4,2023-10-09
B008Y28HC4,2023-11-06
B008Y28HC4,2023-12-04
B008Y28HC4,2024-01-01
B008Y28HC4,2024-01-29
B009156P8Q,2023-02-27
B009156P8Q,2023-03-27
B009156P8Q,2023-04-24
B009156P8Q,2023-05-22
B009156P8Q,2023-06-19
B009156P8Q,2023-07-17
B009156P8Q,2023-08-14
B009156P8Q,2023-09-11
B009156P8Q,2023-10-09
B009156P8Q,2023-11-06
B009156P8Q,2023-12-04
B009156P8Q,2024-01-01
B009156P8Q,2024-01-29
B009157Q7A,2023-02-27
B009157Q7A,2023-03-27
B009157Q7A,2023-04-24
B009157Q7A,2023-05-22
B009157Q7A,2023-06-19
B009157Q7A,2023-07-17
B009157Q7A,2023-08-14
B009157Q7A,2023-09-11
B009157Q7A,2023-10-09
B009157Q7A,2023-11-06
B009157Q7A,2023-12-04
B009157Q7A,2024-01-01
B009157Q7A,2024-01-29
B0096DCG6I,2023-02-27
B0096DCG6I,2023-03-27
B0096DCG6I,2023-04-24
B0096DCG6I,2023-05-22
B0096DCG6I,2023-06-19
B0096DCG6I,2023-07-17
B0096DCG6I,2023-08-14
B0096DCG6I,2023-09-11
B0096DCG6I,2023-10-09
B0096DCG6I,2023-11-06
B0096DCG6I,2023-12-04
B0096DCG6I,2024-01-01
B0096DCG6I,2024-01-29
B009D95URC,2023-02-27
B009D95URC,2023-03-27
B009D95URC,2023-04-24
B009D95URC,2023-05-22
B009D95URC,2023-06-19
B009D95URC,2023-07-17
B009D95URC,2023-08-14
B009D95URC,2023-09-11
B009D95URC,2023-10-09
B009D95URC,2023-11-06
B009D95URC,2023-12-04
B009D95URC,2024-01-01
B009D95URC,2024-01-29
B009EZOK1M,2023-02-27
B009EZOK1M,2023-03-27
B009EZOK1M,2023-04-24
B009EZOK1M,2023-05-22
B009EZOK1M,2023-06-19
B009EZOK1M,2023-07-17
B009EZOK1M,2023-08-14
B009EZOK1M,2023-09-11
B009EZOK1M,2023-10-09
B009EZOK1M,2023-11-06
B009EZOK1M,2023-12-04
B009EZOK1M,2024-01-01
B009EZOK1M,2024-01-29
B009F1LNCY,2023-02-27
B009F1LNCY,2023-03-27
B009F1LNCY,2023-04-24
B009F1LNCY,2023-05-22
B009F1LNCY,2023-06-19
B009F1LNCY,2023-07-17
B009F1LNCY,2023-08-14
B009F1LNCY,2023-09-11
B009F1LNCY,2023-10-09
B009F1LNCY,2023-11-06
B009F1LNCY,2023-12-04
B009F1LNCY,2024-01-01
B009F1LNCY,2024-01-29
B009F1LNQK,2023-02-27
B009F1LNQK,2023-03-27
B009F1LNQK,2023-04-24
B009F1LNQK,2023-05-22
B009F1LNQK,2023-06-19
B009F1LNQK,2023-07-17
B009F1LNQK,2023-08-14
B009F1LNQK,2023-09-11
B009F1LNQK,2023-10-09
B009F1LNQK,2023-11-06
B009F1LNQK,2023-12-04
B009F1LNQK,2024-01-01
B009F1LNQK,2024-01-29
B009F1O5X8,2023-02-27
B009F1O5X8,2023-03-27
B009F1O5X8,2023-04-24
B009F1O5X8,2023-05-22
B009F1O5X8,2023-06-19
B009F1O5X8,2023-07-17
B009F1O5X8,2023-08-14
B009F1O5X8,2023-09-11
B009F1O5X8,2023-10-09
B009F1O5X8,2023-11-06
B009F1O5X8,2023-12-04
B009F1O5X8,2024-01-01
B009F1O5X8,2024-01-29
B009IVPFES,2023-02-27
B009IVPFES,2023-03-27
B009IVPFES,2023-04-24
B009IVPFES,2023-05-22
B009IVPFES,2023-06-19
B009IVPFES,2023-07-17
B009IVPFES,2023-08-14
B009IVPFES,2023-09-11
B009IVPFES,2023-10-09
B009IVPFES,2023-11-06
B009IVPFES,2023-12-04
B009IVPFES,2024-01-01
B009IVPFES,2024-01-29
B009IWKWPY,2023-02-27
B009IWKWPY,2023-03-27
B009IWKWPY,2023-04-24
B009IWKWPY,2023-05-22
B009IWKWPY,2023-06-19
B009IWKWPY,2023-07-17
B009IWKWPY,2023-08-14
B009IWKWPY,2023-09-11
B009IWKWPY,2023-10-09
B009IWKWPY,2023-11-06
B009IWKWPY,2023-12-04
B009IWKWPY,2024-01-01
B009IWKWPY,2024-01-29
B009L8159C,2023-02-27
B009L8159C,2023-03-27
B009L8159C,2023-04-24
B009L8159C,2023-05-22
B009L8159C,2023-06-19
B009L8159C,2023-07-17
B009L8159C,2023-08-14
B009L8159C,2023-09-11
B009L8159C,2023-10-09
B009L8159C,2023-11-06
B009L8159C,2023-12-04
B009L8159C,2024-01-01
B009L8159C,2024-01-29
B009UW6BIE,2023-02-27
B009UW6BIE,2023-03-27
B009UW6BIE,2023-04-24
B009UW6BIE,2023-05-22
B009UW6BIE,2023-06-19
B009UW6BIE,2023-07-17
B009UW6BIE,2023-08-14
B009UW6BIE,2023-09-11
B009UW6BIE,2023-10-09
B009UW6BIE,2023-11-06
B009UW6BIE,2023-12-04
B009UW6BIE,2024-01-01
B009UW6BIE,2024-01-29
B00A3489RO,2023-02-27
B00A3489RO,2023-03-27
B00A3489RO,2023-04-24
B00A3489RO,2023-05-22
B00A3489RO,2023-06-19
B00A3489RO,2023-07-17
B00A3489RO,2023-08-14
B00A3489RO,2023-09-11
B00A3489RO,2023-10-09
B00A3489RO,2023-11-06
B00A3489RO,2023-12-04
B00A3489RO,2024-01-01
B00A3489RO,2024-01-29
B00A49Z31S,2023-02-27
B00A49Z31S,2023-03-27
B00A49Z31S,2023-04-24
B00A49Z31S,2023-05-22
B00A49Z31S,2023-06-19
B00A49Z31S,2023-07-17
B00A49Z31S,2023-08-14
B00A49Z31S,2023-09-11
B00A49Z31S,2023-10-09
B00A49Z31S,2023-11-06
B00A49Z31S,2023-12-04
B00A49Z31S,2024-01-01
B00A49Z31S,2024-01-29
B00A8DJ05U,2023-02-27
B00A8DJ05U,2023-03-27
B00A8DJ05U,2023-04-24
B00A8DJ05U,2023-05-22
B00A8DJ05U,2023-06-19
B00A8DJ05U,2023-07-17
B00A8DJ05U,2023-08-14
B00A8DJ05U,2023-09-11
B00A8DJ05U,2023-10-09
B00A8DJ05U,2023-11-06
B00A8DJ05U,2023-12-04
B00A8DJ05U,2024-01-01
B00A8DJ05U,2024-01-29
B00AB9XUJI,2023-02-27
B00AB9XUJI,2023-03-27
B00AB9XUJI,2023-04-24
B00AB9XUJI,2023-05-22
B00AB9XUJI,2023-06-19
B00AB9XUJI,2023-07-17
B00AB9XUJI,2023-08-14
B00AB9XUJI,2023-09-11
B00AB9XUJI,2023-10-09
B00AB9XUJI,2023-11-06
B00AB9XUJI,2023-12-04
B00AB9XUJI,2024-01-01
B00AB9XUJI,2024-01-29
B00ABA0OU0,2023-02-27
B00ABA0OU0,2023-03-27
B00ABA0OU0,2023-04-24
B00ABA0OU0,2023-05-22
B00ABA0OU0,2023-06-19
B00ABA0OU0,2023-07-17
B00ABA0OU0,2023-08-14
B00ABA0OU0,2023-09-11
B00ABA0OU0,2023-10-09
B00ABA0OU0,2023-11-06
B00ABA0OU0,2023-12-04
B00ABA0OU0,2024-01-01
B00ABA0OU0,2024-01-29
B00ADPM9BK,2023-02-27
B00ADPM9BK,2023-03-27
B00ADPM9BK,2023-04-24
B00ADPM9BK,2023-05-22
B00ADPM9BK,2023-06-19
B00ADPM9BK,2023-07-17
B00ADPM9BK,2023-08-14
B00ADPM9BK,2023-09-11
B00ADPM9BK,2023-10-09
B00ADPM9BK,2023-11-06
B00ADPM9BK,2023-12-04
B00ADPM9BK,2024-01-01
B00ADPM9BK,2024-01-29
B00AEGQYUK,2023-02-27
B00AEGQYUK,2023-03-27
B00AEGQYUK,2023-04-24
B00AEGQYUK,2023-05-22
B00AEGQYUK,2023-06-19
B00AEGQYUK,2023-07-17
B00AEGQYUK,2023-08-14
B00AEGQYUK,2023-09-11
B00AEGQYUK,2023-10-09
B00AEGQYUK,2023-11-06
B00AEGQYUK,2023-12-04
B00AEGQYUK,2024-01-01
B00AEGQYUK,2024-01-29
B00AF1DJ16,2023-02-27
B00AF1DJ16,2023-03-27
B00AF1DJ16,2023-04-24
B00AF1DJ16,2023-05-22
B00AF1DJ16,2023-06-19
B00AF1DJ16,2023-07-17
B00AF1DJ16,2023-08-14
B00AF1DJ16,2023-09-11
B00AF1DJ16,2023-10-09
B00AF1DJ16,2023-11-06
B00AF1DJ16,2023-12-04
B00AF1DJ16,2024-01-01
B00AF1DJ16,2024-01-29
B00AFN3VGW,2023-02-27
B00AFN3VGW,2023-03-27
B00AFN3VGW,2023-04-24
B00AFN3VGW,2023-05-22
B00AFN3VGW,2023-06-19
B00AFN3VGW,2023-07-17
B00AFN3VGW,2023-08-14
B00AFN3VGW,2023-09-11
B00AFN3VGW,2023-10-09
B00AFN3VGW,2023-11-06
B00AFN3VGW,2023-12-04
B00AFN3VGW,2024-01-01
B00AFN3VGW,2024-01-29
B00AG2ODIC,2023-02-27
B00AG2ODIC,2023-03-27
B00AG2ODIC,2023-04-24
B00AG2ODIC,2023-05-22
B00AG2ODIC,2023-06-19
B00AG2ODIC,2023-07-17
B00AG2ODIC,2023-08-14
B00AG2ODIC,2023-09-11
B00AG2ODIC,2023-10-09
B00AG2ODIC,2023-11-06
B00AG2ODIC,2023-12-04
B00AG2ODIC,2024-01-01
B00AG2ODIC,2024-01-29
B00AOVRS1E,2023-02-27
B00AOVRS1E,2023-03-27
B00AOVRS1E,2023-04-24
B00AOVRS1E,2023-05-22
B00AOVRS1E,2023-06-19
B00AOVRS1E,2023-07-17
B00AOVRS1E,2023-08-14
B00AOVRS1E,2023-09-11
B00AOVRS1E,2023-10-09
B00AOVRS1E,2023-11-06
B00AOVRS1E,2023-12-04
B00AOVRS1E,2024-01-01
B00AOVRS1E,2024-01-29
B00AOVSLOC,2023-02-27
B00AOVSLOC,2023-03-27
B00AOVSLOC,2023-04-24
B00AOVSLOC,2023-05-22
B00AOVSLOC,2023-06-19
B00AOVSLOC,2023-07-17
B00AOVSLOC,2023-08-14
B00AOVSLOC,2023-09-11
B00AOVSLOC,2023-10-09
B00AOVSLOC,2023-11-06
B00AOVSLOC,2023-12-04
B00AOVSLOC,2024-01-01
B00AOVSLOC,2024-01-29
B00AOVXOQW,2023-02-27
B00AOVXOQW,2023-03-27
B00AOVXOQW,2023-04-24
B00AOVXOQW,2023-05-22
B00AOVXOQW,2023-06-19
B00AOVXOQW,2023-07-17
B00AOVXOQW,2023-08-14
B00AOVXOQW,2023-09-11
B00AOVXOQW,2023-10-09
B00AOVXOQW,2023-11-06
B00AOVXOQW,2023-12-04
B00AOVXOQW,2024-01-01
B00AOVXOQW,2024-01-29
B00AQ4CU44,2023-02-27
B00AQ4CU44,2023-03-27
B00AQ4CU44,2023-04-24
B00AQ4CU44,2023-05-22
B00AQ4CU44,2023-06-19
B00AQ4CU44,2023-07-17
B00AQ4CU44,2023-08-14
B00AQ4CU44,2023-09-11
B00AQ4CU44,2023-10-09
B00AQ4CU44,2023-11-06
B00AQ4CU44,2023-12-04
B00AQ4CU44,2024-01-01
B00AQ4CU44,2024-01-29
B00AQSRIAG,2023-02-27
B00AQSRIAG,2023-03-27
B00AQSRIAG,2023-04-24
B00AQSRIAG,2023-05-22
B00AQSRIAG,2023-06-19
B00AQSRIAG,2023-07-17
B00AQSRIAG,2023-08-14
B00AQSRIAG,2023-09-11
B00AQSRIAG,2023-10-09
B00AQSRIAG,2023-11-06
B00AQSRIAG,2023-12-04
B00AQSRIAG,2024-01-01
B00AQSRIAG,2024-01-29
B00AWSD0NE,2023-02-27
B00AWSD0NE,2023-03-27
B00AWSD0NE,2023-04-24
B00AWSD0NE,2023-05-22
B00AWSD0NE,2023-06-19
B00AWSD0NE,2023-07-17
B00AWSD0NE,2023-08-14
B00AWSD0NE,2023-09-11
B00AWSD0NE,2023-10-09
B00AWSD0NE,2023-11-06
B00AWSD0NE,2023-12-04
B00AWSD0NE,2024-01-01
B00AWSD0NE,2024-01-29
B00AYP38EQ,2023-02-27
B00AYP38EQ,2023-03-27
B00AYP38EQ,2023-04-24
B00AYP38EQ,2023-05-22
B00AYP38EQ,2023-06-19
B00AYP38EQ,2023-07-17
B00AYP38EQ,2023-08-14
B00AYP38EQ,2023-09-11
B00AYP38EQ,2023-10-09
B00AYP38EQ,2023-11-06
B00AYP38EQ,2023-12-04
B00AYP38EQ,2024-01-01
B00AYP38EQ,2024-01-29
B00B10YJUA,2023-02-27
B00B10YJUA,2023-03-27
B00B10YJUA,2023-04-24
B00B10YJUA,2023-05-22
B00B10YJUA,2023-06-19
B00B10YJUA,2023-07-17
B00B10YJUA,2023-08-14
B00B10YJUA,2023-09-11
B00B10YJUA,2023-10-09
B00B10YJUA,2023-11-06
B00B10YJUA,2023-12-04
B00B10YJUA,2024-01-01
B00B10YJUA,2024-01-29
B00B185J3I,2023-02-27
B00B185J3I,2023-03-27
B00B185J3I,2023-04-24
B00B185J3I,2023-05-22
B00B185J3I,2023-06-19
B00B185J3I,2023-07-17
B00B185J3I,2023-08-14
B00B185J3I,2023-09-11
B00B185J3I,2023-10-09
B00B185J3I,2023-11-06
B00B185J3I,2023-12-04
B00B185J3I,2024-01-01
B00B185J3I,2024-01-29
B00B5FEKJQ,2023-02-27
B00B5FEKJQ,2023-03-27
B00B5FEKJQ,2023-04-24
B00B5FEKJQ,2023-05-22
B00B5FEKJQ,2023-06-19
B00B5FEKJQ,2023-07-17
B00B5FEKJQ,2023-08-14
B00B5FEKJQ,2023-09-11
B00B5FEKJQ,2023-10-09
B00B5FEKJQ,2023-11-06
B00B5FEKJQ,2023-12-04
B00B5FEKJQ,2024-01-01
B00B5FEKJQ,2024-01-29
B00BGRIFU8,2023-02-27
B00BGRIFU8,2023-03-27
B00BGRIFU8,2023-04-24
B00BGRIFU8,2023-05-22
B00BGRIFU8,2023-06-19
B00BGRIFU8,2023-07-17
B00BGRIFU8,2023-08-14
B00BGRIFU8,2023-09-11
B00BGRIFU8,2023-10-09
B00BGRIFU8,2023-11-06
B00BGRIFU8,2023-12-04
B00BGRIFU8,2024-01-01
B00BGRIFU8,2024-01-29
B00BINZL0C,2023-02-27
B00BINZL0C,2023-03-27
B00BINZL0C,2023-04-24
B00BINZL0C,2023-05-22
B00BINZL0C,2023-06-19
B00BINZL0C,2023-07-17
B00BINZL0C,2023-08-14
B00BINZL0C,2023-09-11
B00BINZL0C,2023-10-09
B00BINZL0C,2023-11-06
B00BINZL0C,2023-12-04
B00BINZL0C,2024-01-01
B00BINZL0C,2024-01-29
B00BJB0YVY,2023-02-27
B00BJB0YVY,2023-03-27
B00BJB0YVY,2023-04-24
B00BJB0YVY,2023-05-22
B00BJB0YVY,2023-06-19
B00BJB0YVY,2023-07-17
B00BJB0YVY,2023-08-14
B00BJB0YVY,2023-09-11
B00BJB0YVY,2023-10-09
B00BJB0YVY,2023-11-06
B00BJB0YVY,2023-12-04
B00BJB0YVY,2024-01-01
B00BJB0YVY,2024-01-29
B00BQ0W812,2023-02-27
B00BQ0W812,2023-03-27
B00BQ0W812,2023-04-24
B00BQ0W812,2023-05-22
B00BQ0W812,2023-06-19
B00BQ0W812,2023-07-17
B00BQ0W812,2023-08-14
B00BQ0W812,2023-09-11
B00BQ0W812,2023-10-09
B00BQ0W812,2023-11-06
B00BQ0W812,2023-12-04
B00BQ0W812,2024-01-01
B00BQ0W812,2024-01-29
B00BQU7G1Y,2023-02-27
B00BQU7G1Y,2023-03-27
B00BQU7G1Y,2023-04-24
B00BQU7G1Y,2023-05-22
B00BQU7G1Y,2023-06-19
B00BQU7G1Y,2023-07-17
B00BQU7G1Y,2023-08-14
B00BQU7G1Y,2023-09-11
B00BQU7G1Y,2023-10-09
B00BQU7G1Y,2023-11-06
B00BQU7G1Y,2023-12-04
B00BQU7G1Y,2024-01-01
B00BQU7G1Y,2024-01-29
B00BZ5TQ0O,2023-02-27
B00BZ5TQ0O,2023-03-27
B00BZ5TQ0O,2023-04-24
B00BZ5TQ0O,2023-05-22
B00BZ5TQ0O,2023-06-19
B00BZ5TQ0O,2023-07-17
B00BZ5TQ0O,2023-08-14
B00BZ5TQ0O,2023-09-11
B00BZ5TQ0O,2023-10-09
B00BZ5TQ0O,2023-11-06
B00BZ5TQ0O,2023-12-04
B00BZ5TQ0O,2024-01-01
B00BZ5TQ0O,2024-01-29
B00C1EU3LO,2023-02-27
B00C1EU3LO,2023-03-27
B00C1EU3LO,2023-04-24
B00C1EU3LO,2023-05-22
B00C1EU3LO,2023-06-19
B00C1EU3LO,2023-07-17
B00C1EU3LO,2023-08-14
B00C1EU3LO,2023-09-11
B00C1EU3LO,2023-10-09
B00C1EU3LO,2023-11-06
B00C1EU3LO,2023-12-04
B00C1EU3LO,2024-01-01
B00C1EU3LO,2024-01-29
B00C47V69Q,2023-02-27
B00C47V69Q,2023-03-27
B00C47V69Q,2023-04-24
B00C47V69Q,2023-05-22
B00C47V69Q,2023-06-19
B00C47V69Q,2023-07-17
B00C47V69Q,2023-08-14
B00C47V69Q,2023-09-11
B00C47V69Q,2023-10-09
B00C47V69Q,2023-11-06
B00C47V69Q,2023-12-04
B00C47V69Q,2024-01-01
B00C47V69Q,2024-01-29
B00C76XT76,2023-06-19
B00C76XT76,2023-07-17
B00C76XT76,2023-08-14
B00C76XT76,2023-09-11
B00C76XT76,2023-10-09
B00C76XT76,2023-11-06
B00C76XT76,2023-12-04
B00C76XT76,2024-01-01
B00C76XT76,2024-01-29
B00CMGUYRE,2023-02-27
B00CMGUYRE,2023-03-27
B00CMGUYRE,2023-04-24
B00CMGUYRE,2023-05-22
B00CMGUYRE,2023-06-19
B00CMGUYRE,2023-07-17
B00CMGUYRE,2023-08-14
B00CMGUYRE,2023-09-11
B00CMGUYRE,2023-10-09
B00CMGUYRE,2023-11-06
B00CMGUYRE,2023-12-04
B00CMGUYRE,2024-01-01
B00CMGUYRE,2024-01-29
B00CQONIIY,2023-02-27
B00CQONIIY,2023-03-27
B00CQONIIY,2023-04-24
B00CQONIIY,2023-05-22
B00CQONIIY,2023-06-19
B00CQONIIY,2023-07-17
B00CQONIIY,2023-08-14
B00CQONIIY,2023-09-11
B00CQONIIY,2023-10-09
B00CQONIIY,2023-11-06
B00CQONIIY,2023-12-04
B00CQONIIY,2024-01-01
B00CQONIIY,2024-01-29
B00CQURDKM,2023-02-27
B00CQURDKM,2023-03-27
B00CQURDKM,2023-04-24
B00CQURDKM,2023-05-22
B00CQURDKM,2023-06-19
B00CQURDKM,2023-07-17
B00CQURDKM,2023-08-14
B00CQURDKM,2023-09-11
B00CQURDKM,2023-10-09
B00CQURDKM,2023-11-06
B00CQURDKM,2023-12-04
B00CQURDKM,2024-01-01
B00CQURDKM,2024-01-29
B00CZ8JQIM,2023-02-27
B00CZ8JQIM,2023-03-27
B00CZ8JQIM,2023-04-24
B00CZ8JQIM,2023-05-22
B00CZ8JQIM,2023-06-19
B00CZ8JQIM,2023-07-17
B00CZ8JQIM,2023-08-14
B00CZ8JQIM,2023-09-11
B00CZ8JQIM,2023-10-09
B00CZ8JQIM,2023-11-06
B00CZ8JQIM,2023-12-04
B00CZ8JQIM,2024-01-01
B00CZ8JQIM,2024-01-29
B00D2W0OLS,2023-02-27
B00D2W0OLS,2023-03-27
B00D2W0OLS,2023-04-24
B00D2W0OLS,2023-05-22
B00D2W0OLS,2023-06-19
B00D2W0OLS,2023-07-17
B00D2W0OLS,2023-08-14
B00D2W0OLS,2023-09-11
B00D2W0OLS,2023-10-09
B00D2W0OLS,2023-11-06
B00D2W0OLS,2023-12-04
B00D2W0OLS,2024-01-01
B00D2W0OLS,2024-01-29
B00D75PUWS,2023-04-24
B00D75PUWS,2023-05-22
B00D75PUWS,2023-06-19
B00D75PUWS,2023-07-17
B00D75PUWS,2023-08-14
B00D75PUWS,2023-09-11
B00D75PUWS,2023-10-09
B00D75PUWS,2023-11-06
B00D75PUWS,2023-12-04
B00D75PUWS,2024-01-01
B00D75PUWS,2024-01-29
B00D75PVE0,2023-04-24
B00D75PVE0,2023-05-22
B00D75PVE0,2023-06-19
B00D75PVE0,2023-07-17
B00D75PVE0,2023-08-14
B00D75PVE0,2023-09-11
B00D75PVE0,2023-10-09
B00D75PVE0,2023-11-06
B00D75PVE0,2023-12-04
B00D75PVE0,2024-01-01
B00D75PVE0,2024-01-29
B00D8ZBD5K,2023-02-27
B00D8ZBD5K,2023-03-27
B00D8ZBD5K,2023-04-24
B00D8ZBD5K,2023-05-22
B00D8ZBD5K,2023-06-19
B00D8ZBD5K,2023-07-17
B00D8ZBD5K,2023-08-14
B00D8ZBD5K,2023-09-11
B00D8ZBD5K,2023-10-09
B00D8ZBD5K,2023-11-06
B00D8ZBD5K,2023-12-04
B00D8ZBD5K,2024-01-01
B00D8ZBD5K,2024-01-29
B00DB14EVG,2023-02-27
B00DB14EVG,2023-03-27
B00DB14EVG,2023-04-24
B00DB14EVG,2023-05-22
B00DB14EVG,2023-06-19
B00DB14EVG,2023-07-17
B00DB14EVG,2023-08-14
B00DB14EVG,2023-09-11
B00DB14EVG,2023-10-09
B00DB14EVG,2023-11-06
B00DB14EVG,2023-12-04
B00DB14EVG,2024-01-01
B00DB14EVG,2024-01-29
B00DB1G41E,2023-02-27
B00DB1G41E,2023-03-27
B00DB1G41E,2023-04-24
B00DB1G41E,2023-05-22
B00DB1G41E,2023-06-19
B00DB1G41E,2023-07-17
B00DB1G41E,2023-08-14
B00DB1G41E,2023-09-11
B00DB1G41E,2023-10-09
B00DB1G41E,2023-11-06
B00DB1G41E,2023-12-04
B00DB1G41E,2024-01-01
B00DB1G41E,2024-01-29
B00DJUDGDG,2023-02-27
B00DJUDGDG,2023-03-27
B00DJUDGDG,2023-04-24
B00DJUDGDG,2023-05-22
B00DJUDGDG,2023-06-19
B00DJUDGDG,2023-07-17
B00DJUDGDG,2023-08-14
B00DJUDGDG,2023-09-11
B00DJUDGDG,2023-10-09
B00DJUDGDG,2023-11-06
B00DJUDGDG,2023-12-04
B00DJUDGDG,2024-01-01
B00DJUDGDG,2024-01-29
B00DM4MCZM,2023-05-22
B00DM4MCZM,2023-06-19
B00DM4MCZM,2023-07-17
B00DM4MCZM,2023-08-14
B00DM4MCZM,2023-09-11
B00DM4MCZM,2023-10-09
B00DM4MCZM,2023-11-06
B00DM4MCZM,2023-12-04
B00DM4MCZM,2024-01-01
B00DM4MCZM,2024-01-29
B00DNV97M0,2023-08-14
B00DNV97M0,2023-09-11
B00DNV97M0,2023-10-09
B00DNV97M0,2023-11-06
B00DNV97M0,2023-12-04
B00DNV97M0,2024-01-01
B00DNV97M0,2024-01-29
B00DQRSOPC,2023-02-27
B00DQRSOPC,2023-03-27
B00DQRSOPC,2023-04-24
B00DQRSOPC,2023-05-22
B00DQRSOPC,2023-06-19
B00DQRSOPC,2023-07-17
B00DQRSOPC,2023-08-14
B00DQRSOPC,2023-09-11
B00DQRSOPC,2023-10-09
B00DQRSOPC,2023-11-06
B00DQRSOPC,2023-12-04
B00DQRSOPC,2024-01-01
B00DQRSOPC,2024-01-29
B00DSOZAX2,2023-03-27
B00DSOZAX2,2023-04-24
B00DSOZAX2,2023-05-22
B00DSOZAX2,2023-06-19
B00DSOZAX2,2023-07-17
B00DSOZAX2,2023-10-09
B00DSOZAX2,2023-11-06
B00DSOZAX2,2023-12-04
B00DSOZAX2,2024-01-01
B00DSOZAX2,2024-01-29
B00DTFLZK2,2023-02-27
B00DTFLZK2,2023-03-27
B00DTFLZK2,2023-04-24
B00DTFLZK2,2023-05-22
B00DTFLZK2,2023-06-19
B00DTFLZK2,2023-07-17
B00DTFLZK2,2023-08-14
B00DTFLZK2,2023-09-11
B00DTFLZK2,2023-10-09
B00DTFLZK2,2023-11-06
B00DTFLZK2,2023-12-04
B00DTFLZK2,2024-01-01
B00DTFLZK2,2024-01-29
B00DW1YQPY,2023-02-27
B00DW1YQPY,2023-03-27
B00DW1YQPY,2023-04-24
B00DW1YQPY,2023-05-22
B00DW1YQPY,2023-06-19
B00DW1YQPY,2023-07-17
B00DW1YQPY,2023-08-14
B00DW1YQPY,2023-09-11
B00DW1YQPY,2023-10-09
B00DW1YQPY,2023-11-06
B00DW1YQPY,2023-12-04
B00DW1YQPY,2024-01-01
B00DW1YQPY,2024-01-29
B00FFX93H8,2023-02-27
B00FFX93H8,2023-03-27
B00FFX93H8,2023-04-24
B00FFX93H8,2023-05-22
B00FFX93H8,2023-06-19
B00FFX93H8,2023-07-17
B00FFX93H8,2023-08-14
B00FFX93H8,2023-09-11
B00FFX93H8,2023-10-09
B00FFX93H8,2023-11-06
B00FFX93H8,2023-12-04
B00FFX93H8,2024-01-01
B00FFX93H8,2024-01-29
B00FYV6T4Q,2023-03-27
B00FYV6T4Q,2023-04-24
B00FYV6T4Q,2023-05-22
B00FYV6T4Q,2023-06-19
B00FYV6T4Q,2023-07-17
B00FYV6T4Q,2023-08-14
B00FYV6T4Q,2023-09-11
B00FYV6T4Q,2023-10-09
B00FYV6T4Q,2023-11-06
B00FYV6T4Q,2023-12-04
B00FYV6T4Q,2024-01-01
B00FYV6T4Q,2024-01-29
B00FYVV0TA,2023-03-27
B00FYVV0TA,2023-04-24
B00FYVV0TA,2023-05-22
B00FYVV0TA,2023-06-19
B00FYVV0TA,2023-07-17
B00FYVV0TA,2023-08-14
B00FYVV0TA,2023-09-11
B00FYVV0TA,2023-10-09
B00FYVV0TA,2023-11-06
B00FYVV0TA,2023-12-04
B00FYVV0TA,2024-01-01
B00FYVV0TA,2024-01-29
B00FYXBQZ6,2023-02-27
B00FYXBQZ6,2023-03-27
B00FYXBQZ6,2023-04-24
B00FYXBQZ6,2023-05-22
B00FYXBQZ6,2023-06-19
B00FYXBQZ6,2023-07-17
B00FYXBQZ6,2023-08-14
B00FYXBQZ6,2023-09-11
B00FYXBQZ6,2023-10-09
B00FYXBQZ6,2023-11-06
B00FYXBQZ6,2023-12-04
B00FYXBQZ6,2024-01-01
B00FYXBQZ6,2024-01-29
B00FYZ9W96,2023-02-27
B00FYZ9W96,2023-03-27
B00FYZ9W96,2023-04-24
B00FYZ9W96,2023-05-22
B00FYZ9W96,2023-06-19
B00FYZ9W96,2023-07-17
B00FYZ9W96,2023-08-14
B00FYZ9W96,2023-09-11
B00FYZ9W96,2023-10-09
B00FYZ9W96,2023-11-06
B00FYZ9W96,2023-12-04
B00FYZ9W96,2024-01-01
B00FYZ9W96,2024-01-29
B00FZMDAJG,2023-02-27
B00FZMDAJG,2023-03-27
B00FZMDAJG,2023-04-24
B00FZMDAJG,2023-05-22
B00FZMDAJG,2023-06-19
B00FZMDAJG,2023-07-17
B00FZMDAJG,2023-08-14
B00FZMDAJG,2023-09-11
B00FZMDAJG,2023-10-09
B00FZMDAJG,2023-11-06
B00FZMDAJG,2023-12-04
B00FZMDAJG,2024-01-01
B00FZMDAJG,2024-01-29
B00G5AXQ8W,2023-02-27
B00G5AXQ8W,2023-03-27
B00G5AXQ8W,2023-04-24
B00G5AXQ8W,2023-05-22
B00G5AXQ8W,2023-06-19
B00G5AXQ8W,2023-07-17
B00G5AXQ8W,2023-08-14
B00G5AXQ8W,2023-09-11
B00G5AXQ8W,2023-10-09
B00G5AXQ8W,2023-11-06
B00G5AXQ8W,2023-12-04
B00G5AXQ8W,2024-01-01
B00G5AXQ8W,2024-01-29
B00G5AYKXM,2023-04-24
B00G5AYKXM,2023-05-22
B00G5AYKXM,2023-06-19
B00G5AYKXM,2023-07-17
B00G5AYKXM,2023-08-14
B00G5AYKXM,2023-09-11
B00G5AYKXM,2023-10-09
B00G5AYKXM,2023-11-06
B00G5AYKXM,2023-12-04
B00G5AYKXM,2024-01-01
B00G5AYKXM,2024-01-29
B00GHIFQXA,2023-02-27
B00GHIFQXA,2023-03-27
B00GHIFQXA,2023-04-24
B00GHIFQXA,2023-05-22
B00GHIFQXA,2023-06-19
B00GHIFQXA,2023-07-17
B00GHIFQXA,2023-08-14
B00GHIFQXA,2023-09-11
B00GHIFQXA,2023-10-09
B00GHIFQXA,2023-11-06
B00GHIFQXA,2023-12-04
B00GHIFQXA,2024-01-01
B00GHIFQXA,2024-01-29
B00GHIFRZC,2023-02-27
B00GHIFRZC,2023-03-27
B00GHIFRZC,2023-04-24
B00GHIFRZC,2023-05-22
B00GHIFRZC,2023-06-19
B00GHIFRZC,2023-07-17
B00GHIFRZC,2023-08-14
B00GHIFRZC,2023-09-11
B00GHIFRZC,2023-10-09
B00GHIFRZC,2023-11-06
B00GHIFRZC,2023-12-04
B00GHIFRZC,2024-01-01
B00GHIFRZC,2024-01-29
B00GKG09EU,2023-07-17
B00GKG09EU,2023-08-14
B00GKG09EU,2023-09-11
B00GKG09EU,2023-10-09
B00GKG09EU,2023-11-06
B00GKG09EU,2023-12-04
B00GKG09EU,2024-01-01
B00GKG09EU,2024-01-29
B00GM1R5O0,2023-02-27
B00GM1R5O0,2023-03-27
B00GM1R5O0,2023-04-24
B00GM1R5O0,2023-05-22
B00GM1R5O0,2023-06-19
B00GM1R5O0,2023-07-17
B00GM1R5O0,2023-08-14
B00GM1R5O0,2023-09-11
B00GM1R5O0,2023-10-09
B00GM1R5O0,2023-11-06
B00GM1R5O0,2023-12-04
B00GM1R5O0,2024-01-01
B00GM1R5O0,2024-01-29
B00GQ4PBR6,2023-02-27
B00GQ4PBR6,2023-03-27
B00GQ4PBR6,2023-04-24
B00GQ4PBR6,2023-05-22
B00GQ4PBR6,2023-06-19
B00GQ4PBR6,2023-07-17
B00GQ4PBR6,2023-08-14
B00GQ4PBR6,2023-09-11
B00GQ4PBR6,2023-10-09
B00GQ4PBR6,2023-11-06
B00GQ4PBR6,2023-12-04
B00GQ4PBR6,2024-01-01
B00GQ4PBR6,2024-01-29
B00GUNNFFI,2023-08-14
B00GUNNFFI,2023-09-11
B00GUNNFFI,2023-10-09
B00GUNNFFI,2023-11-06
B00GUNNFFI,2023-12-04
B00GUNNFFI,2024-01-01
B00GUNNFFI,2024-01-29
B00GV1AGHE,2023-02-27
B00GV1AGHE,2023-03-27
B00GV1AGHE,2023-04-24
B00GV1AGHE,2023-05-22
B00GV1AGHE,2023-06-19
B00GV1AGHE,2023-07-17
B00GV1AGHE,2023-08-14
B00GV1AGHE,2023-09-11
B00GV1AGHE,2023-10-09
B00GV1AGHE,2023-11-06
B00GV1AGHE,2023-12-04
B00GV1AGHE,2024-01-01
B00GV1AGHE,2024-01-29
B00GZC8CH0,2023-02-27
B00GZC8CH0,2023-03-27
B00GZC8CH0,2023-04-24
B00GZC8CH0,2023-05-22
B00GZC8CH0,2023-06-19
B00GZC8CH0,2023-07-17
B00GZC8CH0,2023-08-14
B00GZC8CH0,2023-09-11
B00GZC8CH0,2023-10-09
B00GZC8CH0,2023-11-06
B00GZC8CH0,2023-12-04
B00GZC8CH0,2024-01-01
B00GZC8CH0,2024-01-29
B00HSYB992,2023-02-27
B00HSYB992,2023-03-27
B00HSYB992,2023-04-24
B00HSYB992,2023-05-22
B00HSYB992,2023-06-19
B00HSYB992,2023-07-17
B00HSYB992,2023-08-14
B00HSYB992,2023-09-11
B00HSYB992,2023-10-09
B00HSYB992,2023-11-06
B00HSYB992,2023-12-04
B00HSYB992,2024-01-01
B00HSYB992,2024-01-29
B00HZ6R21M,2023-02-27
B00HZ6R21M,2023-03-27
B00HZ6R21M,2023-04-24
B00HZ6R21M,2023-05-22
B00HZ6R21M,2023-06-19
B00HZ6R21M,2023-07-17
B00HZ6R21M,2023-08-14
B00HZ6R21M,2023-09-11
B00HZ6R21M,2023-10-09
B00HZ6R21M,2023-11-06
B00HZ6R21M,2023-12-04
B00HZ6R21M,2024-01-01
B00HZ6R21M,2024-01-29
B00IANU4ZA,2023-02-27
B00IANU4ZA,2023-03-27
B00IANU4ZA,2023-04-24
B00IANU4ZA,2023-05-22
B00IANU4ZA,2023-06-19
B00IANU4ZA,2023-07-17
B00IANU4ZA,2023-08-14
B00IANU4ZA,2023-09-11
B00IANU4ZA,2023-10-09
B00IANU4ZA,2023-11-06
B00IANU4ZA,2023-12-04
B00IANU4ZA,2024-01-01
B00IANU4ZA,2024-01-29
B00IE3EK6K,2023-02-27
B00IE3EK6K,2023-03-27
B00IE3EK6K,2023-04-24
B00IE3EK6K,2023-05-22
B00IE3EK6K,2023-06-19
B00IE3EK6K,2023-07-17
B00IE3EK6K,2023-08-14
B00IE3EK6K,2023-09-11
B00IE3EK6K,2023-10-09
B00IE3EK6K,2023-11-06
B00IE3EK6K,2023-12-04
B00IE3EK6K,2024-01-01
B00IE3EK6K,2024-01-29
B00IJ6CSAC,2023-02-27
B00IJ6CSAC,2023-03-27
B00IJ6CSAC,2023-04-24
B00IJ6CSAC,2023-05-22
B00IJ6CSAC,2023-06-19
B00IJ6CSAC,2023-07-17
B00IJ6CSAC,2023-08-14
B00IJ6CSAC,2023-09-11
B00IJ6CSAC,2023-10-09
B00IJ6CSAC,2023-11-06
B00IJ6CSAC,2023-12-04
B00IJ6CSAC,2024-01-01
B00IJ6CSAC,2024-01-29
B00IJ74UKM,2023-02-27
B00IJ74UKM,2023-03-27
B00IJ74UKM,2023-04-24
B00IJ74UKM,2023-05-22
B00IJ74UKM,2023-06-19
B00IJ74UKM,2023-07-17
B00IJ74UKM,2023-08-14
B00IJ74UKM,2023-09-11
B00IJ74UKM,2023-10-09
B00IJ74UKM,2023-11-06
B00IJ74UKM,2023-12-04
B00IJ74UKM,2024-01-01
B00IJ74UKM,2024-01-29
B00IL7IFP6,2023-02-27
B00IL7IFP6,2023-03-27
B00IL7IFP6,2023-04-24
B00IL7IFP6,2023-05-22
B00IL7IFP6,2023-06-19
B00IL7IFP6,2023-07-17
B00IL7IFP6,2023-08-14
B00IL7IFP6,2023-09-11
B00IL7IFP6,2023-10-09
B00IL7IFP6,2023-11-06
B00IL7IFP6,2023-12-04
B00IL7IFP6,2024-01-01
B00IL7IFP6,2024-01-29
B00IQ8MVMI,2023-02-27
B00IQ8MVMI,2023-03-27
B00IQ8MVMI,2023-04-24
B00IQ8MVMI,2023-05-22
B00IQ8MVMI,2023-06-19
B00IQ8MVMI,2023-07-17
B00IQ8MVMI,2023-08-14
B00IQ8MVMI,2023-09-11
B00IQ8MVMI,2023-10-09
B00IQ8MVMI,2023-11-06
B00IQ8MVMI,2023-12-04
B00IQ8MVMI,2024-01-01
B00IQ8MVMI,2024-01-29
B00IVLIC1O,2023-02-27
B00IVLIC1O,2023-03-27
B00IVLIC1O,2023-04-24
B00IVLIC1O,2023-05-22
B00IVLIC1O,2023-06-19
B00IVLIC1O,2023-07-17
B00IVLIC1O,2023-08-14
B00IVLIC1O,2023-09-11
B00IVLIC1O,2023-10-09
B00IVLIC1O,2023-11-06
B00IVLIC1O,2023-12-04
B00IVLIC1O,2024-01-01
B00IVLIC1O,2024-01-29
B00IWOGM3A,2023-02-27
B00IWOGM3A,2023-03-27
B00IWOGM3A,2023-04-24
B00IWOGM3A,2023-05-22
B00IWOGM3A,2023-06-19
B00IWOGM3A,2023-07-17
B00IWOGM3A,2023-08-14
B00IWOGM3A,2023-09-11
B00IWOGM3A,2023-10-09
B00IWOGM3A,2023-11-06
B00IWOGM3A,2023-12-04
B00IWOGM3A,2024-01-01
B00IWOGM3A,2024-01-29
B00IX3OHIW,2023-02-27
B00IX3OHIW,2023-03-27
B00IX3OHIW,2023-04-24
B00IX3OHIW,2023-05-22
B00IX3OHIW,2023-06-19
B00IX3OHIW,2023-07-17
B00IX3OHIW,2023-08-14
B00IX3OHIW,2023-09-11
B00IX3OHIW,2023-10-09
B00IX3OHIW,2023-11-06
B00IX3OHIW,2023-12-04
B00IX3OHIW,2024-01-01
B00IX3OHIW,2024-01-29
B00J3LXMSY,2023-02-27
B00J3LXMSY,2023-03-27
B00J3LXMSY,2023-04-24
B00J3LXMSY,2023-05-22
B00J3LXMSY,2023-06-19
B00J3LXMSY,2023-07-17
B00J3LXMSY,2023-08-14
B00J3LXMSY,2023-09-11
B00J3LXMSY,2023-10-09
B00J3LXMSY,2023-11-06
B00J3LXMSY,2023-12-04
B00J3LXMSY,2024-01-01
B00J3LXMSY,2024-01-29
B00J6SEF30,2023-02-27
B00J6SEF30,2023-03-27
B00J6SEF30,2023-04-24
B00J6SEF30,2023-05-22
B00J6SEF30,2023-06-19
B00J6SEF30,2023-07-17
B00J6SEF30,2023-08-14
B00J6SEF30,2023-09-11
B00J6SEF30,2023-10-09
B00J6SEF30,2023-11-06
B00J6SEF30,2023-12-04
B00J6SEF30,2024-01-01
B00J6SEF30,2024-01-29
B00J9FAE5I,2023-02-27
B00J9FAE5I,2023-03-27
B00J9FAE5I,2023-04-24
B00J9FAE5I,2023-05-22
B00J9FAE5I,2023-06-19
B00J9FAE5I,2023-07-17
B00J9FAE5I,2023-08-14
B00J9FAE5I,2023-09-11
B00J9FAE5I,2023-10-09
B00J9FAE5I,2023-11-06
B00J9FAE5I,2023-12-04
B00J9FAE5I,2024-01-01
B00J9FAE5I,2024-01-29
B00JD29O0I,2023-02-27
B00JD29O0I,2023-03-27
B00JD29O0I,2023-04-24
B00JD29O0I,2023-05-22
B00JD29O0I,2023-06-19
B00JD29O0I,2023-07-17
B00JD29O0I,2023-08-14
B00JD29O0I,2023-09-11
B00JD29O0I,2023-10-09
B00JD29O0I,2023-11-06
B00JD29O0I,2023-12-04
B00JD29O0I,2024-01-01
B00JD29O0I,2024-01-29
B00JJL5C0E,2023-02-27
B00JJL5C0E,2023-03-27
B00JJL5C0E,2023-04-24
B00JJL5C0E,2023-05-22
B00JJL5C0E,2023-06-19
B00JJL5C0E,2023-07-17
B00JJL5C0E,2023-08-14
B00JJL5C0E,2023-09-11
B00JJL5C0E,2023-10-09
B00JJL5C0E,2023-11-06
B00JJL5C0E,2023-12-04
B00JJL5C0E,2024-01-01
B00JJL5C0E,2024-01-29
B00JYGBJHO,2023-02-27
B00JYGBJHO,2023-03-27
B00JYGBJHO,2023-04-24
B00JYGBJHO,2023-05-22
B00JYGBJHO,2023-06-19
B00JYGBJHO,2023-07-17
B00JYGBJHO,2023-08-14
B00JYGBJHO,2023-09-11
B00JYGBJHO,2023-10-09
B00JYGBJHO,2023-11-06
B00JYGBJHO,2023-12-04
B00JYGBJHO,2024-01-01
B00JYGBJHO,2024-01-29
B00K89KPFS,2023-02-27
B00K89KPFS,2023-03-27
B00K89KPFS,2023-04-24
B00K89KPFS,2023-05-22
B00K89KPFS,2023-06-19
B00K89KPFS,2023-07-17
B00K89KPFS,2023-08-14
B00K89KPFS,2023-09-11
B00K89KPFS,2023-10-09
B00K89KPFS,2023-11-06
B00K89KPFS,2023-12-04
B00K89KPFS,2024-01-01
B00K89KPFS,2024-01-29
B00KGTT2JU,2023-02-27
B00KGTT2JU,2023-03-27
B00KGTT2JU,2023-04-24
B00KGTT2JU,2023-05-22
B00KGTT2JU,2023-06-19
B00KGTT2JU,2023-07-17
B00KGTT2JU,2023-08-14
B00KGTT2JU,2023-09-11
B00KGTT2JU,2023-10-09
B00KGTT2JU,2023-11-06
B00KGTT2JU,2023-12-04
B00KGTT2JU,2024-01-01
B00KGTT2JU,2024-01-29
B00KVNN04O,2023-03-27
B00KVNN04O,2023-04-24
B00KVNN04O,2023-05-22
B00KVNN04O,2023-06-19
B00KVNN04O,2023-07-17
B00KVNN04O,2023-08-14
B00KVNN04O,2023-09-11
B00KVNN04O,2023-10-09
B00KVNN04O,2023-11-06
B00KVNN04O,2023-12-04
B00KVNN04O,2024-01-01
B00KVNN04O,2024-01-29
B00LD3MT6G,2023-02-27
B00LD3MT6G,2023-03-27
B00LD3MT6G,2023-04-24
B00LD3MT6G,2023-05-22
B00LD3MT6G,2023-06-19
B00LD3MT6G,2023-07-17
B00LD3MT6G,2023-08-14
B00LD3MT6G,2023-09-11
B00LD3MT6G,2023-10-09
B00LD3MT6G,2023-11-06
B00LD3MT6G,2023-12-04
B00LD3MT6G,2024-01-01
B00LD3MT6G,2024-01-29
B00LI6PQL8,2023-11-06
B00LI6PQL8,2023-12-04
B00LI6PQL8,2024-01-01
B00LI6PQL8,2024-01-29
B00LO3KAV6,2023-02-27
B00LO3KAV6,2023-03-27
B00LO3KAV6,2023-04-24
B00LO3KAV6,2023-05-22
B00LO3KAV6,2023-06-19
B00LO3KAV6,2023-07-17
B00LO3KAV6,2023-08-14
B00LO3KAV6,2023-09-11
B00LO3KAV6,2023-10-09
B00LO3KAV6,2023-11-06
B00LO3KAV6,2023-12-04
B00LO3KAV6,2024-01-01
B00LO3KAV6,2024-01-29
B00LYKVOY6,2023-02-27
B00LYKVOY6,2023-03-27
B00LYKVOY6,2023-04-24
B00LYKVOY6,2023-07-17
B00LYKVOY6,2023-08-14
B00LYKVOY6,2023-09-11
B00LYKVOY6,2023-10-09
B00LYKVOY6,2023-11-06
B00LYKVOY6,2023-12-04
B00LYKVOY6,2024-01-01
B00LYKVOY6,2024-01-29
B00M0EU3V0,2023-02-27
B00M0EU3V0,2023-03-27
B00M0EU3V0,2023-04-24
B00M0EU3V0,2023-05-22
B00M0EU3V0,2023-06-19
B00M0EU3V0,2023-07-17
B00M0EU3V0,2023-08-14
B00M0EU3V0,2023-09-11
B00M0EU3V0,2023-10-09
B00M0EU3V0,2023-11-06
B00M0EU3V0,2023-12-04
B00M0EU3V0,2024-01-01
B00M0EU3V0,2024-01-29
B00MYWGJAM,2023-02-27
B00MYWGJAM,2023-03-27
B00MYWGJAM,2023-04-24
B00MYWGJAM,2023-05-22
B00MYWGJAM,2023-06-19
B00MYWGJAM,2023-07-17
B00MYWGJAM,2023-08-14
B00MYWGJAM,2023-09-11
B00MYWGJAM,2023-10-09
B00MYWGJAM,2023-11-06
B00MYWGJAM,2023-12-04
B00MYWGJAM,2024-01-01
B00MYWGJAM,2024-01-29
B00OG8FWCS,2023-11-06
B00OG8FWCS,2023-12-04
B00OG8FWCS,2024-01-01
B00OG8FWCS,2024-01-29
B00OGFI2MS,2023-02-27
B00OGFI2MS,2023-03-27
B00OGFI2MS,2023-04-24
B00OGFI2MS,2023-05-22
B00OGFI2MS,2023-06-19
B00OGFI2MS,2023-07-17
B00OGFI2MS,2023-08-14
B00OGFI2MS,2023-09-11
B00OGFI2MS,2023-10-09
B00OGFI2MS,2023-11-06
B00OGFI2MS,2023-12-04
B00OGFI2MS,2024-01-01
B00OGFI2MS,2024-01-29
B00OGFI8MC,2023-02-27
B00OGFI8MC,2023-03-27
B00OGFI8MC,2023-04-24
B00OGFI8MC,2023-05-22
B00OGFI8MC,2023-06-19
B00OGFI8MC,2023-07-17
B00OGFI8MC,2023-08-14
B00OGFI8MC,2023-09-11
B00OGFI8MC,2023-10-09
B00OGFI8MC,2023-11-06
B00OGFI8MC,2023-12-04
B00OGFI8MC,2024-01-01
B00OGFI8MC,2024-01-29
B00OK95ESU,2023-05-22
B00OK95ESU,2023-06-19
B00OK95ESU,2023-07-17
B00OK95ESU,2023-08-14
B00OK95ESU,2023-09-11
B00OK95ESU,2023-10-09
B00OK95ESU,2023-11-06
B00OK95ESU,2023-12-04
B00OK95ESU,2024-01-01
B00OK95ESU,2024-01-29
B00PCU0YA4,2023-02-27
B00PCU0YA4,2023-03-27
B00PCU0YA4,2023-04-24
B00PCU0YA4,2023-05-22
B00PCU0YA4,2023-06-19
B00PCU0YA4,2023-07-17
B00PCU0YA4,2023-08-14
B00PCU0YA4,2023-09-11
B00PCU0YA4,2023-10-09
B00PCU0YA4,2023-11-06
B00PCU0YA4,2023-12-04
B00PCU0YA4,2024-01-01
B00PCU0YA4,2024-01-29
B00PDLHBOE,2023-02-27
B00PDLHBOE,2023-03-27
B00PDLHBOE,2023-04-24
B00PDLHBOE,2023-05-22
B00PDLHBOE,2023-06-19
B00PDLHBOE,2023-07-17
B00PDLHBOE,2023-08-14
B00PDLHBOE,2023-09-11
B00PDLHBOE,2023-10-09
B00PDLHBOE,2023-11-06
B00PDLHBOE,2023-12-04
B00PDLHBOE,2024-01-01
B00PDLHBOE,2024-01-29
B00PIT52SI,2023-02-27
B00PIT52SI,2023-03-27
B00PIT52SI,2023-04-24
B00PIT52SI,2023-05-22
B00PIT52SI,2023-06-19
B00PIT52SI,2023-07-17
B00PIT52SI,2023-08-14
B00PIT52SI,2023-09-11
B00PIT52SI,2023-10-09
B00PIT52SI,2023-11-06
B00PIT52SI,2023-12-04
B00PIT52SI,2024-01-01
B00PIT52SI,2024-01-29
B00PLGX1YU,2023-02-27
B00PLGX1YU,2023-03-27
B00PLGX1YU,2023-04-24
B00PLGX1YU,2023-05-22
B00PLGX1YU,2023-06-19
B00PLGX1YU,2023-07-17
B00PLGX1YU,2023-08-14
B00PLGX1YU,2023-09-11
B00PLGX1YU,2023-10-09
B00PLGX1YU,2023-11-06
B00PLGX1YU,2023-12-04
B00PLGX1YU,2024-01-01
B00PLGX1YU,2024-01-29
B00PUREE4G,2023-02-27
B00PUREE4G,2023-03-27
B00PUREE4G,2023-04-24
B00PUREE4G,2023-05-22
B00PUREE4G,2023-06-19
B00PUREE4G,2023-07-17
B00PUREE4G,2023-08-14
B00PUREE4G,2023-09-11
B00PUREE4G,2023-10-09
B00PUREE4G,2023-11-06
B00PUREE4G,2023-12-04
B00PUREE4G,2024-01-01
B00PUREE4G,2024-01-29
B00Q5CH92E,2023-02-27
B00Q5CH92E,2023-03-27
B00Q5CH92E,2023-04-24
B00Q5CH92E,2023-05-22
B00Q5CH92E,2023-06-19
B00Q5CH92E,2023-07-17
B00Q5CH92E,2023-08-14
B00Q5CH92E,2023-09-11
B00Q5CH92E,2023-10-09
B00Q5CH92E,2023-11-06
B00Q5CH92E,2023-12-04
B00Q5CH92E,2024-01-01
B00Q5CH92E,2024-01-29
B00QCAKW1Y,2023-02-27
B00QCAKW1Y,2023-03-27
B00QCAKW1Y,2023-04-24
B00QCAKW1Y,2023-05-22
B00QCAKW1Y,2023-06-19
B00QCAKW1Y,2023-07-17
B00QCAKW1Y,2023-08-14
B00QCAKW1Y,2023-09-11
B00QCAKW1Y,2023-10-09
B00QCAKW1Y,2023-11-06
B00QCAKW1Y,2023-12-04
B00QCAKW1Y,2024-01-01
B00QCAKW1Y,2024-01-29
B00QHET6SA,2023-02-27
B00QHET6SA,2023-03-27
B00QHET6SA,2023-04-24
B00QHET6SA,2023-05-22
B00QHET6SA,2023-06-19
B00QHET6SA,2023-07-17
B00QHET6SA,2023-08-14
B00QHET6SA,2023-09-11
B00QHET6SA,2023-10-09
B00QHET6SA,2023-11-06
B00QHET6SA,2023-12-04
B00QHET6SA,2024-01-01
B00QHET6SA,2024-01-29
B00QOJ2YT6,2023-02-27
B00QOJ2YT6,2023-03-27
B00QOJ2YT6,2023-04-24
B00QOJ2YT6,2023-05-22
B00QOJ2YT6,2023-06-19
B00QOJ2YT6,2023-07-17
B00QOJ2YT6,2023-08-14
B00QOJ2YT6,2023-09-11
B00QOJ2YT6,2023-10-09
B00QOJ2YT6,2023-11-06
B00QOJ2YT6,2023-12-04
B00QOJ2YT6,2024-01-01
B00QOJ2YT6,2024-01-29
B00R435OAC,2023-02-27
B00R435OAC,2023-03-27
B00R435OAC,2023-04-24
B00R435OAC,2023-05-22
B00R435OAC,2023-06-19
B00R435OAC,2023-07-17
B00R435OAC,2023-08-14
B00R435OAC,2023-09-11
B00R435OAC,2023-10-09
B00R435OAC,2023-11-06
B00R435OAC,2023-12-04
B00R435OAC,2024-01-01
B00R435OAC,2024-01-29
B00R5MPDQM,2023-02-27
B00R5MPDQM,2023-03-27
B00R5MPDQM,2023-04-24
B00R5MPDQM,2023-05-22
B00R5MPDQM,2023-06-19
B00R5MPDQM,2023-07-17
B00R5MPDQM,2023-08-14
B00R5MPDQM,2023-09-11
B00R5MPDQM,2023-10-09
B00R5MPDQM,2023-11-06
B00R5MPDQM,2023-12-04
B00R5MPDQM,2024-01-01
B00R5MPDQM,2024-01-29
B00REQYQP8,2023-02-27
B00REQYQP8,2023-03-27
B00REQYQP8,2023-04-24
B00REQYQP8,2023-05-22
B00REQYQP8,2023-06-19
B00REQYQP8,2023-07-17
B00REQYQP8,2023-08-14
B00REQYQP8,2023-09-11
B00REQYQP8,2023-10-09
B00REQYQP8,2023-11-06
B00REQYQP8,2023-12-04
B00REQYQP8,2024-01-01
B00REQYQP8,2024-01-29
B00RMLV1P8,2023-02-27
B00RMLV1P8,2023-03-27
B00RMLV1P8,2023-04-24
B00RMLV1P8,2023-05-22
B00RMLV1P8,2023-06-19
B00RMLV1P8,2023-07-17
B00RMLV1P8,2023-08-14
B00RMLV1P8,2023-09-11
B00RMLV1P8,2023-10-09
B00RMLV1P8,2023-11-06
B00RMLV1P8,2023-12-04
B00RMLV1P8,2024-01-01
B00RMLV1P8,2024-01-29
B00RTC25Q4,2023-02-27
B00RTC25Q4,2023-03-27
B00RTC25Q4,2023-04-24
B00RTC25Q4,2023-05-22
B00RTC25Q4,2023-06-19
B00RTC25Q4,2023-07-17
B00RTC25Q4,2023-08-14
B00RTC25Q4,2023-09-11
B00RTC25Q4,2023-10-09
B00RTC25Q4,2023-11-06
B00RTC25Q4,2023-12-04
B00RTC25Q4,2024-01-01
B00RTC25Q4,2024-01-29
B00SO7HL2G,2023-02-27
B00SO7HL2G,2023-03-27
B00SO7HL2G,2023-04-24
B00SO7HL2G,2023-05-22
B00SO7HL2G,2023-06-19
B00SO7HL2G,2023-07-17
B00SO7HL2G,2023-08-14
B00SO7HL2G,2023-09-11
B00SO7HL2G,2023-10-09
B00SO7HL2G,2023-11-06
B00SO7HL2G,2023-12-04
B00SO7HL2G,2024-01-01
B00SO7HL2G,2024-01-29
B00SORNWYC,2023-02-27
B00SORNWYC,2023-03-27
B00SORNWYC,2023-04-24
B00SORNWYC,2023-05-22
B00SORNWYC,2023-06-19
B00SORNWYC,2023-07-17
B00SORNWYC,2023-08-14
B00SORNWYC,2023-09-11
B00SORNWYC,2023-10-09
B00SORNWYC,2023-11-06
B00SORNWYC,2023-12-04
B00SORNWYC,2024-01-01
B00SORNWYC,2024-01-29
B00SYIJZBU,2023-02-27
B00SYIJZBU,2023-03-27
B00SYIJZBU,2023-04-24
B00SYIJZBU,2023-05-22
B00SYIJZBU,2023-06-19
B00SYIJZBU,2023-07-17
B00SYIJZBU,2023-08-14
B00SYIJZBU,2023-09-11
B00SYIJZBU,2023-10-09
B00SYIJZBU,2023-11-06
B00SYIJZBU,2023-12-04
B00SYIJZBU,2024-01-01
B00SYIJZBU,2024-01-29
B00SYIK3N4,2023-02-27
B00SYIK3N4,2023-03-27
B00SYIK3N4,2023-04-24
B00SYIK3N4,2023-05-22
B00SYIK3N4,2023-06-19
B00SYIK3N4,2023-07-17
B00SYIK3N4,2023-08-14
B00SYIK3N4,2023-09-11
B00SYIK3N4,2023-10-09
B00SYIK3N4,2023-11-06
B00SYIK3N4,2023-12-04
B00SYIK3N4,2024-01-01
B00SYIK3N4,2024-01-29
B00T03TFJ0,2023-02-27
B00T03TFJ0,2023-03-27
B00T03TFJ0,2023-04-24
B00T03TFJ0,2023-05-22
B00T03TFJ0,2023-06-19
B00T03TFJ0,2023-07-17
B00T03TFJ0,2023-08-14
B00T03TFJ0,2023-09-11
B00T03TFJ0,2023-10-09
B00T03TFJ0,2023-11-06
B00T03TFJ0,2023-12-04
B00T03TFJ0,2024-01-01
B00T03TFJ0,2024-01-29
B00TBOT42Q,2023-02-27
B00TBOT42Q,2023-03-27
B00TBOT42Q,2023-04-24
B00TBOT42Q,2023-05-22
B00TBOT42Q,2023-06-19
B00TBOT42Q,2023-07-17
B00TBOT42Q,2023-08-14
B00TBOT42Q,2023-09-11
B00TBOT42Q,2023-10-09
B00TBOT42Q,2023-11-06
B00TBOT42Q,2023-12-04
B00TBOT42Q,2024-01-01
B00TBOT42Q,2024-01-29
B00TID6UIG,2023-02-27
B00TID6UIG,2023-03-27
B00TID6UIG,2023-04-24
B00TID6UIG,2023-05-22
B00TID6UIG,2023-06-19
B00TID6UIG,2023-07-17
B00TID6UIG,2023-08-14
B00TID6UIG,2023-09-11
B00TID6UIG,2023-10-09
B00TID6UIG,2023-11-06
B00TID6UIG,2023-12-04
B00TID6UIG,2024-01-01
B00TID6UIG,2024-01-29
B00TTL6BPY,2023-02-27
B00TTL6BPY,2023-03-27
B00TTL6BPY,2023-04-24
B00TTL6BPY,2023-05-22
B00TTL6BPY,2023-06-19
B00TTL6BPY,2023-07-17
B00TTL6BPY,2023-08-14
B00TTL6BPY,2023-09-11
B00TTL6BPY,2023-10-09
B00TTL6BPY,2023-11-06
B00TTL6BPY,2023-12-04
B00TTL6BPY,2024-01-01
B00TTL6BPY,2024-01-29
B00TXQPXKE,2023-02-27
B00TXQPXKE,2023-03-27
B00TXQPXKE,2023-04-24
B00TXQPXKE,2023-05-22
B00TXQPXKE,2023-06-19
B00TXQPXKE,2023-07-17
B00TXQPXKE,2023-08-14
B00TXQPXKE,2023-09-11
B00TXQPXKE,2023-10-09
B00TXQPXKE,2023-11-06
B00TXQPXKE,2023-12-04
B00TXQPXKE,2024-01-01
B00TXQPXKE,2024-01-29
B00TYH7X0A,2023-02-27
B00TYH7X0A,2023-03-27
B00TYH7X0A,2023-04-24
B00TYH7X0A,2023-05-22
B00TYH7X0A,2023-06-19
B00TYH7X0A,2023-07-17
B00TYH7X0A,2023-08-14
B00TYH7X0A,2023-09-11
B00TYH7X0A,2023-10-09
B00TYH7X0A,2023-11-06
B00TYH7X0A,2023-12-04
B00TYH7X0A,2024-01-01
B00TYH7X0A,2024-01-29
B00U8K2LHW,2023-02-27
B00U8K2LHW,2023-03-27
B00U8K2LHW,2023-04-24
B00U8K2LHW,2023-05-22
B00U8K2LHW,2023-06-19
B00U8K2LHW,2023-07-17
B00U8K2LHW,2023-08-14
B00U8K2LHW,2023-09-11
B00U8K2LHW,2023-10-09
B00U8K2LHW,2023-11-06
B00U8K2LHW,2023-12-04
B00U8K2LHW,2024-01-01
B00U8K2LHW,2024-01-29
B00UO1OBTQ,2023-04-24
B00UO1OBTQ,2023-05-22
B00UO1OBTQ,2023-06-19
B00UO1OBTQ,2023-07-17
B00UO1OBTQ,2023-08-14
B00UO1OBTQ,2023-09-11
B00UO1OBTQ,2023-10-09
B00UO1OBTQ,2023-11-06
B00UO1OBTQ,2023-12-04
B00UO1OBTQ,2024-01-01
B00UO1OBTQ,2024-01-29
B00UUBJX8O,2023-02-27
B00UUBJX8O,2023-03-27
B00UUBJX8O,2023-04-24
B00UUBJX8O,2023-05-22
B00UUBJX8O,2023-06-19
B00UUBJX8O,2023-07-17
B00UUBJX8O,2023-08-14
B00UUBJX8O,2023-09-11
B00UUBJX8O,2023-10-09
B00UUBJX8O,2023-11-06
B00UUBJX8O,2023-12-04
B00UUBJX8O,2024-01-01
B00UUBJX8O,2024-01-29
B00UZHXNAW,2023-02-27
B00UZHXNAW,2023-03-27
B00UZHXNAW,2023-04-24
B00UZHXNAW,2023-05-22
B00UZHXNAW,2023-06-19
B00UZHXNAW,2023-07-17
B00UZHXNAW,2023-08-14
B00UZHXNAW,2023-09-11
B00UZHXNAW,2023-10-09
B00UZHXNAW,2023-11-06
B00UZHXNAW,2023-12-04
B00UZHXNAW,2024-01-01
B00UZHXNAW,2024-01-29
B00VEGWRR8,2023-02-27
B00VEGWRR8,2023-03-27
B00VEGWRR8,2023-04-24
B00VEGWRR8,2023-05-22
B00VEGWRR8,2023-06-19
B00VEGWRR8,2023-07-17
B00VEGWRR8,2023-08-14
B00VEGWRR8,2023-09-11
B00VEGWRR8,2023-10-09
B00VEGWRR8,2023-11-06
B00VEGWRR8,2023-12-04
B00VEGWRR8,2024-01-01
B00VEGWRR8,2024-01-29
B00VEGZ0YA,2023-02-27
B00VEGZ0YA,2023-03-27
B00VEGZ0YA,2023-04-24
B00VEGZ0YA,2023-05-22
B00VEGZ0YA,2023-06-19
B00VEGZ0YA,2023-07-17
B00VEGZ0YA,2023-08-14
B00VEGZ0YA,2023-09-11
B00VEGZ0YA,2023-10-09
B00VEGZ0YA,2023-11-06
B00VEGZ0YA,2023-12-04
B00VEGZ0YA,2024-01-01
B00VEGZ0YA,2024-01-29
B00VGSJQQY,2023-02-27
B00VGSJQQY,2023-03-27
B00VGSJQQY,2023-04-24
B00VGSJQQY,2023-05-22
B00VGSJQQY,2023-06-19
B00VGSJQQY,2023-07-17
B00VGSJQQY,2023-08-14
B00VGSJQQY,2023-09-11
B00VGSJQQY,2023-10-09
B00VGSJQQY,2023-11-06
B00VGSJQQY,2023-12-04
B00VGSJQQY,2024-01-01
B00VGSJQQY,2024-01-29
B00VGSK2CQ,2023-02-27
B00VGSK2CQ,2023-03-27
B00VGSK2CQ,2023-04-24
B00VGSK2CQ,2023-05-22
B00VGSK2CQ,2023-06-19
B00VGSK2CQ,2023-07-17
B00VGSK2CQ,2023-08-14
B00VGSK2CQ,2023-09-11
B00VGSK2CQ,2023-10-09
B00VGSK2CQ,2023-11-06
B00VGSK2CQ,2023-12-04
B00VGSK2CQ,2024-01-01
B00VGSK2CQ,2024-01-29
B00VGTG6SY,2023-02-27
B00VGTG6SY,2023-03-27
B00VGTG6SY,2023-04-24
B00VGTG6SY,2023-05-22
B00VGTG6SY,2023-06-19
B00VGTG6SY,2023-07-17
B00VGTG6SY,2023-08-14
B00VGTG6SY,2023-09-11
B00VGTG6SY,2023-10-09
B00VGTG6SY,2023-11-06
B00VGTG6SY,2023-12-04
B00VGTG6SY,2024-01-01
B00VGTG6SY,2024-01-29
B00VJKTLK0,2023-02-27
B00VJKTLK0,2023-03-27
B00VJKTLK0,2023-04-24
B00VJKTLK0,2023-05-22
B00VJKTLK0,2023-06-19
B00VJKTLK0,2023-07-17
B00VJKTLK0,2023-08-14
B00VJKTLK0,2023-09-11
B00VJKTLK0,2023-10-09
B00VJKTLK0,2023-11-06
B00VJKTLK0,2023-12-04
B00VJKTLK0,2024-01-01
B00VJKTLK0,2024-01-29
B00VNY6EJ8,2023-02-27
B00VNY6EJ8,2023-03-27
B00VNY6EJ8,2023-04-24
B00VNY6EJ8,2023-05-22
B00VNY6EJ8,2023-06-19
B00VNY6EJ8,2023-07-17
B00VNY6EJ8,2023-08-14
B00VNY6EJ8,2023-09-11
B00VNY6EJ8,2023-10-09
B00VNY6EJ8,2023-11-06
B00VNY6EJ8,2023-12-04
B00VNY6EJ8,2024-01-01
B00VNY6EJ8,2024-01-29
B00VSFO8JK,2023-02-27
B00VSFO8JK,2023-03-27
B00VSFO8JK,2023-04-24
B00VSFO8JK,2023-05-22
B00VSFO8JK,2023-06-19
B00VSFO8JK,2023-07-17
B00VSFO8JK,2023-08-14
B00VSFO8JK,2023-09-11
B00VSFO8JK,2023-10-09
B00VSFO8JK,2023-11-06
B00VSFO8JK,2023-12-04
B00VSFO8JK,2024-01-01
B00VSFO8JK,2024-01-29
B00W8B4DPM,2023-02-27
B00W8B4DPM,2023-03-27
B00W8B4DPM,2023-04-24
B00W8B4DPM,2023-05-22
B00W8B4DPM,2023-06-19
B00W8B4DPM,2023-07-17
B00W8B4DPM,2023-08-14
B00W8B4DPM,2023-09-11
B00W8B4DPM,2023-10-09
B00W8B4DPM,2023-11-06
B00W8B4DPM,2023-12-04
B00W8B4DPM,2024-01-01
B00W8B4DPM,2024-01-29
B00WL1CEDW,2023-04-24
B00WL1CEDW,2023-05-22
B00WL1CEDW,2023-06-19
B00WL1CEDW,2023-07-17
B00WL1CEDW,2023-08-14
B00WL1CEDW,2023-09-11
B00WL1CEDW,2023-10-09
B00WL1CEDW,2023-11-06
B00WL1CEDW,2023-12-04
B00WL1CEDW,2024-01-01
B00WL1CEDW,2024-01-29
B00WL29ARO,2023-04-24
B00WL29ARO,2023-05-22
B00WL29ARO,2023-06-19
B00WL29ARO,2023-07-17
B00WL29ARO,2023-08-14
B00WL29ARO,2023-09-11
B00WL29ARO,2023-10-09
B00WL29ARO,2023-11-06
B00WL29ARO,2023-12-04
B00WL29ARO,2024-01-01
B00WL29ARO,2024-01-29
B00WS2MJIO,2023-02-27
B00WS2MJIO,2023-03-27
B00WS2MJIO,2023-04-24
B00WS2MJIO,2023-05-22
B00WS2MJIO,2023-06-19
B00WS2MJIO,2023-07-17
B00WS2MJIO,2023-08-14
B00WS2MJIO,2023-09-11
B00WS2MJIO,2023-10-09
B00WS2MJIO,2023-11-06
B00WS2MJIO,2023-12-04
B00WS2MJIO,2024-01-01
B00WS2MJIO,2024-01-29
B00WU39GW8,2023-02-27
B00WU39GW8,2023-03-27
B00WU39GW8,2023-04-24
B00WU39GW8,2023-05-22
B00WU39GW8,2023-06-19
B00WU39GW8,2023-07-17
B00WU39GW8,2023-08-14
B00WU39GW8,2023-09-11
B00WU39GW8,2023-10-09
B00WU39GW8,2023-11-06
B00WU39GW8,2023-12-04
B00WU39GW8,2024-01-01
B00WU39GW8,2024-01-29
B00X6W7S8Q,2023-02-27
B00X6W7S8Q,2023-03-27
B00X6W7S8Q,2023-04-24
B00X6W7S8Q,2023-05-22
B00X6W7S8Q,2023-06-19
B00X6W7S8Q,2023-07-17
B00X6W7S8Q,2023-08-14
B00X6W7S8Q,2023-09-11
B00X6W7S8Q,2023-10-09
B00X6W7S8Q,2023-11-06
B00X6W7S8Q,2023-12-04
B00X6W7S8Q,2024-01-01
B00X6W7S8Q,2024-01-29
B00X8R8C0C,2023-02-27
B00X8R8C0C,2023-03-27
B00X8R8C0C,2023-04-24
B00X8R8C0C,2023-05-22
B00X8R8C0C,2023-06-19
B00X8R8C0C,2023-07-17
B00X8R8C0C,2023-08-14
B00X8R8C0C,2023-09-11
B00X8R8C0C,2023-10-09
B00X8R8C0C,2023-11-06
B00X8R8C0C,2023-12-04
B00X8R8C0C,2024-01-01
B00X8R8C0C,2024-01-29
B00YCBBCHI,2023-02-27
B00YCBBCHI,2023-03-27
B00YCBBCHI,2023-04-24
B00YCBBCHI,2023-05-22
B00YCBBCHI,2023-06-19
B00YCBBCHI,2023-07-17
B00YCBBCHI,2023-08-14
B00YCBBCHI,2023-09-11
B00YCBBCHI,2023-10-09
B00YCBBCHI,2023-11-06
B00YCBBCHI,2023-12-04
B00YCBBCHI,2024-01-01
B00YCBBCHI,2024-01-29
B00YFQXO6C,2023-02-27
B00YFQXO6C,2023-03-27
B00YFQXO6C,2023-04-24
B00YFQXO6C,2023-05-22
B00YFQXO6C,2023-06-19
B00YFQXO6C,2023-07-17
B00YFQXO6C,2023-08-14
B00YFQXO6C,2023-09-11
B00YFQXO6C,2023-10-09
B00YFQXO6C,2023-11-06
B00YFQXO6C,2023-12-04
B00YFQXO6C,2024-01-01
B00YFQXO6C,2024-01-29
B00Z84COHU,2023-02-27
B00Z84COHU,2023-03-27
B00Z84COHU,2023-04-24
B00Z84COHU,2023-05-22
B00Z84COHU,2023-06-19
B00Z84COHU,2023-07-17
B00Z84COHU,2023-08-14
B00Z84COHU,2023-09-11
B00Z84COHU,2023-10-09
B00Z84COHU,2023-11-06
B00Z84COHU,2023-12-04
B00Z84COHU,2024-01-01
B00Z84COHU,2024-01-29
B00ZWQJYJK,2023-02-27
B00ZWQJYJK,2023-03-27
B00ZWQJYJK,2023-04-24
B00ZWQJYJK,2023-05-22
B00ZWQJYJK,2023-06-19
B00ZWQJYJK,2023-07-17
B00ZWQJYJK,2023-08-14
B00ZWQJYJK,2023-09-11
B00ZWQJYJK,2023-10-09
B00ZWQJYJK,2023-11-06
B00ZWQJYJK,2023-12-04
B00ZWQJYJK,2024-01-01
B00ZWQJYJK,2024-01-29
B00ZXAR7H6,2023-02-27
B00ZXAR7H6,2023-03-27
B00ZXAR7H6,2023-04-24
B00ZXAR7H6,2023-05-22
B00ZXAR7H6,2023-06-19
B00ZXAR7H6,2023-07-17
B00ZXAR7H6,2023-08-14
B00ZXAR7H6,2023-09-11
B00ZXAR7H6,2023-10-09
B00ZXAR7H6,2023-11-06
B00ZXAR7H6,2023-12-04
B00ZXAR7H6,2024-01-01
B00ZXAR7H6,2024-01-29
B010NNLK7A,2023-02-27
B010NNLK7A,2023-03-27
B010NNLK7A,2023-04-24
B010NNLK7A,2023-05-22
B010NNLK7A,2023-06-19
B010NNLK7A,2023-07-17
B010NNLK7A,2023-08-14
B010NNLK7A,2023-09-11
B010NNLK7A,2023-10-09
B010NNLK7A,2023-11-06
B010NNLK7A,2023-12-04
B010NNLK7A,2024-01-01
B010NNLK7A,2024-01-29
B010VIOU6A,2023-02-27
B010VIOU6A,2023-03-27
B010VIOU6A,2023-04-24
B010VIOU6A,2023-05-22
B010VIOU6A,2023-06-19
B010VIOU6A,2023-07-17
B010VIOU6A,2023-08-14
B010VIOU6A,2023-09-11
B010VIOU6A,2023-10-09
B010VIOU6A,2023-11-06
B010VIOU6A,2023-12-04
B010VIOU6A,2024-01-01
B010VIOU6A,2024-01-29
B0112KQ9MY,2023-02-27
B0112KQ9MY,2023-03-27
B0112KQ9MY,2023-04-24
B0112KQ9MY,2023-05-22
B0112KQ9MY,2023-06-19
B0112KQ9MY,2023-07-17
B0112KQ9MY,2023-08-14
B0112KQ9MY,2023-09-11
B0112KQ9MY,2023-10-09
B0112KQ9MY,2023-11-06
B0112KQ9MY,2023-12-04
B0112KQ9MY,2024-01-01
B0112KQ9MY,2024-01-29
B012A4HWQS,2023-02-27
B012A4HWQS,2023-03-27
B012A4HWQS,2023-04-24
B012A4HWQS,2023-05-22
B012A4HWQS,2023-06-19
B012A4HWQS,2023-07-17
B012A4HWQS,2023-08-14
B012A4HWQS,2023-09-11
B012A4HWQS,2023-10-09
B012A4HWQS,2023-11-06
B012A4HWQS,2023-12-04
B012A4HWQS,2024-01-01
B012A4HWQS,2024-01-29
B012TS3MWS,2023-02-27
B012TS3MWS,2023-03-27
B012TS3MWS,2023-04-24
B012TS3MWS,2023-05-22
B012TS3MWS,2023-06-19
B012TS3MWS,2023-07-17
B012TS3MWS,2023-08-14
B012TS3MWS,2023-09-11
B012TS3MWS,2023-10-09
B012TS3MWS,2023-11-06
B012TS3MWS,2023-12-04
B012TS3MWS,2024-01-01
B012TS3MWS,2024-01-29
B013RV1P48,2023-02-27
B013RV1P48,2023-03-27
B013RV1P48,2023-04-24
B013RV1P48,2023-05-22
B013RV1P48,2023-06-19
B013RV1P48,2023-07-17
B013RV1P48,2023-08-14
B013RV1P48,2023-09-11
B013RV1P48,2023-10-09
B013RV1P48,2023-11-06
B013RV1P48,2023-12-04
B013RV1P48,2024-01-01
B013RV1P48,2024-01-29
B0141J632E,2023-02-27
B0141J632E,2023-03-27
B0141J632E,2023-04-24
B0141J632E,2023-05-22
B0141J632E,2023-06-19
B0141J632E,2023-07-17
B0141J632E,2023-08-14
B0141J632E,2023-09-11
B0141J632E,2023-10-09
B0141J632E,2023-11-06
B0141J632E,2023-12-04
B0141J632E,2024-01-01
B0141J632E,2024-01-29
B014GB4C98,2023-02-27
B014GB4C98,2023-03-27
B014GB4C98,2023-04-24
B014GB4C98,2023-05-22
B014GB4C98,2023-06-19
B014GB4C98,2023-07-17
B014GB4C98,2023-08-14
B014GB4C98,2023-09-11
B014GB4C98,2023-10-09
B014GB4C98,2023-11-06
B014GB4C98,2023-12-04
B014GB4C98,2024-01-01
B014GB4C98,2024-01-29
B014PUIDDG,2023-07-17
B014PUIDDG,2023-08-14
B014PUIDDG,2023-09-11
B014PUIDDG,2023-10-09
B014PUIDDG,2023-11-06
B014PUIDDG,2023-12-04
B014PUIDDG,2024-01-01
B014PUIDDG,2024-01-29
B014RWYZSY,2023-07-17
B014RWYZSY,2023-08-14
B014RWYZSY,2023-09-11
B014RWYZSY,2023-10-09
B014RWYZSY,2023-11-06
B014RWYZSY,2023-12-04
B014RWYZSY,2024-01-01
B014RWYZSY,2024-01-29
B015VLKBXI,2023-02-27
B015VLKBXI,2023-03-27
B015VLKBXI,2023-04-24
B015VLKBXI,2023-05-22
B015VLKBXI,2023-06-19
B015VLKBXI,2023-07-17
B015VLKBXI,2023-08-14
B015VLKBXI,2023-09-11
B015VLKBXI,2023-10-09
B015VLKBXI,2023-11-06
B015VLKBXI,2023-12-04
B015VLKBXI,2024-01-01
B015VLKBXI,2024-01-29
B01698X2KQ,2023-02-27
B01698X2KQ,2023-03-27
B01698X2KQ,2023-04-24
B01698X2KQ,2023-05-22
B01698X2KQ,2023-06-19
B01698X2KQ,2023-07-17
B01698X2KQ,2023-08-14
B01698X2KQ,2023-09-11
B01698X2KQ,2023-10-09
B01698X2KQ,2023-11-06
B01698X2KQ,2023-12-04
B01698X2KQ,2024-01-01
B01698X2KQ,2024-01-29
B01698Y3IQ,2023-02-27
B01698Y3IQ,2023-03-27
B01698Y3IQ,2023-04-24
B01698Y3IQ,2023-05-22
B01698Y3IQ,2023-06-19
B01698Y3IQ,2023-07-17
B01698Y3IQ,2023-08-14
B01698Y3IQ,2023-09-11
B01698Y3IQ,2023-10-09
B01698Y3IQ,2023-11-06
B01698Y3IQ,2023-12-04
B01698Y3IQ,2024-01-01
B01698Y3IQ,2024-01-29
B016990Z64,2023-02-27
B016990Z64,2023-03-27
B016990Z64,2023-04-24
B016990Z64,2023-05-22
B016990Z64,2023-06-19
B016990Z64,2023-07-17
B016990Z64,2023-08-14
B016990Z64,2023-09-11
B016990Z64,2023-10-09
B016990Z64,2023-11-06
B016990Z64,2023-12-04
B016990Z64,2024-01-01
B016990Z64,2024-01-29
B016IHDRSU,2023-02-27
B016IHDRSU,2023-03-27
B016IHDRSU,2023-04-24
B016IHDRSU,2023-05-22
B016IHDRSU,2023-06-19
B016IHDRSU,2023-07-17
B016IHDRSU,2023-08-14
B016IHDRSU,2023-09-11
B016IHDRSU,2023-10-09
B016IHDRSU,2023-11-06
B016IHDRSU,2023-12-04
B016IHDRSU,2024-01-01
B016IHDRSU,2024-01-29
B016RDYQL2,2023-02-27
B016RDYQL2,2023-03-27
B016RDYQL2,2023-04-24
B016RDYQL2,2023-05-22
B016RDYQL2,2023-06-19
B016RDYQL2,2023-07-17
B016RDYQL2,2023-08-14
B016RDYQL2,2023-09-11
B016RDYQL2,2023-10-09
B016RDYQL2,2023-11-06
B016RDYQL2,2023-12-04
B016RDYQL2,2024-01-01
B016RDYQL2,2024-01-29
B016VWI6KQ,2023-02-27
B016VWI6KQ,2023-03-27
B016VWI6KQ,2023-04-24
B016VWI6KQ,2023-05-22
B016VWI6KQ,2023-06-19
B016VWI6KQ,2023-07-17
B016VWI6KQ,2023-08-14
B016VWI6KQ,2023-09-11
B016VWI6KQ,2023-10-09
B016VWI6KQ,2023-11-06
B016VWI6KQ,2023-12-04
B016VWI6KQ,2024-01-01
B016VWI6KQ,2024-01-29
B01750U4G2,2023-02-27
B01750U4G2,2023-03-27
B01750U4G2,2023-04-24
B01750U4G2,2023-05-22
B01750U4G2,2023-06-19
B01750U4G2,2023-07-17
B01750U4G2,2023-08-14
B01750U4G2,2023-09-11
B01750U4G2,2023-10-09
B01750U4G2,2023-11-06
B01750U4G2,2023-12-04
B01750U4G2,2024-01-01
B01750U4G2,2024-01-29
B017A2UNPM,2023-02-27
B017A2UNPM,2023-03-27
B017A2UNPM,2023-04-24
B017A2UNPM,2023-05-22
B017A2UNPM,2023-06-19
B017A2UNPM,2023-07-17
B017A2UNPM,2023-08-14
B017A2UNPM,2023-09-11
B017A2UNPM,2023-10-09
B017A2UNPM,2023-11-06
B017A2UNPM,2023-12-04
B017A2UNPM,2024-01-01
B017A2UNPM,2024-01-29
B0182PRRF0,2023-02-27
B0182PRRF0,2023-03-27
B0182PRRF0,2023-04-24
B0182PRRF0,2023-05-22
B0182PRRF0,2023-06-19
B0182PRRF0,2023-07-17
B0182PRRF0,2023-08-14
B0182PRRF0,2023-09-11
B0182PRRF0,2023-10-09
B0182PRRF0,2023-11-06
B0182PRRF0,2023-12-04
B0182PRRF0,2024-01-01
B0182PRRF0,2024-01-29
B018WYUMIU,2023-02-27
B018WYUMIU,2023-03-27
B018WYUMIU,2023-04-24
B018WYUMIU,2023-05-22
B018WYUMIU,2023-06-19
B018WYUMIU,2023-07-17
B018WYUMIU,2023-08-14
B018WYUMIU,2023-09-11
B018WYUMIU,2023-10-09
B018WYUMIU,2023-11-06
B018WYUMIU,2023-12-04
B018WYUMIU,2024-01-01
B018WYUMIU,2024-01-29
B018XPU0OY,2023-02-27
B018XPU0OY,2023-03-27
B018XPU0OY,2023-04-24
B018XPU0OY,2023-05-22
B018XPU0OY,2023-06-19
B018XPU0OY,2023-07-17
B018XPU0OY,2023-08-14
B018XPU0OY,2023-09-11
B018XPU0OY,2023-10-09
B018XPU0OY,2023-11-06
B018XPU0OY,2023-12-04
B018XPU0OY,2024-01-01
B018XPU0OY,2024-01-29
B01A7AB9MA,2023-02-27
B01A7AB9MA,2023-03-27
B01A7AB9MA,2023-04-24
B01A7AB9MA,2023-05-22
B01A7AB9MA,2023-06-19
B01A7AB9MA,2023-07-17
B01A7AB9MA,2023-08-14
B01A7AB9MA,2023-09-11
B01A7AB9MA,2023-10-09
B01A7AB9MA,2023-11-06
B01A7AB9MA,2023-12-04
B01A7AB9MA,2024-01-01
B01A7AB9MA,2024-01-29
B01A8XTHHA,2023-02-27
B01A8XTHHA,2023-03-27
B01A8XTHHA,2023-04-24
B01A8XTHHA,2023-05-22
B01A8XTHHA,2023-06-19
B01A8XTHHA,2023-07-17
B01A8XTHHA,2023-08-14
B01A8XTHHA,2023-09-11
B01A8XTHHA,2023-10-09
B01A8XTHHA,2023-11-06
B01A8XTHHA,2023-12-04
B01A8XTHHA,2024-01-01
B01A8XTHHA,2024-01-29
B01ACE4MIE,2023-02-27
B01ACE4MIE,2023-03-27
B01ACE4MIE,2023-04-24
B01ACE4MIE,2023-05-22
B01ACE4MIE,2023-06-19
B01ACE4MIE,2023-07-17
B01ACE4MIE,2023-08-14
B01ACE4MIE,2023-09-11
B01ACE4MIE,2023-10-09
B01ACE4MIE,2023-11-06
B01ACE4MIE,2023-12-04
B01ACE4MIE,2024-01-01
B01ACE4MIE,2024-01-29
B01ADUAW4K,2023-02-27
B01ADUAW4K,2023-03-27
B01ADUAW4K,2023-04-24
B01ADUAW4K,2023-05-22
B01ADUAW4K,2023-06-19
B01ADUAW4K,2023-07-17
B01ADUAW4K,2023-08-14
B01ADUAW4K,2023-09-11
B01ADUAW4K,2023-10-09
B01ADUAW4K,2023-11-06
B01ADUAW4K,2023-12-04
B01ADUAW4K,2024-01-01
B01ADUAW4K,2024-01-29
B01AF533X0,2023-02-27
B01AF533X0,2023-03-27
B01AF533X0,2023-04-24
B01AF533X0,2023-05-22
B01AF533X0,2023-06-19
B01AF533X0,2023-07-17
B01AF533X0,2023-08-14
B01AF533X0,2023-09-11
B01AF533X0,2023-10-09
B01AF533X0,2023-11-06
B01AF533X0,2023-12-04
B01AF533X0,2024-01-01
B01AF533X0,2024-01-29
B01AHI80ZG,2023-02-27
B01AHI80ZG,2023-03-27
B01AHI80ZG,2023-04-24
B01AHI80ZG,2023-05-22
B01AHI80ZG,2023-06-19
B01AHI80ZG,2023-07-17
B01AHI80ZG,2023-08-14
B01AHI80ZG,2023-09-11
B01AHI80ZG,2023-10-09
B01AHI80ZG,2023-11-06
B01AHI80ZG,2023-12-04
B01AHI80ZG,2024-01-01
B01AHI80ZG,2024-01-29
B01AJPDRN2,2023-02-27
B01AJPDRN2,2023-03-27
B01AJPDRN2,2023-04-24
B01AJPDRN2,2023-05-22
B01AJPDRN2,2023-06-19
B01AJPDRN2,2023-07-17
B01AJPDRN2,2023-08-14
B01AJPDRN2,2023-09-11
B01AJPDRN2,2023-10-09
B01AJPDRN2,2023-11-06
B01AJPDRN2,2023-12-04
B01AJPDRN2,2024-01-01
B01AJPDRN2,2024-01-29
B01ARERM6I,2023-02-27
B01ARERM6I,2023-03-27
B01ARERM6I,2023-04-24
B01ARERM6I,2023-05-22
B01ARERM6I,2023-06-19
B01ARERM6I,2023-07-17
B01ARERM6I,2023-08-14
B01ARERM6I,2023-09-11
B01ARERM6I,2023-10-09
B01ARERM6I,2023-11-06
B01ARERM6I,2023-12-04
B01ARERM6I,2024-01-01
B01ARERM6I,2024-01-29
B01ARERP4C,2023-02-27
B01ARERP4C,2023-03-27
B01ARERP4C,2023-04-24
B01ARERP4C,2023-05-22
B01ARERP4C,2023-06-19
B01ARERP4C,2023-07-17
B01ARERP4C,2023-08-14
B01ARERP4C,2023-09-11
B01ARERP4C,2023-10-09
B01ARERP4C,2023-11-06
B01ARERP4C,2023-12-04
B01ARERP4C,2024-01-01
B01ARERP4C,2024-01-29
B01ARGC5F4,2023-02-27
B01ARGC5F4,2023-03-27
B01ARGC5F4,2023-04-24
B01ARGC5F4,2023-05-22
B01ARGC5F4,2023-06-19
B01ARGC5F4,2023-07-17
B01ARGC5F4,2023-08-14
B01ARGC5F4,2023-09-11
B01ARGC5F4,2023-10-09
B01ARGC5F4,2023-11-06
B01ARGC5F4,2023-12-04
B01ARGC5F4,2024-01-01
B01ARGC5F4,2024-01-29
B01ASVCW1U,2023-02-27
B01ASVCW1U,2023-03-27
B01ASVCW1U,2023-04-24
B01ASVCW1U,2023-05-22
B01ASVCW1U,2023-06-19
B01ASVCW1U,2023-07-17
B01ASVCW1U,2023-08-14
B01ASVCW1U,2023-09-11
B01ASVCW1U,2023-10-09
B01ASVCW1U,2023-11-06
B01ASVCW1U,2023-12-04
B01ASVCW1U,2024-01-01
B01ASVCW1U,2024-01-29
B01B7FU2NQ,2023-02-27
B01B7FU2NQ,2023-03-27
B01B7FU2NQ,2023-04-24
B01B7FU2NQ,2023-05-22
B01B7FU2NQ,2023-06-19
B01B7FU2NQ,2023-07-17
B01B7FU2NQ,2023-08-14
B01B7FU2NQ,2023-09-11
B01B7FU2NQ,2023-10-09
B01B7FU2NQ,2023-11-06
B01B7FU2NQ,2023-12-04
B01B7FU2NQ,2024-01-01
B01B7FU2NQ,2024-01-29
B01BE3TYTE,2023-02-27
B01BE3TYTE,2023-03-27
B01BE3TYTE,2023-04-24
B01BE3TYTE,2023-05-22
B01BE3TYTE,2023-06-19
B01BE3TYTE,2023-07-17
B01BE3TYTE,2023-08-14
B01BE3TYTE,2023-09-11
B01BE3TYTE,2023-10-09
B01BE3TYTE,2023-11-06
B01BE3TYTE,2023-12-04
B01BE3TYTE,2024-01-01
B01BE3TYTE,2024-01-29
B01BE3UMXG,2023-02-27
B01BE3UMXG,2023-03-27
B01BE3UMXG,2023-04-24
B01BE3UMXG,2023-05-22
B01BE3UMXG,2023-06-19
B01BE3UMXG,2023-07-17
B01BE3UMXG,2023-08-14
B01BE3UMXG,2023-09-11
B01BE3UMXG,2023-10-09
B01BE3UMXG,2023-11-06
B01BE3UMXG,2023-12-04
B01BE3UMXG,2024-01-01
B01BE3UMXG,2024-01-29
B01BMW645O,2023-02-27
B01BMW645O,2023-03-27
B01BMW645O,2023-04-24
B01BMW645O,2023-05-22
B01BMW645O,2023-06-19
B01BMW645O,2023-07-17
B01BMW645O,2023-08-14
B01BMW645O,2023-09-11
B01BMW645O,2023-10-09
B01BMW645O,2023-11-06
B01BMW645O,2023-12-04
B01BMW645O,2024-01-01
B01BMW645O,2024-01-29
B01C35QI50,2023-02-27
B01C35QI50,2023-03-27
B01C35QI50,2023-04-24
B01C35QI50,2023-05-22
B01C35QI50,2023-06-19
B01C35QI50,2023-07-17
B01C35QI50,2023-08-14
B01C35QI50,2023-09-11
B01C35QI50,2023-10-09
B01C35QI50,2023-11-06
B01C35QI50,2023-12-04
B01C35QI50,2024-01-01
B01C35QI50,2024-01-29
B01C35QI5A,2023-03-27
B01C35QI5A,2023-04-24
B01C35QI5A,2023-05-22
B01C35QI5A,2023-06-19
B01C35QI5A,2023-07-17
B01C35QI5A,2023-08-14
B01C35QI5A,2023-09-11
B01C35QI5A,2023-10-09
B01C35QI5A,2023-11-06
B01C35QI5A,2023-12-04
B01C35QI5A,2024-01-01
B01C35QI5A,2024-01-29
B01C7PKS5W,2023-02-27
B01C7PKS5W,2023-03-27
B01C7PKS5W,2023-04-24
B01C7PKS5W,2023-05-22
B01C7PKS5W,2023-06-19
B01C7PKS5W,2023-07-17
B01C7PKS5W,2023-08-14
B01C7PKS5W,2023-09-11
B01C7PKS5W,2023-10-09
B01C7PKS5W,2023-11-06
B01C7PKS5W,2023-12-04
B01C7PKS5W,2024-01-01
B01C7PKS5W,2024-01-29
B01CL9X928,2023-02-27
B01CL9X928,2023-03-27
B01CL9X928,2023-04-24
B01CL9X928,2023-05-22
B01CL9X928,2023-06-19
B01CL9X928,2023-07-17
B01CL9X928,2023-08-14
B01CL9X928,2023-09-11
B01CL9X928,2023-10-09
B01CL9X928,2023-11-06
B01CL9X928,2023-12-04
B01CL9X928,2024-01-01
B01CL9X928,2024-01-29
B01CML423U,2023-02-27
B01CML423U,2023-03-27
B01CML423U,2023-04-24
B01CML423U,2023-05-22
B01CML423U,2023-06-19
B01CML423U,2023-07-17
B01CML423U,2023-08-14
B01CML423U,2023-09-11
B01CML423U,2023-10-09
B01CML423U,2023-11-06
B01CML423U,2023-12-04
B01CML423U,2024-01-01
B01CML423U,2024-01-29
B01CYE222I,2023-02-27
B01CYE222I,2023-03-27
B01CYE222I,2023-04-24
B01CYE222I,2023-05-22
B01CYE222I,2023-06-19
B01CYE222I,2023-07-17
B01CYE222I,2023-08-14
B01CYE222I,2023-09-11
B01CYE222I,2023-10-09
B01CYE222I,2023-11-06
B01CYE222I,2023-12-04
B01CYE222I,2024-01-01
B01CYE222I,2024-01-29
B01CZTZ17K,2023-02-27
B01CZTZ17K,2023-03-27
B01CZTZ17K,2023-04-24
B01CZTZ17K,2023-05-22
B01CZTZ17K,2023-06-19
B01CZTZ17K,2023-07-17
B01CZTZ17K,2023-08-14
B01CZTZ17K,2023-09-11
B01CZTZ17K,2023-10-09
B01CZTZ17K,2023-11-06
B01CZTZ17K,2023-12-04
B01CZTZ17K,2024-01-01
B01CZTZ17K,2024-01-29
B01D6KL1KS,2023-02-27
B01D6KL1KS,2023-03-27
B01D6KL1KS,2023-04-24
B01D6KL1KS,2023-05-22
B01D6KL1KS,2023-06-19
B01D6KL1KS,2023-07-17
B01D6KL1KS,2023-08-14
B01D6KL1KS,2023-09-11
B01D6KL1KS,2023-10-09
B01D6KL1KS,2023-11-06
B01D6KL1KS,2023-12-04
B01D6KL1KS,2024-01-01
B01D6KL1KS,2024-01-29
B01DU5M5T0,2023-02-27
B01DU5M5T0,2023-03-27
B01DU5M5T0,2023-04-24
B01DU5M5T0,2023-05-22
B01DU5M5T0,2023-06-19
B01DU5M5T0,2023-07-17
B01DU5M5T0,2023-08-14
B01DU5M5T0,2023-09-11
B01DU5M5T0,2023-10-09
B01DU5M5T0,2023-11-06
B01DU5M5T0,2023-12-04
B01DU5M5T0,2024-01-01
B01DU5M5T0,2024-01-29
B01DVT7PW2,2023-02-27
B01DVT7PW2,2023-03-27
B01DVT7PW2,2023-04-24
B01DVT7PW2,2023-05-22
B01DVT7PW2,2023-06-19
B01DVT7PW2,2023-07-17
B01DVT7PW2,2023-08-14
B01DVT7PW2,2023-09-11
B01DVT7PW2,2023-10-09
B01DVT7PW2,2023-11-06
B01DVT7PW2,2023-12-04
B01DVT7PW2,2024-01-01
B01DVT7PW2,2024-01-29
B01DXJBJDQ,2023-02-27
B01DXJBJDQ,2023-03-27
B01DXJBJDQ,2023-04-24
B01DXJBJDQ,2023-05-22
B01DXJBJDQ,2023-06-19
B01DXJBJDQ,2023-07-17
B01DXJBJDQ,2023-08-14
B01DXJBJDQ,2023-09-11
B01DXJBJDQ,2023-10-09
B01DXJBJDQ,2023-11-06
B01DXJBJDQ,2023-12-04
B01DXJBJDQ,2024-01-01
B01DXJBJDQ,2024-01-29
B01EAEQKB4,2023-02-27
B01EAEQKB4,2023-03-27
B01EAEQKB4,2023-04-24
B01EAEQKB4,2023-05-22
B01EAEQKB4,2023-06-19
B01EAEQKB4,2023-07-17
B01EAEQKB4,2023-08-14
B01EAEQKB4,2023-09-11
B01EAEQKB4,2023-10-09
B01EAEQKB4,2023-11-06
B01EAEQKB4,2023-12-04
B01EAEQKB4,2024-01-01
B01EAEQKB4,2024-01-29
B01EAEQL8Q,2023-02-27
B01EAEQL8Q,2023-03-27
B01EAEQL8Q,2023-04-24
B01EAEQL8Q,2023-05-22
B01EAEQL8Q,2023-06-19
B01EAEQL8Q,2023-07-17
B01EAEQL8Q,2023-08-14
B01EAEQL8Q,2023-09-11
B01EAEQL8Q,2023-10-09
B01EAEQL8Q,2023-11-06
B01EAEQL8Q,2023-12-04
B01EAEQL8Q,2024-01-01
B01EAEQL8Q,2024-01-29
B01ECHXFD0,2023-02-27
B01ECHXFD0,2023-03-27
B01ECHXFD0,2023-04-24
B01ECHXFD0,2023-05-22
B01ECHXFD0,2023-06-19
B01ECHXFD0,2023-07-17
B01ECHXFD0,2023-08-14
B01ECHXFD0,2023-09-11
B01ECHXFD0,2023-10-09
B01ECHXFD0,2023-11-06
B01ECHXFD0,2023-12-04
B01ECHXFD0,2024-01-01
B01ECHXFD0,2024-01-29
B01ECHXV5M,2023-02-27
B01ECHXV5M,2023-03-27
B01ECHXV5M,2023-04-24
B01ECHXV5M,2023-05-22
B01ECHXV5M,2023-06-19
B01ECHXV5M,2023-07-17
B01ECHXV5M,2023-08-14
B01ECHXV5M,2023-09-11
B01ECHXV5M,2023-10-09
B01ECHXV5M,2023-11-06
B01ECHXV5M,2023-12-04
B01ECHXV5M,2024-01-01
B01ECHXV5M,2024-01-29
B01ECHXV7U,2023-02-27
B01ECHXV7U,2023-03-27
B01ECHXV7U,2023-04-24
B01ECHXV7U,2023-05-22
B01ECHXV7U,2023-06-19
B01ECHXV7U,2023-07-17
B01ECHXV7U,2023-08-14
B01ECHXV7U,2023-09-11
B01ECHXV7U,2023-10-09
B01ECHXV7U,2023-11-06
B01ECHXV7U,2023-12-04
B01ECHXV7U,2024-01-01
B01ECHXV7U,2024-01-29
B01FH6EJSA,2023-02-27
B01FH6EJSA,2023-03-27
B01FH6EJSA,2023-04-24
B01FH6EJSA,2023-05-22
B01FH6EJSA,2023-06-19
B01FH6EJSA,2023-07-17
B01FH6EJSA,2023-08-14
B01FH6EJSA,2023-09-11
B01FH6EJSA,2023-10-09
B01FH6EJSA,2023-11-06
B01FH6EJSA,2023-12-04
B01FH6EJSA,2024-01-01
B01FH6EJSA,2024-01-29
B01FKIPDZS,2023-02-27
B01FKIPDZS,2023-03-27
B01FKIPDZS,2023-04-24
B01FKIPDZS,2023-05-22
B01FKIPDZS,2023-06-19
B01FKIPDZS,2023-07-17
B01FKIPDZS,2023-08-14
B01FKIPDZS,2023-09-11
B01FKIPDZS,2023-10-09
B01FKIPDZS,2023-11-06
B01FKIPDZS,2023-12-04
B01FKIPDZS,2024-01-01
B01FKIPDZS,2024-01-29
B01FVCXLP2,2023-02-27
B01FVCXLP2,2023-03-27
B01FVCXLP2,2023-04-24
B01FVCXLP2,2023-05-22
B01FVCXLP2,2023-06-19
B01FVCXLP2,2023-07-17
B01FVCXLP2,2023-08-14
B01FVCXLP2,2023-09-11
B01FVCXLP2,2023-10-09
B01FVCXLP2,2023-11-06
B01FVCXLP2,2023-12-04
B01FVCXLP2,2024-01-01
B01FVCXLP2,2024-01-29
B01G0TNICG,2023-02-27
B01G0TNICG,2023-03-27
B01G0TNICG,2023-04-24
B01G0TNICG,2023-05-22
B01G0TNICG,2023-06-19
B01G0TNICG,2023-07-17
B01G0TNICG,2023-08-14
B01G0TNICG,2023-09-11
B01G0TNICG,2023-10-09
B01G0TNICG,2023-11-06
B01G0TNICG,2023-12-04
B01G0TNICG,2024-01-01
B01G0TNICG,2024-01-29
B01GI4CE9G,2023-02-27
B01GI4CE9G,2023-03-27
B01GI4CE9G,2023-04-24
B01GI4CE9G,2023-05-22
B01GI4CE9G,2023-06-19
B01GI4CE9G,2023-07-17
B01GI4CE9G,2023-08-14
B01GI4CE9G,2023-09-11
B01GI4CE9G,2023-10-09
B01GI4CE9G,2023-11-06
B01GI4CE9G,2023-12-04
B01GI4CE9G,2024-01-01
B01GI4CE9G,2024-01-29
B01GK30RRQ,2023-02-27
B01GK30RRQ,2023-03-27
B01GK30RRQ,2023-04-24
B01GK30RRQ,2023-05-22
B01GK30RRQ,2023-06-19
B01GK30RRQ,2023-07-17
B01GK30RRQ,2023-08-14
B01GK30RRQ,2023-09-11
B01GK30RRQ,2023-10-09
B01GK30RRQ,2023-11-06
B01GK30RRQ,2023-12-04
B01GK30RRQ,2024-01-01
B01GK30RRQ,2024-01-29
B01HBEDJZ0,2023-02-27
B01HBEDJZ0,2023-03-27
B01HBEDJZ0,2023-04-24
B01HBEDJZ0,2023-05-22
B01HBEDJZ0,2023-06-19
B01HBEDJZ0,2023-07-17
B01HBEDJZ0,2023-08-14
B01HBEDJZ0,2023-09-11
B01HBEDJZ0,2023-10-09
B01HBEDJZ0,2023-11-06
B01HBEDJZ0,2023-12-04
B01HBEDJZ0,2024-01-01
B01HBEDJZ0,2024-01-29
B01HDMLTK2,2023-02-27
B01HDMLTK2,2023-03-27
B01HDMLTK2,2023-04-24
B01HDMLTK2,2023-05-22
B01HDMLTK2,2023-06-19
B01HDMLTK2,2023-07-17
B01HDMLTK2,2023-08-14
B01HDMLTK2,2023-09-11
B01HDMLTK2,2023-10-09
B01HDMLTK2,2023-11-06
B01HDMLTK2,2023-12-04
B01HDMLTK2,2024-01-01
B01HDMLTK2,2024-01-29
B01HF5TUAS,2023-02-27
B01HF5TUAS,2023-03-27
B01HF5TUAS,2023-04-24
B01HF5TUAS,2023-05-22
B01HF5TUAS,2023-06-19
B01HF5TUAS,2023-07-17
B01HF5TUAS,2023-08-14
B01HF5TUAS,2023-09-11
B01HF5TUAS,2023-10-09
B01HF5TUAS,2023-11-06
B01HF5TUAS,2023-12-04
B01HF5TUAS,2024-01-01
B01HF5TUAS,2024-01-29
B01HG36I90,2023-02-27
B01HG36I90,2023-03-27
B01HG36I90,2023-04-24
B01HG36I90,2023-05-22
B01HG36I90,2023-06-19
B01HG36I90,2023-07-17
B01HG36I90,2023-08-14
B01HG36I90,2023-09-11
B01HG36I90,2023-10-09
B01HG36I90,2023-11-06
B01HG36I90,2023-12-04
B01HG36I90,2024-01-01
B01HG36I90,2024-01-29
B01HPCWUDK,2023-02-27
B01HPCWUDK,2023-03-27
B01HPCWUDK,2023-04-24
B01HPCWUDK,2023-05-22
B01HPCWUDK,2023-06-19
B01HPCWUDK,2023-07-17
B01HPCWUDK,2023-08-14
B01HPCWUDK,2023-09-11
B01HPCWUDK,2023-10-09
B01HPCWUDK,2023-11-06
B01HPCWUDK,2023-12-04
B01HPCWUDK,2024-01-01
B01HPCWUDK,2024-01-29
B01I0ZQQZY,2023-02-27
B01I0ZQQZY,2023-03-27
B01I0ZQQZY,2023-04-24
B01I0ZQQZY,2023-05-22
B01I0ZQQZY,2023-06-19
B01I0ZQQZY,2023-07-17
B01I0ZQQZY,2023-08-14
B01I0ZQQZY,2023-09-11
B01I0ZQQZY,2023-10-09
B01I0ZQQZY,2023-11-06
B01I0ZQQZY,2023-12-04
B01I0ZQQZY,2024-01-01
B01I0ZQQZY,2024-01-29
B01IDW5YUW,2023-02-27
B01IDW5YUW,2023-03-27
B01IDW5YUW,2023-04-24
B01IDW5YUW,2023-05-22
B01IDW5YUW,2023-06-19
B01IDW5YUW,2023-07-17
B01IDW5YUW,2023-08-14
B01IDW5YUW,2023-09-11
B01IDW5YUW,2023-10-09
B01IDW5YUW,2023-11-06
B01IDW5YUW,2023-12-04
B01IDW5YUW,2024-01-01
B01IDW5YUW,2024-01-29
B01IDW5Z06,2023-02-27
B01IDW5Z06,2023-03-27
B01IDW5Z06,2023-04-24
B01IDW5Z06,2023-05-22
B01IDW5Z06,2023-06-19
B01IDW5Z06,2023-07-17
B01IDW5Z06,2023-08-14
B01IDW5Z06,2023-09-11
B01IDW5Z06,2023-10-09
B01IDW5Z06,2023-11-06
B01IDW5Z06,2023-12-04
B01IDW5Z06,2024-01-01
B01IDW5Z06,2024-01-29
B01IDW66NG,2023-02-27
B01IDW66NG,2023-03-27
B01IDW66NG,2023-04-24
B01IDW66NG,2023-05-22
B01IDW66NG,2023-06-19
B01IDW66NG,2023-07-17
B01IDW66NG,2023-08-14
B01IDW66NG,2023-09-11
B01IDW66NG,2023-10-09
B01IDW66NG,2023-11-06
B01IDW66NG,2023-12-04
B01IDW66NG,2024-01-01
B01IDW66NG,2024-01-29
B01IDW66UE,2023-02-27
B01IDW66UE,2023-03-27
B01IDW66UE,2023-04-24
B01IDW66UE,2023-05-22
B01IDW66UE,2023-06-19
B01IDW66UE,2023-07-17
B01IDW66UE,2023-08-14
B01IDW66UE,2023-09-11
B01IDW66UE,2023-10-09
B01IDW66UE,2023-11-06
B01IDW66UE,2023-12-04
B01IDW66UE,2024-01-01
B01IDW66UE,2024-01-29
B01IDW6KZ0,2023-02-27
B01IDW6KZ0,2023-03-27
B01IDW6KZ0,2023-04-24
B01IDW6KZ0,2023-05-22
B01IDW6KZ0,2023-06-19
B01IDW6KZ0,2023-07-17
B01IDW6KZ0,2023-08-14
B01IDW6KZ0,2023-09-11
B01IDW6KZ0,2023-10-09
B01IDW6KZ0,2023-11-06
B01IDW6KZ0,2023-12-04
B01IDW6KZ0,2024-01-01
B01IDW6KZ0,2024-01-29
B01ISKSWZI,2023-02-27
B01ISKSWZI,2023-03-27
B01ISKSWZI,2023-04-24
B01ISKSWZI,2023-05-22
B01ISKSWZI,2023-06-19
B01ISKSWZI,2023-07-17
B01ISKSWZI,2023-08-14
B01ISKSWZI,2023-09-11
B01ISKSWZI,2023-10-09
B01ISKSWZI,2023-11-06
B01ISKSWZI,2023-12-04
B01ISKSWZI,2024-01-01
B01ISKSWZI,2024-01-29
B01IXOFKTU,2023-02-27
B01IXOFKTU,2023-03-27
B01IXOFKTU,2023-04-24
B01IXOFKTU,2023-05-22
B01IXOFKTU,2023-06-19
B01IXOFKTU,2023-07-17
B01IXOFKTU,2023-08-14
B01IXOFKTU,2023-09-11
B01IXOFKTU,2023-10-09
B01IXOFKTU,2023-11-06
B01IXOFKTU,2023-12-04
B01IXOFKTU,2024-01-01
B01IXOFKTU,2024-01-29
B01JA5XPKM,2023-02-27
B01JA5XPKM,2023-03-27
B01JA5XPKM,2023-04-24
B01JA5XPKM,2023-05-22
B01JA5XPKM,2023-06-19
B01JA5XPKM,2023-07-17
B01JA5XPKM,2023-08-14
B01JA5XPKM,2023-09-11
B01JA5XPKM,2023-10-09
B01JA5XPKM,2023-11-06
B01JA5XPKM,2023-12-04
B01JA5XPKM,2024-01-01
B01JA5XPKM,2024-01-29
B01JA5Y19Q,2023-02-27
B01JA5Y19Q,2023-03-27
B01JA5Y19Q,2023-04-24
B01JA5Y19Q,2023-05-22
B01JA5Y19Q,2023-06-19
B01JA5Y19Q,2023-07-17
B01JA5Y19Q,2023-08-14
B01JA5Y19Q,2023-09-11
B01JA5Y19Q,2023-10-09
B01JA5Y19Q,2023-11-06
B01JA5Y19Q,2023-12-04
B01JA5Y19Q,2024-01-01
B01JA5Y19Q,2024-01-29
B01JAHZPMG,2023-02-27
B01JAHZPMG,2023-03-27
B01JAHZPMG,2023-04-24
B01JAHZPMG,2023-05-22
B01JAHZPMG,2023-06-19
B01JAHZPMG,2023-07-17
B01JAHZPMG,2023-08-14
B01JAHZPMG,2023-09-11
B01JAHZPMG,2023-10-09
B01JAHZPMG,2023-11-06
B01JAHZPMG,2023-12-04
B01JAHZPMG,2024-01-01
B01JAHZPMG,2024-01-29
B01KJNM7O4,2023-02-27
B01KJNM7O4,2023-03-27
B01KJNM7O4,2023-04-24
B01KJNM7O4,2023-05-22
B01KJNM7O4,2023-06-19
B01KJNM7O4,2023-07-17
B01KJNM7O4,2023-08-14
B01KJNM7O4,2023-09-11
B01KJNM7O4,2023-10-09
B01KJNM7O4,2023-11-06
B01KJNM7O4,2023-12-04
B01KJNM7O4,2024-01-01
B01KJNM7O4,2024-01-29
B01L0EOYRE,2023-02-27
B01L0EOYRE,2023-03-27
B01L0EOYRE,2023-04-24
B01L0EOYRE,2023-05-22
B01L0EOYRE,2023-06-19
B01L0EOYRE,2023-07-17
B01L0EOYRE,2023-08-14
B01L0EOYRE,2023-09-11
B01L0EOYRE,2023-10-09
B01L0EOYRE,2023-11-06
B01L0EOYRE,2023-12-04
B01L0EOYRE,2024-01-01
B01L0EOYRE,2024-01-29
B01L630XGA,2023-02-27
B01L630XGA,2023-03-27
B01L630XGA,2023-04-24
B01L630XGA,2023-05-22
B01L630XGA,2023-06-19
B01L630XGA,2023-07-17
B01L630XGA,2023-08-14
B01L630XGA,2023-09-11
B01L630XGA,2023-10-09
B01L630XGA,2023-11-06
B01L630XGA,2023-12-04
B01L630XGA,2024-01-01
B01L630XGA,2024-01-29
B01LMEYCFQ,2023-02-27
B01LMEYCFQ,2023-03-27
B01LMEYCFQ,2023-04-24
B01LMEYCFQ,2023-05-22
B01LMEYCFQ,2023-06-19
B01LMEYCFQ,2023-07-17
B01LMEYCFQ,2023-08-14
B01LMEYCFQ,2023-09-11
B01LMEYCFQ,2023-10-09
B01LMEYCFQ,2023-11-06
B01LMEYCFQ,2023-12-04
B01LMEYCFQ,2024-01-01
B01LMEYCFQ,2024-01-29
B01LXSV4ML,2023-02-27
B01LXSV4ML,2023-03-27
B01LXSV4ML,2023-04-24
B01LXSV4ML,2023-05-22
B01LXSV4ML,2023-06-19
B01LXSV4ML,2023-07-17
B01LXSV4ML,2023-08-14
B01LXSV4ML,2023-09-11
B01LXSV4ML,2023-10-09
B01LXSV4ML,2023-11-06
B01LXSV4ML,2023-12-04
B01LXSV4ML,2024-01-01
B01LXSV4ML,2024-01-29
B01M10QMPT,2023-03-27
B01M10QMPT,2023-04-24
B01M10QMPT,2023-05-22
B01M10QMPT,2023-06-19
B01M10QMPT,2023-07-17
B01M10QMPT,2023-08-14
B01M10QMPT,2023-09-11
B01M10QMPT,2023-10-09
B01M10QMPT,2023-11-06
B01M10QMPT,2023-12-04
B01M10QMPT,2024-01-01
B01M10QMPT,2024-01-29
B01M348LJW,2023-03-27
B01M348LJW,2023-04-24
B01M348LJW,2023-05-22
B01M348LJW,2023-06-19
B01M348LJW,2023-07-17
B01M348LJW,2023-08-14
B01M348LJW,2023-09-11
B01M348LJW,2023-10-09
B01M348LJW,2023-11-06
B01M348LJW,2023-12-04
B01M348LJW,2024-01-01
B01M348LJW,2024-01-29
B01M3XOKA5,2023-12-04
B01M3XOKA5,2024-01-01
B01M3XOKA5,2024-01-29
B01M4POXWS,2023-02-27
B01M4POXWS,2023-03-27
B01M4POXWS,2023-04-24
B01M4POXWS,2023-05-22
B01M4POXWS,2023-06-19
B01M4POXWS,2023-07-17
B01M4POXWS,2023-08-14
B01M4POXWS,2023-09-11
B01M4POXWS,2023-10-09
B01M4POXWS,2023-11-06
B01M4POXWS,2023-12-04
B01M4POXWS,2024-01-01
B01M4POXWS,2024-01-29
B01M5KAVXH,2023-02-27
B01M5KAVXH,2023-03-27
B01M5KAVXH,2023-04-24
B01M5KAVXH,2023-05-22
B01M5KAVXH,2023-06-19
B01M5KAVXH,2023-07-17
B01M5KAVXH,2023-08-14
B01M5KAVXH,2023-09-11
B01M5KAVXH,2023-10-09
B01M5KAVXH,2023-11-06
B01M5KAVXH,2023-12-04
B01M5KAVXH,2024-01-01
B01M5KAVXH,2024-01-29
B01M5KBHUW,2023-02-27
B01M5KBHUW,2023-03-27
B01M5KBHUW,2023-04-24
B01M5KBHUW,2023-05-22
B01M5KBHUW,2023-06-19
B01M5KBHUW,2023-07-17
B01M5KBHUW,2023-08-14
B01M5KBHUW,2023-09-11
B01M5KBHUW,2023-10-09
B01M5KBHUW,2023-11-06
B01M5KBHUW,2023-12-04
B01M5KBHUW,2024-01-01
B01M5KBHUW,2024-01-29
B01M6CX22Z,2023-03-27
B01M6CX22Z,2023-04-24
B01M6CX22Z,2023-05-22
B01M6CX22Z,2023-06-19
B01M6CX22Z,2023-07-17
B01M6CX22Z,2023-08-14
B01M6CX22Z,2023-09-11
B01M6CX22Z,2023-10-09
B01M6CX22Z,2023-11-06
B01M6CX22Z,2023-12-04
B01M6CX22Z,2024-01-01
B01M6CX22Z,2024-01-29
B01M9IHC1W,2023-02-27
B01M9IHC1W,2023-03-27
B01M9IHC1W,2023-04-24
B01M9IHC1W,2023-05-22
B01M9IHC1W,2023-06-19
B01M9IHC1W,2023-07-17
B01M9IHC1W,2023-08-14
B01M9IHC1W,2023-09-11
B01M9IHC1W,2023-10-09
B01M9IHC1W,2023-11-06
B01M9IHC1W,2023-12-04
B01M9IHC1W,2024-01-01
B01M9IHC1W,2024-01-29
B01MAYU6X8,2023-02-27
B01MAYU6X8,2023-03-27
B01MAYU6X8,2023-04-24
B01MAYU6X8,2023-05-22
B01MAYU6X8,2023-06-19
B01MAYU6X8,2023-07-17
B01MAYU6X8,2023-08-14
B01MAYU6X8,2023-09-11
B01MAYU6X8,2023-10-09
B01MAYU6X8,2023-11-06
B01MAYU6X8,2023-12-04
B01MAYU6X8,2024-01-01
B01MAYU6X8,2024-01-29
B01MD1KKPM,2023-02-27
B01MD1KKPM,2023-03-27
B01MD1KKPM,2023-04-24
B01MD1KKPM,2023-05-22
B01MD1KKPM,2023-06-19
B01MD1KKPM,2023-07-17
B01MD1KKPM,2023-08-14
B01MD1KKPM,2023-09-11
B01MD1KKPM,2023-10-09
B01MD1KKPM,2023-11-06
B01MD1KKPM,2023-12-04
B01MD1KKPM,2024-01-01
B01MD1KKPM,2024-01-29
B01MFGS7AZ,2023-02-27
B01MFGS7AZ,2023-03-27
B01MFGS7AZ,2023-04-24
B01MFGS7AZ,2023-05-22
B01MFGS7AZ,2023-06-19
B01MFGS7AZ,2023-07-17
B01MFGS7AZ,2023-08-14
B01MFGS7AZ,2023-09-11
B01MFGS7AZ,2023-10-09
B01MFGS7AZ,2023-11-06
B01MFGS7AZ,2023-12-04
B01MFGS7AZ,2024-01-01
B01MFGS7AZ,2024-01-29
B01MG8WBLU,2023-04-24
B01MG8WBLU,2023-05-22
B01MG8WBLU,2023-06-19
B01MG8WBLU,2023-07-17
B01MG8WBLU,2023-08-14
B01MG8WBLU,2023-09-11
B01MG8WBLU,2023-10-09
B01MG8WBLU,2023-11-06
B01MG8WBLU,2023-12-04
B01MG8WBLU,2024-01-01
B01MG8WBLU,2024-01-29
B01MPW2Y9J,2023-04-24
B01MPW2Y9J,2023-05-22
B01MPW2Y9J,2023-06-19
B01MPW2Y9J,2023-07-17
B01MPW2Y9J,2023-08-14
B01MPW2Y9J,2023-09-11
B01MPW2Y9J,2023-10-09
B01MPW2Y9J,2023-11-06
B01MPW2Y9J,2023-12-04
B01MPW2Y9J,2024-01-01
B01MPW2Y9J,2024-01-29
B01MQ47IJC,2023-02-27
B01MQ47IJC,2023-03-27
B01MQ47IJC,2023-04-24
B01MQ47IJC,2023-05-22
B01MQ47IJC,2023-06-19
B01MQ47IJC,2023-07-17
B01MQ47IJC,2023-08-14
B01MQ47IJC,2023-09-11
B01MQ47IJC,2023-10-09
B01MQ47IJC,2023-11-06
B01MQ47IJC,2023-12-04
B01MQ47IJC,2024-01-01
B01MQ47IJC,2024-01-29
B01MR508SB,2023-02-27
B01MR508SB,2023-03-27
B01MR508SB,2023-04-24
B01MR508SB,2023-05-22
B01MR508SB,2023-06-19
B01MR508SB,2023-07-17
B01MR508SB,2023-08-14
B01MR508SB,2023-09-11
B01MR508SB,2023-10-09
B01MR508SB,2023-11-06
B01MR508SB,2023-12-04
B01MR508SB,2024-01-01
B01MR508SB,2024-01-29
B01MRFK6A7,2023-02-27
B01MRFK6A7,2023-03-27
B01MRFK6A7,2023-04-24
B01MRFK6A7,2023-05-22
B01MRFK6A7,2023-06-19
B01MRFK6A7,2023-07-17
B01MRFK6A7,2023-08-14
B01MRFK6A7,2023-09-11
B01MRFK6A7,2023-10-09
B01MRFK6A7,2023-11-06
B01MRFK6A7,2023-12-04
B01MRFK6A7,2024-01-01
B01MRFK6A7,2024-01-29
B01MRJOU3O,2023-02-27
B01MRJOU3O,2023-03-27
B01MRJOU3O,2023-04-24
B01MRJOU3O,2023-05-22
B01MRJOU3O,2023-06-19
B01MRJOU3O,2023-07-17
B01MRJOU3O,2023-08-14
B01MRJOU3O,2023-09-11
B01MRJOU3O,2023-10-09
B01MRJOU3O,2023-11-06
B01MRJOU3O,2023-12-04
B01MRJOU3O,2024-01-01
B01MRJOU3O,2024-01-29
B01MRXGT40,2023-02-27
B01MRXGT40,2023-03-27
B01MRXGT40,2023-04-24
B01MRXGT40,2023-05-22
B01MRXGT40,2023-06-19
B01MRXGT40,2023-07-17
B01MRXGT40,2023-08-14
B01MRXGT40,2023-09-11
B01MRXGT40,2023-10-09
B01MRXGT40,2023-11-06
B01MRXGT40,2023-12-04
B01MRXGT40,2024-01-01
B01MRXGT40,2024-01-29
B01MS759SW,2023-02-27
B01MS759SW,2023-03-27
B01MS759SW,2023-04-24
B01MS759SW,2023-05-22
B01MS759SW,2023-06-19
B01MS759SW,2023-07-17
B01MS759SW,2023-08-14
B01MS759SW,2023-09-11
B01MS759SW,2023-10-09
B01MS759SW,2023-11-06
B01MS759SW,2023-12-04
B01MS759SW,2024-01-01
B01MS759SW,2024-01-29
B01MS7DUAG,2024-01-29
B01MSNYPNH,2024-01-29
B01MSPRD33,2023-02-27
B01MSPRD33,2023-03-27
B01MSPRD33,2023-04-24
B01MSPRD33,2023-05-22
B01MSPRD33,2023-06-19
B01MSPRD33,2023-07-17
B01MSPRD33,2023-08-14
B01MSPRD33,2023-09-11
B01MSPRD33,2023-10-09
B01MSPRD33,2023-11-06
B01MSPRD33,2023-12-04
B01MSPRD33,2024-01-01
B01MSPRD33,2024-01-29
B01MTTG383,2023-02-27
B01MTTG383,2023-03-27
B01MTTG383,2023-04-24
B01MTTG383,2023-05-22
B01MTTG383,2023-06-19
B01MTTG383,2023-07-17
B01MTTG383,2023-08-14
B01MTTG383,2023-09-11
B01MTTG383,2023-10-09
B01MTTG383,2023-11-06
B01MTTG383,2023-12-04
B01MTTG383,2024-01-01
B01MTTG383,2024-01-29
B01MU7W3WB,2023-02-27
B01MU7W3WB,2023-03-27
B01MU7W3WB,2023-04-24
B01MU7W3WB,2023-05-22
B01MU7W3WB,2023-06-19
B01MU7W3WB,2023-07-17
B01MU7W3WB,2023-08-14
B01MU7W3WB,2023-09-11
B01MU7W3WB,2023-10-09
B01MU7W3WB,2023-11-06
B01MU7W3WB,2023-12-04
B01MU7W3WB,2024-01-01
B01MU7W3WB,2024-01-29
B01MXLTH9P,2023-02-27
B01MXLTH9P,2023-03-27
B01MXLTH9P,2023-04-24
B01MXLTH9P,2023-05-22
B01MXLTH9P,2023-06-19
B01MXLTH9P,2023-07-17
B01MXLTH9P,2023-08-14
B01MXLTH9P,2023-09-11
B01MXLTH9P,2023-10-09
B01MXLTH9P,2023-11-06
B01MXLTH9P,2023-12-04
B01MXLTH9P,2024-01-01
B01MXLTH9P,2024-01-29
B01MXS7GXO,2023-02-27
B01MXS7GXO,2023-03-27
B01MXS7GXO,2023-04-24
B01MXS7GXO,2023-05-22
B01MXS7GXO,2023-06-19
B01MXS7GXO,2023-07-17
B01MXS7GXO,2023-08-14
B01MXS7GXO,2023-09-11
B01MXS7GXO,2023-10-09
B01MXS7GXO,2023-11-06
B01MXS7GXO,2023-12-04
B01MXS7GXO,2024-01-01
B01MXS7GXO,2024-01-29
B01MZGYBT1,2023-02-27
B01MZGYBT1,2023-03-27
B01MZGYBT1,2023-04-24
B01MZGYBT1,2023-05-22
B01MZGYBT1,2023-06-19
B01MZGYBT1,2023-07-17
B01MZGYBT1,2023-08-14
B01MZGYBT1,2023-09-11
B01MZGYBT1,2023-10-09
B01MZGYBT1,2023-11-06
B01MZGYBT1,2023-12-04
B01MZGYBT1,2024-01-01
B01MZGYBT1,2024-01-29
B01N03626V,2023-02-27
B01N03626V,2023-03-27
B01N03626V,2023-04-24
B01N03626V,2023-05-22
B01N03626V,2023-06-19
B01N03626V,2023-07-17
B01N03626V,2023-08-14
B01N03626V,2023-09-11
B01N03626V,2023-10-09
B01N03626V,2023-11-06
B01N03626V,2023-12-04
B01N03626V,2024-01-01
B01N03626V,2024-01-29
B01N0HHZA0,2023-02-27
B01N0HHZA0,2023-03-27
B01N0HHZA0,2023-04-24
B01N0HHZA0,2023-05-22
B01N0HHZA0,2023-06-19
B01N0HHZA0,2023-07-17
B01N0HHZA0,2023-08-14
B01N0HHZA0,2023-09-11
B01N0HHZA0,2023-10-09
B01N0HHZA0,2023-11-06
B01N0HHZA0,2023-12-04
B01N0HHZA0,2024-01-01
B01N0HHZA0,2024-01-29
B01N0PXN4Z,2023-02-27
B01N0PXN4Z,2023-03-27
B01N0PXN4Z,2023-04-24
B01N0PXN4Z,2023-05-22
B01N0PXN4Z,2023-06-19
B01N0PXN4Z,2023-07-17
B01N0PXN4Z,2023-08-14
B01N0PXN4Z,2023-09-11
B01N0PXN4Z,2023-10-09
B01N0PXN4Z,2023-11-06
B01N0PXN4Z,2023-12-04
B01N0PXN4Z,2024-01-01
B01N0PXN4Z,2024-01-29
B01N0ZM9SX,2023-02-27
B01N0ZM9SX,2023-03-27
B01N0ZM9SX,2023-04-24
B01N0ZM9SX,2023-05-22
B01N0ZM9SX,2023-06-19
B01N0ZM9SX,2023-07-17
B01N0ZM9SX,2023-08-14
B01N0ZM9SX,2023-09-11
B01N0ZM9SX,2023-10-09
B01N0ZM9SX,2023-11-06
B01N0ZM9SX,2023-12-04
B01N0ZM9SX,2024-01-01
B01N0ZM9SX,2024-01-29
B01N1736NX,2023-02-27
B01N1736NX,2023-03-27
B01N1736NX,2023-04-24
B01N1736NX,2023-05-22
B01N1736NX,2023-06-19
B01N1736NX,2023-07-17
B01N1736NX,2023-08-14
B01N1736NX,2023-09-11
B01N1736NX,2023-10-09
B01N1736NX,2023-11-06
B01N1736NX,2023-12-04
B01N1736NX,2024-01-01
B01N1736NX,2024-01-29
B01N1JVSF7,2023-02-27
B01N1JVSF7,2023-03-27
B01N1JVSF7,2023-04-24
B01N1JVSF7,2023-05-22
B01N1JVSF7,2023-06-19
B01N1JVSF7,2023-07-17
B01N1JVSF7,2023-08-14
B01N1JVSF7,2023-09-11
B01N1JVSF7,2023-10-09
B01N1JVSF7,2023-11-06
B01N1JVSF7,2023-12-04
B01N1JVSF7,2024-01-01
B01N1JVSF7,2024-01-29
B01N2YBFIQ,2023-02-27
B01N2YBFIQ,2023-03-27
B01N2YBFIQ,2023-04-24
B01N2YBFIQ,2023-05-22
B01N2YBFIQ,2023-06-19
B01N2YBFIQ,2023-07-17
B01N2YBFIQ,2023-08-14
B01N2YBFIQ,2023-09-11
B01N2YBFIQ,2023-10-09
B01N2YBFIQ,2023-11-06
B01N2YBFIQ,2023-12-04
B01N2YBFIQ,2024-01-01
B01N2YBFIQ,2024-01-29
B01N357E06,2023-02-27
B01N357E06,2023-03-27
B01N357E06,2023-04-24
B01N357E06,2023-05-22
B01N357E06,2023-06-19
B01N357E06,2023-07-17
B01N357E06,2023-08-14
B01N357E06,2023-09-11
B01N357E06,2023-10-09
B01N357E06,2023-11-06
B01N357E06,2023-12-04
B01N357E06,2024-01-01
B01N357E06,2024-01-29
B01N3JMT82,2023-02-27
B01N3JMT82,2023-03-27
B01N3JMT82,2023-04-24
B01N3JMT82,2023-05-22
B01N3JMT82,2023-06-19
B01N3JMT82,2023-07-17
B01N3JMT82,2023-08-14
B01N3JMT82,2023-09-11
B01N3JMT82,2023-10-09
B01N3JMT82,2023-11-06
B01N3JMT82,2023-12-04
B01N3JMT82,2024-01-01
B01N3JMT82,2024-01-29
B01N3XIINU,2023-02-27
B01N3XIINU,2023-03-27
B01N3XIINU,2023-04-24
B01N3XIINU,2023-05-22
B01N3XIINU,2023-06-19
B01N3XIINU,2023-07-17
B01N3XIINU,2023-08-14
B01N3XIINU,2023-09-11
B01N3XIINU,2023-10-09
B01N3XIINU,2023-11-06
B01N3XIINU,2023-12-04
B01N3XIINU,2024-01-01
B01N3XIINU,2024-01-29
B01N4B3R8Y,2023-02-27
B01N4B3R8Y,2023-03-27
B01N4B3R8Y,2023-04-24
B01N4B3R8Y,2023-05-22
B01N4B3R8Y,2023-06-19
B01N4B3R8Y,2023-07-17
B01N4B3R8Y,2023-08-14
B01N4B3R8Y,2023-09-11
B01N4B3R8Y,2023-10-09
B01N4B3R8Y,2023-11-06
B01N4B3R8Y,2023-12-04
B01N4B3R8Y,2024-01-01
B01N4B3R8Y,2024-01-29
B01N4NOVQN,2023-02-27
B01N4NOVQN,2023-03-27
B01N4NOVQN,2023-04-24
B01N4NOVQN,2023-05-22
B01N4NOVQN,2023-06-19
B01N4NOVQN,2023-07-17
B01N4NOVQN,2023-08-14
B01N4NOVQN,2023-09-11
B01N4NOVQN,2023-10-09
B01N4NOVQN,2023-11-06
B01N4NOVQN,2023-12-04
B01N4NOVQN,2024-01-01
B01N4NOVQN,2024-01-29
B01N52VCR4,2023-02-27
B01N52VCR4,2023-03-27
B01N52VCR4,2023-04-24
B01N52VCR4,2023-05-22
B01N52VCR4,2023-06-19
B01N52VCR4,2023-07-17
B01N52VCR4,2023-08-14
B01N52VCR4,2023-09-11
B01N52VCR4,2023-10-09
B01N52VCR4,2023-11-06
B01N52VCR4,2023-12-04
B01N52VCR4,2024-01-01
B01N52VCR4,2024-01-29
B01N5C39CX,2023-02-27
B01N5C39CX,2023-03-27
B01N5C39CX,2023-04-24
B01N5C39CX,2023-05-22
B01N5C39CX,2023-06-19
B01N5C39CX,2023-07-17
B01N5C39CX,2023-08-14
B01N5C39CX,2023-09-11
B01N5C39CX,2023-10-09
B01N5C39CX,2023-11-06
B01N5C39CX,2023-12-04
B01N5C39CX,2024-01-01
B01N5C39CX,2024-01-29
B01N5GQX6Z,2023-02-27
B01N5GQX6Z,2023-03-27
B01N5GQX6Z,2023-04-24
B01N5GQX6Z,2023-05-22
B01N5GQX6Z,2023-06-19
B01N5GQX6Z,2023-07-17
B01N5GQX6Z,2023-08-14
B01N5GQX6Z,2023-09-11
B01N5GQX6Z,2023-10-09
B01N5GQX6Z,2023-11-06
B01N5GQX6Z,2023-12-04
B01N5GQX6Z,2024-01-01
B01N5GQX6Z,2024-01-29
B01N5OYMKY,2023-02-27
B01N5OYMKY,2023-03-27
B01N5OYMKY,2023-04-24
B01N5OYMKY,2023-05-22
B01N5OYMKY,2023-06-19
B01N5OYMKY,2023-07-17
B01N5OYMKY,2023-08-14
B01N5OYMKY,2023-09-11
B01N5OYMKY,2023-10-09
B01N5OYMKY,2023-11-06
B01N5OYMKY,2023-12-04
B01N5OYMKY,2024-01-01
B01N5OYMKY,2024-01-29
B01N5RZ30N,2023-02-27
B01N5RZ30N,2023-03-27
B01N5RZ30N,2023-04-24
B01N5RZ30N,2023-05-22
B01N5RZ30N,2023-06-19
B01N5RZ30N,2023-07-17
B01N5RZ30N,2023-08-14
B01N5RZ30N,2023-09-11
B01N5RZ30N,2023-10-09
B01N5RZ30N,2023-11-06
B01N5RZ30N,2023-12-04
B01N5RZ30N,2024-01-01
B01N5RZ30N,2024-01-29
B01N5W97SU,2023-02-27
B01N5W97SU,2023-03-27
B01N5W97SU,2023-04-24
B01N5W97SU,2023-05-22
B01N5W97SU,2023-06-19
B01N5W97SU,2023-07-17
B01N5W97SU,2023-08-14
B01N5W97SU,2023-09-11
B01N5W97SU,2023-10-09
B01N5W97SU,2023-11-06
B01N5W97SU,2023-12-04
B01N5W97SU,2024-01-01
B01N5W97SU,2024-01-29
B01N6SODJB,2023-02-27
B01N6SODJB,2023-03-27
B01N6SODJB,2023-04-24
B01N6SODJB,2023-05-22
B01N6SODJB,2023-06-19
B01N6SODJB,2023-07-17
B01N6SODJB,2023-08-14
B01N6SODJB,2023-09-11
B01N6SODJB,2023-10-09
B01N6SODJB,2023-11-06
B01N6SODJB,2023-12-04
B01N6SODJB,2024-01-01
B01N6SODJB,2024-01-29
B01N7FRPXU,2023-02-27
B01N7FRPXU,2023-03-27
B01N7FRPXU,2023-04-24
B01N7FRPXU,2023-05-22
B01N7FRPXU,2023-06-19
B01N7FRPXU,2023-07-17
B01N7FRPXU,2023-08-14
B01N7FRPXU,2023-09-11
B01N7FRPXU,2023-10-09
B01N7FRPXU,2023-11-06
B01N7FRPXU,2023-12-04
B01N7FRPXU,2024-01-01
B01N7FRPXU,2024-01-29
B01N7YYF18,2023-02-27
B01N7YYF18,2023-03-27
B01N7YYF18,2023-04-24
B01N7YYF18,2023-05-22
B01N7YYF18,2023-06-19
B01N7YYF18,2023-07-17
B01N7YYF18,2023-08-14
B01N7YYF18,2023-09-11
B01N7YYF18,2023-10-09
B01N7YYF18,2023-11-06
B01N7YYF18,2023-12-04
B01N7YYF18,2024-01-01
B01N7YYF18,2024-01-29
B01N9OLU8G,2023-02-27
B01N9OLU8G,2023-03-27
B01N9OLU8G,2023-04-24
B01N9OLU8G,2023-05-22
B01N9OLU8G,2023-06-19
B01N9OLU8G,2023-07-17
B01N9OLU8G,2023-08-14
B01N9OLU8G,2023-09-11
B01N9OLU8G,2023-10-09
B01N9OLU8G,2023-11-06
B01N9OLU8G,2023-12-04
B01N9OLU8G,2024-01-01
B01N9OLU8G,2024-01-29
B01N9UXZXF,2023-02-27
B01N9UXZXF,2023-03-27
B01N9UXZXF,2023-04-24
B01N9UXZXF,2023-05-22
B01N9UXZXF,2023-06-19
B01N9UXZXF,2023-07-17
B01N9UXZXF,2023-08-14
B01N9UXZXF,2023-09-11
B01N9UXZXF,2023-10-09
B01N9UXZXF,2023-11-06
B01N9UXZXF,2023-12-04
B01N9UXZXF,2024-01-01
B01N9UXZXF,2024-01-29
B01N9UY47J,2023-02-27
B01N9UY47J,2023-03-27
B01N9UY47J,2023-04-24
B01N9UY47J,2023-05-22
B01N9UY47J,2023-06-19
B01N9UY47J,2023-07-17
B01N9UY47J,2023-08-14
B01N9UY47J,2023-09-11
B01N9UY47J,2023-10-09
B01N9UY47J,2023-11-06
B01N9UY47J,2023-12-04
B01N9UY47J,2024-01-01
B01N9UY47J,2024-01-29
B01NA7CTXU,2023-02-27
B01NA7CTXU,2023-03-27
B01NA7CTXU,2023-04-24
B01NA7CTXU,2023-05-22
B01NA7CTXU,2023-06-19
B01NA7CTXU,2023-07-17
B01NA7CTXU,2023-08-14
B01NA7CTXU,2023-09-11
B01NA7CTXU,2023-10-09
B01NA7CTXU,2023-11-06
B01NA7CTXU,2023-12-04
B01NA7CTXU,2024-01-01
B01NA7CTXU,2024-01-29
B01NAHODCX,2023-02-27
B01NAHODCX,2023-03-27
B01NAHODCX,2023-04-24
B01NAHODCX,2023-05-22
B01NAHODCX,2023-06-19
B01NAHODCX,2023-07-17
B01NAHODCX,2023-08-14
B01NAHODCX,2023-09-11
B01NAHODCX,2023-10-09
B01NAHODCX,2023-11-06
B01NAHODCX,2023-12-04
B01NAHODCX,2024-01-01
B01NAHODCX,2024-01-29
B01NAWG17O,2023-02-27
B01NAWG17O,2023-03-27
B01NAWG17O,2023-04-24
B01NAWG17O,2023-05-22
B01NAWG17O,2023-06-19
B01NAWG17O,2023-07-17
B01NAWG17O,2023-08-14
B01NAWG17O,2023-09-11
B01NAWG17O,2023-10-09
B01NAWG17O,2023-11-06
B01NAWG17O,2023-12-04
B01NAWG17O,2024-01-01
B01NAWG17O,2024-01-29
B01NBQW3BP,2023-02-27
B01NBQW3BP,2023-03-27
B01NBQW3BP,2023-04-24
B01NBQW3BP,2023-05-22
B01NBQW3BP,2023-06-19
B01NBQW3BP,2023-07-17
B01NBQW3BP,2023-08-14
B01NBQW3BP,2023-09-11
B01NBQW3BP,2023-10-09
B01NBQW3BP,2023-11-06
B01NBQW3BP,2023-12-04
B01NBQW3BP,2024-01-01
B01NBQW3BP,2024-01-29
B01NBXZTWR,2023-02-27
B01NBXZTWR,2023-03-27
B01NBXZTWR,2023-04-24
B01NBXZTWR,2023-05-22
B01NBXZTWR,2023-06-19
B01NBXZTWR,2023-07-17
B01NBXZTWR,2023-08-14
B01NBXZTWR,2023-09-11
B01NBXZTWR,2023-10-09
B01NBXZTWR,2023-11-06
B01NBXZTWR,2023-12-04
B01NBXZTWR,2024-01-01
B01NBXZTWR,2024-01-29
B01NCJANAS,2023-02-27
B01NCJANAS,2023-03-27
B01NCJANAS,2023-04-24
B01NCJANAS,2023-05-22
B01NCJANAS,2023-06-19
B01NCJANAS,2023-07-17
B01NCJANAS,2023-08-14
B01NCJANAS,2023-09-11
B01NCJANAS,2023-10-09
B01NCJANAS,2023-11-06
B01NCJANAS,2023-12-04
B01NCJANAS,2024-01-01
B01NCJANAS,2024-01-29
B01NCYYCJ1,2023-02-27
B01NCYYCJ1,2023-03-27
B01NCYYCJ1,2023-04-24
B01NCYYCJ1,2023-05-22
B01NCYYCJ1,2023-06-19
B01NCYYCJ1,2023-07-17
B01NCYYCJ1,2023-08-14
B01NCYYCJ1,2023-09-11
B01NCYYCJ1,2023-10-09
B01NCYYCJ1,2023-11-06
B01NCYYCJ1,2023-12-04
B01NCYYCJ1,2024-01-01
B01NCYYCJ1,2024-01-29
B06X177JV5,2023-02-27
B06X177JV5,2023-03-27
B06X177JV5,2023-04-24
B06X177JV5,2023-05-22
B06X177JV5,2023-06-19
B06X177JV5,2023-07-17
B06X177JV5,2023-08-14
B06X177JV5,2023-09-11
B06X177JV5,2023-10-09
B06X177JV5,2023-11-06
B06X177JV5,2023-12-04
B06X177JV5,2024-01-01
B06X177JV5,2024-01-29
B06X3XJ9XK,2023-02-27
B06X3XJ9XK,2023-03-27
B06X3XJ9XK,2023-04-24
B06X3XJ9XK,2023-05-22
B06X3XJ9XK,2023-06-19
B06X3XJ9XK,2023-07-17
B06X3XJ9XK,2023-08-14
B06X3XJ9XK,2023-09-11
B06X3XJ9XK,2023-10-09
B06X3XJ9XK,2023-11-06
B06X3XJ9XK,2023-12-04
B06X3XJ9XK,2024-01-01
B06X3XJ9XK,2024-01-29
B06XBT37C9,2023-02-27
B06XBT37C9,2023-03-27
B06XBT37C9,2023-04-24
B06XBT37C9,2023-05-22
B06XBT37C9,2023-06-19
B06XBT37C9,2023-07-17
B06XBT37C9,2023-08-14
B06XBT37C9,2023-09-11
B06XBT37C9,2023-10-09
B06XBT37C9,2023-11-06
B06XBT37C9,2023-12-04
B06XBT37C9,2024-01-01
B06XBT37C9,2024-01-29
B06XCB5TFX,2023-02-27
B06XCB5TFX,2023-03-27
B06XCB5TFX,2023-04-24
B06XCB5TFX,2023-05-22
B06XCB5TFX,2023-06-19
B06XCB5TFX,2023-07-17
B06XCB5TFX,2023-08-14
B06XCB5TFX,2023-09-11
B06XCB5TFX,2023-10-09
B06XCB5TFX,2023-11-06
B06XCB5TFX,2023-12-04
B06XCB5TFX,2024-01-01
B06XCB5TFX,2024-01-29
B06XCSKRY7,2023-02-27
B06XCSKRY7,2023-03-27
B06XCSKRY7,2023-04-24
B06XCSKRY7,2023-05-22
B06XCSKRY7,2023-06-19
B06XCSKRY7,2023-07-17
B06XCSKRY7,2023-08-14
B06XCSKRY7,2023-09-11
B06XCSKRY7,2023-10-09
B06XCSKRY7,2023-11-06
B06XCSKRY7,2023-12-04
B06XCSKRY7,2024-01-01
B06XCSKRY7,2024-01-29
B06XCV161K,2023-02-27
B06XCV161K,2023-03-27
B06XCV161K,2023-04-24
B06XCV161K,2023-05-22
B06XCV161K,2023-06-19
B06XCV161K,2023-07-17
B06XCV161K,2023-08-14
B06XCV161K,2023-09-11
B06XCV161K,2023-10-09
B06XCV161K,2023-11-06
B06XCV161K,2023-12-04
B06XCV161K,2024-01-01
B06XCV161K,2024-01-29
B06XCVSSC8,2023-02-27
B06XCVSSC8,2023-03-27
B06XCVSSC8,2023-04-24
B06XCVSSC8,2023-05-22
B06XCVSSC8,2023-06-19
B06XCVSSC8,2023-07-17
B06XCVSSC8,2023-08-14
B06XCVSSC8,2023-09-11
B06XCVSSC8,2023-10-09
B06XCVSSC8,2023-11-06
B06XCVSSC8,2023-12-04
B06XCVSSC8,2024-01-01
B06XCVSSC8,2024-01-29
B06XFLHGHM,2023-02-27
B06XFLHGHM,2023-03-27
B06XFLHGHM,2023-04-24
B06XFLHGHM,2023-05-22
B06XFLHGHM,2023-06-19
B06XFLHGHM,2023-07-17
B06XFLHGHM,2023-08-14
B06XFLHGHM,2023-09-11
B06XFLHGHM,2023-10-09
B06XFLHGHM,2023-11-06
B06XFLHGHM,2023-12-04
B06XFLHGHM,2024-01-01
B06XFLHGHM,2024-01-29
B06XH9XCHP,2023-02-27
B06XH9XCHP,2023-03-27
B06XH9XCHP,2023-04-24
B06XH9XCHP,2023-05-22
B06XH9XCHP,2023-06-19
B06XH9XCHP,2023-07-17
B06XH9XCHP,2023-08-14
B06XH9XCHP,2023-09-11
B06XH9XCHP,2023-10-09
B06XH9XCHP,2023-11-06
B06XH9XCHP,2023-12-04
B06XH9XCHP,2024-01-01
B06XH9XCHP,2024-01-29
B06XHTJ4JT,2023-02-27
B06XHTJ4JT,2023-03-27
B06XHTJ4JT,2023-04-24
B06XHTJ4JT,2023-05-22
B06XHTJ4JT,2023-06-19
B06XHTJ4JT,2023-07-17
B06XHTJ4JT,2023-08-14
B06XHTJ4JT,2023-09-11
B06XHTJ4JT,2023-10-09
B06XHTJ4JT,2023-11-06
B06XHTJ4JT,2023-12-04
B06XHTJ4JT,2024-01-01
B06XHTJ4JT,2024-01-29
B06XJJKCMR,2023-02-27
B06XJJKCMR,2023-03-27
B06XJJKCMR,2023-04-24
B06XJJKCMR,2023-05-22
B06XJJKCMR,2023-06-19
B06XJJKCMR,2023-07-17
B06XJJKCMR,2023-08-14
B06XJJKCMR,2023-09-11
B06XJJKCMR,2023-10-09
B06XJJKCMR,2023-11-06
B06XJJKCMR,2023-12-04
B06XJJKCMR,2024-01-01
B06XJJKCMR,2024-01-29
B06XK6269C,2023-02-27
B06XK6269C,2023-03-27
B06XK6269C,2023-04-24
B06XK6269C,2023-05-22
B06XK6269C,2023-06-19
B06XK6269C,2023-07-17
B06XK6269C,2023-08-14
B06XK6269C,2023-09-11
B06XK6269C,2023-10-09
B06XK6269C,2023-11-06
B06XK6269C,2023-12-04
B06XK6269C,2024-01-01
B06XK6269C,2024-01-29
B06XKZRGPP,2023-04-24
B06XKZRGPP,2023-05-22
B06XKZRGPP,2023-06-19
B06XKZRGPP,2023-07-17
B06XKZRGPP,2023-08-14
B06XKZRGPP,2023-09-11
B06XKZRGPP,2023-10-09
B06XKZRGPP,2023-11-06
B06XKZRGPP,2023-12-04
B06XKZRGPP,2024-01-01
B06XKZRGPP,2024-01-29
B06XR8MNN5,2023-02-27
B06XR8MNN5,2023-03-27
B06XR8MNN5,2023-04-24
B06XR8MNN5,2023-05-22
B06XR8MNN5,2023-06-19
B06XR8MNN5,2023-07-17
B06XR8MNN5,2023-08-14
B06XR8MNN5,2023-09-11
B06XR8MNN5,2023-10-09
B06XR8MNN5,2023-11-06
B06XR8MNN5,2023-12-04
B06XR8MNN5,2024-01-01
B06XR8MNN5,2024-01-29
B06XRSH2S6,2023-02-27
B06XRSH2S6,2023-03-27
B06XRSH2S6,2023-04-24
B06XRSH2S6,2023-05-22
B06XRSH2S6,2023-06-19
B06XRSH2S6,2023-07-17
B06XRSH2S6,2023-08-14
B06XRSH2S6,2023-09-11
B06XRSH2S6,2023-10-09
B06XRSH2S6,2023-11-06
B06XRSH2S6,2023-12-04
B06XRSH2S6,2024-01-01
B06XRSH2S6,2024-01-29
B06XRTWG48,2023-02-27
B06XRTWG48,2023-03-27
B06XRTWG48,2023-04-24
B06XRTWG48,2023-05-22
B06XRTWG48,2023-06-19
B06XRTWG48,2023-07-17
B06XRTWG48,2023-08-14
B06XRTWG48,2023-09-11
B06XRTWG48,2023-10-09
B06XRTWG48,2023-11-06
B06XRTWG48,2023-12-04
B06XRTWG48,2024-01-01
B06XRTWG48,2024-01-29
B06XRX3VQT,2023-02-27
B06XRX3VQT,2023-03-27
B06XRX3VQT,2023-04-24
B06XRX3VQT,2023-05-22
B06XRX3VQT,2023-06-19
B06XRX3VQT,2023-07-17
B06XRX3VQT,2023-08-14
B06XRX3VQT,2023-09-11
B06XRX3VQT,2023-10-09
B06XRX3VQT,2023-11-06
B06XRX3VQT,2023-12-04
B06XRX3VQT,2024-01-01
B06XRX3VQT,2024-01-29
B06XS3NHS7,2023-02-27
B06XS3NHS7,2023-03-27
B06XS3NHS7,2023-04-24
B06XS3NHS7,2023-05-22
B06XS3NHS7,2023-06-19
B06XS3NHS7,2023-07-17
B06XS3NHS7,2023-08-14
B06XS3NHS7,2023-09-11
B06XS3NHS7,2023-10-09
B06XS3NHS7,2023-11-06
B06XS3NHS7,2023-12-04
B06XS3NHS7,2024-01-01
B06XS3NHS7,2024-01-29
B06XS99N9J,2023-02-27
B06XS99N9J,2023-03-27
B06XS99N9J,2023-04-24
B06XS99N9J,2023-05-22
B06XS99N9J,2023-06-19
B06XS99N9J,2023-07-17
B06XS99N9J,2023-08-14
B06XS99N9J,2023-09-11
B06XS99N9J,2023-10-09
B06XS99N9J,2023-11-06
B06XS99N9J,2023-12-04
B06XS99N9J,2024-01-01
B06XS99N9J,2024-01-29
B06XWC33GM,2023-02-27
B06XWC33GM,2023-03-27
B06XWC33GM,2023-04-24
B06XWC33GM,2023-05-22
B06XWC33GM,2023-06-19
B06XWC33GM,2023-07-17
B06XWC33GM,2023-08-14
B06XWC33GM,2023-09-11
B06XWC33GM,2023-10-09
B06XWC33GM,2023-11-06
B06XWC33GM,2023-12-04
B06XWC33GM,2024-01-01
B06XWC33GM,2024-01-29
B06ZYC9DD6,2023-02-27
B06ZYC9DD6,2023-03-27
B06ZYC9DD6,2023-04-24
B06ZYC9DD6,2023-05-22
B06ZYC9DD6,2023-06-19
B06ZYC9DD6,2023-07-17
B06ZYC9DD6,2023-08-14
B06ZYC9DD6,2023-09-11
B06ZYC9DD6,2023-10-09
B06ZYC9DD6,2023-11-06
B06ZYC9DD6,2023-12-04
B06ZYC9DD6,2024-01-01
B06ZYC9DD6,2024-01-29
B06ZZ1Q6RT,2023-02-27
B06ZZ1Q6RT,2023-03-27
B06ZZ1Q6RT,2023-04-24
B06ZZ1Q6RT,2023-05-22
B06ZZ1Q6RT,2023-06-19
B06ZZ1Q6RT,2023-07-17
B06ZZ1Q6RT,2023-08-14
B06ZZ1Q6RT,2023-09-11
B06ZZ1Q6RT,2023-10-09
B06ZZ1Q6RT,2023-11-06
B06ZZ1Q6RT,2023-12-04
B06ZZ1Q6RT,2024-01-01
B06ZZ1Q6RT,2024-01-29
B0713RL56R,2023-02-27
B0713RL56R,2023-03-27
B0713RL56R,2023-04-24
B0713RL56R,2023-05-22
B0713RL56R,2023-06-19
B0713RL56R,2023-07-17
B0713RL56R,2023-08-14
B0713RL56R,2023-09-11
B0713RL56R,2023-10-09
B0713RL56R,2023-11-06
B0713RL56R,2023-12-04
B0713RL56R,2024-01-01
B0713RL56R,2024-01-29
B07144P8Z6,2023-02-27
B07144P8Z6,2023-03-27
B07144P8Z6,2023-04-24
B07144P8Z6,2023-05-22
B07144P8Z6,2023-06-19
B07144P8Z6,2023-07-17
B07144P8Z6,2023-08-14
B07144P8Z6,2023-09-11
B07144P8Z6,2023-10-09
B07144P8Z6,2023-11-06
B07144P8Z6,2023-12-04
B07144P8Z6,2024-01-01
B07144P8Z6,2024-01-29
B0718T5BHV,2023-02-27
B0718T5BHV,2023-03-27
B0718T5BHV,2023-04-24
B0718T5BHV,2023-05-22
B0718T5BHV,2023-06-19
B0718T5BHV,2023-07-17
B0718T5BHV,2023-08-14
B0718T5BHV,2023-09-11
B0718T5BHV,2023-10-09
B0718T5BHV,2023-11-06
B0718T5BHV,2023-12-04
B0718T5BHV,2024-01-01
B0718T5BHV,2024-01-29
B07192SGXP,2023-02-27
B07192SGXP,2023-03-27
B07192SGXP,2023-04-24
B07192SGXP,2023-05-22
B07192SGXP,2023-06-19
B07192SGXP,2023-07-17
B07192SGXP,2023-08-14
B07192SGXP,2023-09-11
B07192SGXP,2023-10-09
B07192SGXP,2023-11-06
B07192SGXP,2023-12-04
B07192SGXP,2024-01-01
B07192SGXP,2024-01-29
B071DTR1RV,2023-02-27
B071DTR1RV,2023-03-27
B071DTR1RV,2023-04-24
B071DTR1RV,2023-05-22
B071DTR1RV,2023-06-19
B071DTR1RV,2023-07-17
B071DTR1RV,2023-08-14
B071DTR1RV,2023-09-11
B071DTR1RV,2023-10-09
B071DTR1RV,2023-11-06
B071DTR1RV,2023-12-04
B071DTR1RV,2024-01-01
B071DTR1RV,2024-01-29
B071J385YF,2023-02-27
B071J385YF,2023-03-27
B071J385YF,2023-04-24
B071J385YF,2023-05-22
B071J385YF,2023-06-19
B071J385YF,2023-07-17
B071J385YF,2023-08-14
B071J385YF,2023-09-11
B071J385YF,2023-10-09
B071J385YF,2023-11-06
B071J385YF,2023-12-04
B071J385YF,2024-01-01
B071J385YF,2024-01-29
B071J5XFWJ,2023-02-27
B071J5XFWJ,2023-03-27
B071J5XFWJ,2023-04-24
B071J5XFWJ,2023-05-22
B071J5XFWJ,2023-06-19
B071J5XFWJ,2023-07-17
B071J5XFWJ,2023-08-14
B071J5XFWJ,2023-09-11
B071J5XFWJ,2023-10-09
B071J5XFWJ,2023-11-06
B071J5XFWJ,2023-12-04
B071J5XFWJ,2024-01-01
B071J5XFWJ,2024-01-29
B071KVPK58,2023-02-27
B071KVPK58,2023-03-27
B071KVPK58,2023-04-24
B071KVPK58,2023-05-22
B071KVPK58,2023-06-19
B071KVPK58,2023-07-17
B071KVPK58,2023-08-14
B071KVPK58,2023-09-11
B071KVPK58,2023-10-09
B071KVPK58,2024-01-01
B071KVPK58,2024-01-29
B071LM3STG,2023-02-27
B071LM3STG,2023-03-27
B071LM3STG,2023-04-24
B071LM3STG,2023-05-22
B071LM3STG,2023-06-19
B071LM3STG,2023-07-17
B071LM3STG,2023-08-14
B071LM3STG,2023-09-11
B071LM3STG,2023-10-09
B071LM3STG,2023-11-06
B071LM3STG,2023-12-04
B071LM3STG,2024-01-01
B071LM3STG,2024-01-29
B0721CGJMT,2023-02-27
B0721CGJMT,2023-03-27
B0721CGJMT,2023-04-24
B0721CGJMT,2023-05-22
B0721CGJMT,2023-06-19
B0721CGJMT,2023-07-17
B0721CGJMT,2023-08-14
B0721CGJMT,2023-09-11
B0721CGJMT,2023-10-09
B0721CGJMT,2023-11-06
B0721CGJMT,2023-12-04
B0721CGJMT,2024-01-01
B0721CGJMT,2024-01-29
B072FGHV6R,2023-02-27
B072FGHV6R,2023-03-27
B072FGHV6R,2023-04-24
B072FGHV6R,2023-05-22
B072FGHV6R,2023-06-19
B072FGHV6R,2023-07-17
B072FGHV6R,2023-08-14
B072FGHV6R,2023-09-11
B072FGHV6R,2023-10-09
B072FGHV6R,2023-11-06
B072FGHV6R,2023-12-04
B072FGHV6R,2024-01-01
B072FGHV6R,2024-01-29
B072JTBHMZ,2023-02-27
B072JTBHMZ,2023-03-27
B072JTBHMZ,2023-04-24
B072JTBHMZ,2023-05-22
B072JTBHMZ,2023-06-19
B072JTBHMZ,2023-07-17
B072JTBHMZ,2023-08-14
B072JTBHMZ,2023-09-11
B072JTBHMZ,2023-10-09
B072JTBHMZ,2023-11-06
B072JTBHMZ,2023-12-04
B072JTBHMZ,2024-01-01
B072JTBHMZ,2024-01-29
B072JTD3JX,2023-02-27
B072JTD3JX,2023-03-27
B072JTD3JX,2023-04-24
B072JTD3JX,2023-05-22
B072JTD3JX,2023-06-19
B072JTD3JX,2023-07-17
B072JTD3JX,2023-08-14
B072JTD3JX,2023-09-11
B072JTD3JX,2023-10-09
B072JTD3JX,2023-11-06
B072JTD3JX,2023-12-04
B072JTD3JX,2024-01-01
B072JTD3JX,2024-01-29
B072Q63FP2,2023-02-27
B072Q63FP2,2023-03-27
B072Q63FP2,2023-04-24
B072Q63FP2,2023-05-22
B072Q63FP2,2023-06-19
B072Q63FP2,2023-07-17
B072Q63FP2,2023-08-14
B072Q63FP2,2023-09-11
B072Q63FP2,2023-10-09
B072Q63FP2,2023-11-06
B072Q63FP2,2023-12-04
B072Q63FP2,2024-01-01
B072Q63FP2,2024-01-29
B072YMYFF3,2023-02-27
B072YMYFF3,2023-03-27
B072YMYFF3,2023-04-24
B072YMYFF3,2023-05-22
B072YMYFF3,2023-06-19
B072YMYFF3,2023-07-17
B072YMYFF3,2023-08-14
B072YMYFF3,2023-09-11
B072YMYFF3,2023-10-09
B072YMYFF3,2023-11-06
B072YMYFF3,2023-12-04
B072YMYFF3,2024-01-01
B072YMYFF3,2024-01-29
B07333Y3H4,2023-02-27
B07333Y3H4,2023-03-27
B07333Y3H4,2023-04-24
B07333Y3H4,2023-05-22
B07333Y3H4,2023-06-19
B07333Y3H4,2023-07-17
B07333Y3H4,2023-08-14
B07333Y3H4,2023-09-11
B07333Y3H4,2023-10-09
B07333Y3H4,2023-11-06
B07333Y3H4,2023-12-04
B07333Y3H4,2024-01-01
B07333Y3H4,2024-01-29
B073VVRL6T,2023-02-27
B073VVRL6T,2023-03-27
B073VVRL6T,2023-04-24
B073VVRL6T,2023-05-22
B073VVRL6T,2023-06-19
B073VVRL6T,2023-07-17
B073VVRL6T,2023-08-14
B073VVRL6T,2023-09-11
B073VVRL6T,2023-10-09
B073VVRL6T,2023-11-06
B073VVRL6T,2023-12-04
B073VVRL6T,2024-01-01
B073VVRL6T,2024-01-29
B073WNQGC7,2023-02-27
B073WNQGC7,2023-03-27
B073WNQGC7,2023-04-24
B073WNQGC7,2023-05-22
B073WNQGC7,2023-06-19
B073WNQGC7,2023-07-17
B073WNQGC7,2023-08-14
B073WNQGC7,2023-09-11
B073WNQGC7,2023-10-09
B073WNQGC7,2023-11-06
B073WNQGC7,2023-12-04
B073WNQGC7,2024-01-01
B073WNQGC7,2024-01-29
B0743NDG45,2023-02-27
B0743NDG45,2023-03-27
B0743NDG45,2023-04-24
B0743NDG45,2023-05-22
B0743NDG45,2023-06-19
B0743NDG45,2023-07-17
B0743NDG45,2023-08-14
B0743NDG45,2023-09-11
B0743NDG45,2023-10-09
B0743NDG45,2023-11-06
B0743NDG45,2023-12-04
B0743NDG45,2024-01-01
B0743NDG45,2024-01-29
B0748MRWJV,2023-02-27
B0748MRWJV,2023-03-27
B0748MRWJV,2023-04-24
B0748MRWJV,2023-05-22
B0748MRWJV,2023-06-19
B0748MRWJV,2023-07-17
B0748MRWJV,2023-08-14
B0748MRWJV,2023-09-11
B0748MRWJV,2023-10-09
B0748MRWJV,2023-11-06
B0748MRWJV,2023-12-04
B0748MRWJV,2024-01-01
B0748MRWJV,2024-01-29
B074CPZGN1,2023-02-27
B074CPZGN1,2023-03-27
B074CPZGN1,2023-04-24
B074CPZGN1,2023-05-22
B074CPZGN1,2023-06-19
B074CPZGN1,2023-07-17
B074CPZGN1,2023-08-14
B074CPZGN1,2023-09-11
B074CPZGN1,2023-10-09
B074CPZGN1,2023-11-06
B074CPZGN1,2023-12-04
B074CPZGN1,2024-01-01
B074CPZGN1,2024-01-29
B074D1JT8G,2023-02-27
B074D1JT8G,2023-03-27
B074D1JT8G,2023-04-24
B074D1JT8G,2023-05-22
B074D1JT8G,2023-06-19
B074D1JT8G,2023-07-17
B074D1JT8G,2023-08-14
B074D1JT8G,2023-09-11
B074D1JT8G,2023-10-09
B074D1JT8G,2023-11-06
B074D1JT8G,2023-12-04
B074D1JT8G,2024-01-01
B074D1JT8G,2024-01-29
B074D4B3Y3,2023-02-27
B074D4B3Y3,2023-03-27
B074D4B3Y3,2023-04-24
B074D4B3Y3,2023-05-22
B074D4B3Y3,2023-06-19
B074D4B3Y3,2023-07-17
B074D4B3Y3,2023-08-14
B074D4B3Y3,2023-09-11
B074D4B3Y3,2023-10-09
B074D4B3Y3,2023-11-06
B074D4B3Y3,2023-12-04
B074D4B3Y3,2024-01-01
B074D4B3Y3,2024-01-29
B074KZBL2D,2023-02-27
B074KZBL2D,2023-03-27
B074KZBL2D,2023-04-24
B074KZBL2D,2023-05-22
B074KZBL2D,2023-06-19
B074KZBL2D,2023-07-17
B074KZBL2D,2023-08-14
B074KZBL2D,2023-09-11
B074KZBL2D,2023-10-09
B074KZBL2D,2023-11-06
B074KZBL2D,2023-12-04
B074KZBL2D,2024-01-01
B074KZBL2D,2024-01-29
B074RPD49S,2023-02-27
B074RPD49S,2023-03-27
B074RPD49S,2023-04-24
B074RPD49S,2023-05-22
B074RPD49S,2023-06-19
B074RPD49S,2023-07-17
B074RPD49S,2023-08-14
B074RPD49S,2023-09-11
B074RPD49S,2023-10-09
B074RPD49S,2023-11-06
B074RPD49S,2023-12-04
B074RPD49S,2024-01-01
B074RPD49S,2024-01-29
B074VBJG1H,2023-02-27
B074VBJG1H,2023-03-27
B074VBJG1H,2023-04-24
B074VBJG1H,2023-05-22
B074VBJG1H,2023-06-19
B074VBJG1H,2023-07-17
B074VBJG1H,2023-08-14
B074VBJG1H,2023-09-11
B074VBJG1H,2023-10-09
B074VBJG1H,2023-11-06
B074VBJG1H,2023-12-04
B074VBJG1H,2024-01-01
B074VBJG1H,2024-01-29
B075162RSG,2023-02-27
B075162RSG,2023-03-27
B075162RSG,2023-04-24
B075162RSG,2023-05-22
B075162RSG,2023-06-19
B075162RSG,2023-07-17
B075162RSG,2023-08-14
B075162RSG,2023-09-11
B075162RSG,2023-10-09
B075162RSG,2023-11-06
B075162RSG,2023-12-04
B075162RSG,2024-01-01
B075162RSG,2024-01-29
B075163G1Y,2023-02-27
B075163G1Y,2023-03-27
B075163G1Y,2023-04-24
B075163G1Y,2023-05-22
B075163G1Y,2023-06-19
B075163G1Y,2023-07-17
B075163G1Y,2023-08-14
B075163G1Y,2023-09-11
B075163G1Y,2023-10-09
B075163G1Y,2023-11-06
B075163G1Y,2023-12-04
B075163G1Y,2024-01-01
B075163G1Y,2024-01-29
B0751CRXXD,2023-02-27
B0751CRXXD,2023-03-27
B0751CRXXD,2023-04-24
B0751CRXXD,2023-05-22
B0751CRXXD,2023-06-19
B0751CRXXD,2023-07-17
B0751CRXXD,2023-08-14
B0751CRXXD,2023-09-11
B0751CRXXD,2023-10-09
B0751CRXXD,2023-11-06
B0751CRXXD,2023-12-04
B0751CRXXD,2024-01-01
B0751CRXXD,2024-01-29
B0751GXZ27,2023-02-27
B0751GXZ27,2023-03-27
B0751GXZ27,2023-04-24
B0751GXZ27,2023-05-22
B0751GXZ27,2023-06-19
B0751GXZ27,2023-07-17
B0751GXZ27,2023-08-14
B0751GXZ27,2023-09-11
B0751GXZ27,2023-10-09
B0751GXZ27,2023-11-06
B0751GXZ27,2023-12-04
B0751GXZ27,2024-01-01
B0751GXZ27,2024-01-29
B0751H9XS2,2023-02-27
B0751H9XS2,2023-03-27
B0751H9XS2,2023-04-24
B0751H9XS2,2023-05-22
B0751H9XS2,2023-06-19
B0751H9XS2,2023-07-17
B0751H9XS2,2023-08-14
B0751H9XS2,2023-09-11
B0751H9XS2,2023-10-09
B0751H9XS2,2023-11-06
B0751H9XS2,2023-12-04
B0751H9XS2,2024-01-01
B0751H9XS2,2024-01-29
B0751HD519,2023-02-27
B0751HD519,2023-03-27
B0751HD519,2023-04-24
B0751HD519,2023-05-22
B0751HD519,2023-06-19
B0751HD519,2023-07-17
B0751HD519,2023-08-14
B0751HD519,2023-09-11
B0751HD519,2023-10-09
B0751HD519,2023-11-06
B0751HD519,2023-12-04
B0751HD519,2024-01-01
B0751HD519,2024-01-29
B0751HD51Z,2023-02-27
B0751HD51Z,2023-03-27
B0751HD51Z,2023-04-24
B0751HD51Z,2023-05-22
B0751HD51Z,2023-06-19
B0751HD51Z,2023-07-17
B0751HD51Z,2023-08-14
B0751HD51Z,2023-09-11
B0751HD51Z,2023-10-09
B0751HD51Z,2023-11-06
B0751HD51Z,2023-12-04
B0751HD51Z,2024-01-01
B0751HD51Z,2024-01-29
B0751YK9N9,2023-02-27
B0751YK9N9,2023-03-27
B0751YK9N9,2023-04-24
B0751YK9N9,2023-05-22
B0751YK9N9,2023-06-19
B0751YK9N9,2023-07-17
B0751YK9N9,2023-08-14
B0751YK9N9,2023-09-11
B0751YK9N9,2023-10-09
B0751YK9N9,2023-11-06
B0751YK9N9,2023-12-04
B0751YK9N9,2024-01-01
B0751YK9N9,2024-01-29
B07525TQK7,2023-02-27
B07525TQK7,2023-03-27
B07525TQK7,2023-04-24
B07525TQK7,2023-05-22
B07525TQK7,2023-06-19
B07525TQK7,2023-07-17
B07525TQK7,2023-08-14
B07525TQK7,2023-09-11
B07525TQK7,2023-10-09
B07525TQK7,2023-11-06
B07525TQK7,2023-12-04
B07525TQK7,2024-01-01
B07525TQK7,2024-01-29
B0755K1STM,2023-09-11
B0755K1STM,2023-10-09
B0755K1STM,2023-11-06
B0755K1STM,2023-12-04
B0755K1STM,2024-01-01
B0755K1STM,2024-01-29
B075DB9LPD,2023-02-27
B075DB9LPD,2023-03-27
B075DB9LPD,2023-04-24
B075DB9LPD,2023-05-22
B075DB9LPD,2023-06-19
B075DB9LPD,2023-07-17
B075DB9LPD,2023-08-14
B075DB9LPD,2023-09-11
B075DB9LPD,2023-10-09
B075DB9LPD,2023-11-06
B075DB9LPD,2023-12-04
B075DB9LPD,2024-01-01
B075DB9LPD,2024-01-29
B075GBPKD4,2023-02-27
B075GBPKD4,2023-03-27
B075GBPKD4,2023-04-24
B075GBPKD4,2023-05-22
B075GBPKD4,2023-06-19
B075GBPKD4,2023-07-17
B075GBPKD4,2023-08-14
B075GBPKD4,2023-09-11
B075GBPKD4,2023-10-09
B075GBPKD4,2023-11-06
B075GBPKD4,2023-12-04
B075GBPKD4,2024-01-01
B075GBPKD4,2024-01-29
B075KY5S9X,2023-02-27
B075KY5S9X,2023-03-27
B075KY5S9X,2023-04-24
B075KY5S9X,2023-05-22
B075KY5S9X,2023-06-19
B075KY5S9X,2023-07-17
B075KY5S9X,2023-08-14
B075KY5S9X,2023-09-11
B075KY5S9X,2023-10-09
B075KY5S9X,2023-11-06
B075KY5S9X,2023-12-04
B075KY5S9X,2024-01-01
B075KY5S9X,2024-01-29
B075RHNFVD,2023-02-27
B075RHNFVD,2023-03-27
B075RHNFVD,2023-04-24
B075RHNFVD,2023-05-22
B075RHNFVD,2023-06-19
B075RHNFVD,2023-07-17
B075RHNFVD,2023-08-14
B075RHNFVD,2023-09-11
B075RHNFVD,2023-10-09
B075RHNFVD,2023-11-06
B075RHNFVD,2023-12-04
B075RHNFVD,2024-01-01
B075RHNFVD,2024-01-29
B075SBM3KP,2023-02-27
B075SBM3KP,2023-03-27
B075SBM3KP,2023-04-24
B075SBM3KP,2023-05-22
B075SBM3KP,2023-06-19
B075SBM3KP,2023-07-17
B075SBM3KP,2023-08-14
B075SBM3KP,2023-09-11
B075SBM3KP,2023-10-09
B075SBM3KP,2023-11-06
B075SBM3KP,2023-12-04
B075SBM3KP,2024-01-01
B075SBM3KP,2024-01-29
B075XZSMZX,2023-02-27
B075XZSMZX,2023-03-27
B075XZSMZX,2023-04-24
B075XZSMZX,2023-05-22
B075XZSMZX,2023-06-19
B075XZSMZX,2023-07-17
B075XZSMZX,2023-08-14
B075XZSMZX,2023-09-11
B075XZSMZX,2023-10-09
B075XZSMZX,2023-11-06
B075XZSMZX,2023-12-04
B075XZSMZX,2024-01-01
B075XZSMZX,2024-01-29
B075YB8J3H,2023-02-27
B075YB8J3H,2023-03-27
B075YB8J3H,2023-04-24
B075YB8J3H,2023-05-22
B075YB8J3H,2023-06-19
B075YB8J3H,2023-07-17
B075YB8J3H,2023-08-14
B075YB8J3H,2023-09-11
B075YB8J3H,2023-10-09
B075YB8J3H,2023-11-06
B075YB8J3H,2023-12-04
B075YB8J3H,2024-01-01
B075YB8J3H,2024-01-29
B075ZBDYB1,2023-02-27
B075ZBDYB1,2023-03-27
B075ZBDYB1,2023-04-24
B075ZBDYB1,2023-05-22
B075ZBDYB1,2023-06-19
B075ZBDYB1,2023-07-17
B075ZBDYB1,2023-08-14
B075ZBDYB1,2023-09-11
B075ZBDYB1,2023-10-09
B075ZBDYB1,2023-11-06
B075ZBDYB1,2023-12-04
B075ZBDYB1,2024-01-01
B075ZBDYB1,2024-01-29
B07613MLF1,2023-02-27
B07613MLF1,2023-03-27
B07613MLF1,2023-04-24
B07613MLF1,2023-05-22
B07613MLF1,2023-06-19
B07613MLF1,2023-07-17
B07613MLF1,2023-08-14
B07613MLF1,2023-09-11
B07613MLF1,2023-10-09
B07613MLF1,2023-11-06
B07613MLF1,2023-12-04
B07613MLF1,2024-01-01
B07613MLF1,2024-01-29
B0764K73KL,2023-02-27
B0764K73KL,2023-03-27
B0764K73KL,2023-04-24
B0764K73KL,2023-05-22
B0764K73KL,2023-06-19
B0764K73KL,2023-07-17
B0764K73KL,2023-08-14
B0764K73KL,2023-09-11
B0764K73KL,2023-10-09
B0764K73KL,2023-11-06
B0764K73KL,2023-12-04
B0764K73KL,2024-01-01
B0764K73KL,2024-01-29
B0765Y5ZWH,2023-02-27
B0765Y5ZWH,2023-03-27
B0765Y5ZWH,2023-04-24
B0765Y5ZWH,2023-05-22
B0765Y5ZWH,2023-06-19
B0765Y5ZWH,2023-07-17
B0765Y5ZWH,2023-08-14
B0765Y5ZWH,2023-09-11
B0765Y5ZWH,2023-10-09
B0765Y5ZWH,2023-11-06
B0765Y5ZWH,2023-12-04
B0765Y5ZWH,2024-01-01
B0765Y5ZWH,2024-01-29
B076FLF7L5,2023-02-27
B076FLF7L5,2023-03-27
B076FLF7L5,2023-04-24
B076FLF7L5,2023-05-22
B076FLF7L5,2023-06-19
B076FLF7L5,2023-07-17
B076FLF7L5,2023-08-14
B076FLF7L5,2023-09-11
B076FLF7L5,2023-10-09
B076FLF7L5,2023-11-06
B076FLF7L5,2023-12-04
B076FLF7L5,2024-01-01
B076FLF7L5,2024-01-29
B076JF44HG,2023-02-27
B076JF44HG,2023-03-27
B076JF44HG,2023-04-24
B076JF44HG,2023-05-22
B076JF44HG,2023-06-19
B076JF44HG,2023-07-17
B076JF44HG,2023-08-14
B076JF44HG,2023-09-11
B076JF44HG,2023-10-09
B076JF44HG,2023-11-06
B076JF44HG,2023-12-04
B076JF44HG,2024-01-01
B076JF44HG,2024-01-29
B076JGZGF9,2023-02-27
B076JGZGF9,2023-03-27
B076JGZGF9,2023-04-24
B076JGZGF9,2023-05-22
B076JGZGF9,2023-06-19
B076JGZGF9,2023-07-17
B076JGZGF9,2023-08-14
B076JGZGF9,2023-09-11
B076JGZGF9,2023-10-09
B076JGZGF9,2023-11-06
B076JGZGF9,2023-12-04
B076JGZGF9,2024-01-01
B076JGZGF9,2024-01-29
B076N1J5JN,2023-02-27
B076N1J5JN,2023-03-27
B076N1J5JN,2023-04-24
B076N1J5JN,2023-05-22
B076N1J5JN,2023-06-19
B076N1J5JN,2023-07-17
B076N1J5JN,2023-08-14
B076N1J5JN,2023-09-11
B076N1J5JN,2023-10-09
B076N1J5JN,2023-11-06
B076N1J5JN,2023-12-04
B076N1J5JN,2024-01-01
B076N1J5JN,2024-01-29
B076PJPBTN,2023-02-27
B076PJPBTN,2023-03-27
B076PJPBTN,2023-04-24
B076PJPBTN,2023-05-22
B076PJPBTN,2023-06-19
B076PJPBTN,2023-07-17
B076PJPBTN,2023-08-14
B076PJPBTN,2023-09-11
B076PJPBTN,2023-10-09
B076PJPBTN,2023-11-06
B076PJPBTN,2023-12-04
B076PJPBTN,2024-01-01
B076PJPBTN,2024-01-29
B0774KHP8C,2023-07-17
B0774KHP8C,2023-08-14
B0774KHP8C,2023-09-11
B0774KHP8C,2023-10-09
B0774KHP8C,2023-11-06
B0774KHP8C,2023-12-04
B0774KHP8C,2024-01-01
B0774KHP8C,2024-01-29
B0777N9Y2P,2023-02-27
B0777N9Y2P,2023-03-27
B0777N9Y2P,2023-04-24
B0777N9Y2P,2023-05-22
B0777N9Y2P,2023-06-19
B0777N9Y2P,2023-07-17
B0777N9Y2P,2023-08-14
B0777N9Y2P,2023-09-11
B0777N9Y2P,2023-10-09
B0777N9Y2P,2023-11-06
B0777N9Y2P,2023-12-04
B0777N9Y2P,2024-01-01
B0777N9Y2P,2024-01-29
B0777STPDH,2023-02-27
B0777STPDH,2023-03-27
B0777STPDH,2023-04-24
B0777STPDH,2023-05-22
B0777STPDH,2023-06-19
B0777STPDH,2023-07-17
B0777STPDH,2023-08-14
B0777STPDH,2023-09-11
B0777STPDH,2023-10-09
B0777STPDH,2023-11-06
B0777STPDH,2023-12-04
B0777STPDH,2024-01-01
B0777STPDH,2024-01-29
B077BBWPMG,2023-02-27
B077BBWPMG,2023-03-27
B077BBWPMG,2023-04-24
B077BBWPMG,2023-05-22
B077BBWPMG,2023-06-19
B077BBWPMG,2023-07-17
B077BBWPMG,2023-08-14
B077BBWPMG,2023-09-11
B077BBWPMG,2023-10-09
B077BBWPMG,2023-11-06
B077BBWPMG,2023-12-04
B077BBWPMG,2024-01-01
B077BBWPMG,2024-01-29
B077NTPVKB,2023-02-27
B077NTPVKB,2023-03-27
B077NTPVKB,2023-04-24
B077NTPVKB,2023-05-22
B077NTPVKB,2023-06-19
B077NTPVKB,2023-07-17
B077NTPVKB,2023-08-14
B077NTPVKB,2023-09-11
B077NTPVKB,2023-10-09
B077NTPVKB,2023-11-06
B077NTPVKB,2023-12-04
B077NTPVKB,2024-01-01
B077NTPVKB,2024-01-29
B077P8L38H,2023-02-27
B077P8L38H,2023-03-27
B077P8L38H,2023-04-24
B077P8L38H,2023-05-22
B077P8L38H,2023-06-19
B077P8L38H,2023-07-17
B077P8L38H,2023-08-14
B077P8L38H,2023-09-11
B077P8L38H,2023-10-09
B077P8L38H,2023-11-06
B077P8L38H,2023-12-04
B077P8L38H,2024-01-01
B077P8L38H,2024-01-29
B077YYP445,2023-02-27
B077YYP445,2023-03-27
B077YYP445,2023-04-24
B077YYP445,2023-05-22
B077YYP445,2023-06-19
B077YYP445,2023-07-17
B077YYP445,2023-08-14
B077YYP445,2023-09-11
B077YYP445,2023-10-09
B077YYP445,2023-11-06
B077YYP445,2023-12-04
B077YYP445,2024-01-01
B077YYP445,2024-01-29
B077Z4GR9F,2023-02-27
B077Z4GR9F,2023-03-27
B077Z4GR9F,2023-04-24
B077Z4GR9F,2023-05-22
B077Z4GR9F,2023-06-19
B077Z4GR9F,2023-07-17
B077Z4GR9F,2023-08-14
B077Z4GR9F,2023-09-11
B077Z4GR9F,2023-10-09
B077Z4GR9F,2023-11-06
B077Z4GR9F,2023-12-04
B077Z4GR9F,2024-01-01
B077Z4GR9F,2024-01-29
B078519623,2023-02-27
B078519623,2023-03-27
B078519623,2023-04-24
B078519623,2023-05-22
B078519623,2023-06-19
B078519623,2023-07-17
B078519623,2023-08-14
B078519623,2023-09-11
B078519623,2023-10-09
B078519623,2023-11-06
B078519623,2023-12-04
B078519623,2024-01-01
B078519623,2024-01-29
B07889L46C,2023-02-27
B07889L46C,2023-03-27
B07889L46C,2023-04-24
B07889L46C,2023-05-22
B07889L46C,2023-06-19
B07889L46C,2023-07-17
B07889L46C,2023-08-14
B07889L46C,2023-09-11
B07889L46C,2023-10-09
B07889L46C,2023-11-06
B07889L46C,2023-12-04
B07889L46C,2024-01-01
B07889L46C,2024-01-29
B078CJYT4P,2023-02-27
B078CJYT4P,2023-03-27
B078CJYT4P,2023-04-24
B078CJYT4P,2023-05-22
B078CJYT4P,2023-06-19
B078CJYT4P,2023-07-17
B078CJYT4P,2023-08-14
B078CJYT4P,2023-09-11
B078CJYT4P,2023-10-09
B078CJYT4P,2023-11-06
B078CJYT4P,2023-12-04
B078CJYT4P,2024-01-01
B078CJYT4P,2024-01-29
B078J4CDLZ,2023-02-27
B078J4CDLZ,2023-03-27
B078J4CDLZ,2023-04-24
B078J4CDLZ,2023-05-22
B078J4CDLZ,2023-06-19
B078J4CDLZ,2023-07-17
B078J4CDLZ,2023-08-14
B078J4CDLZ,2023-09-11
B078J4CDLZ,2023-10-09
B078J4CDLZ,2023-11-06
B078J4CDLZ,2023-12-04
B078J4CDLZ,2024-01-01
B078J4CDLZ,2024-01-29
B078JCPP26,2023-02-27
B078JCPP26,2023-03-27
B078JCPP26,2023-04-24
B078JCPP26,2023-05-22
B078JCPP26,2023-06-19
B078JCPP26,2023-07-17
B078JCPP26,2023-08-14
B078JCPP26,2023-09-11
B078JCPP26,2023-10-09
B078JCPP26,2023-11-06
B078JCPP26,2023-12-04
B078JCPP26,2024-01-01
B078JCPP26,2024-01-29
B078JD7B7C,2023-02-27
B078JD7B7C,2023-03-27
B078JD7B7C,2023-04-24
B078JD7B7C,2023-05-22
B078JD7B7C,2023-06-19
B078JD7B7C,2023-07-17
B078JD7B7C,2023-08-14
B078JD7B7C,2023-09-11
B078JD7B7C,2023-10-09
B078JD7B7C,2023-11-06
B078JD7B7C,2023-12-04
B078JD7B7C,2024-01-01
B078JD7B7C,2024-01-29
B078LY2HD4,2023-02-27
B078LY2HD4,2023-03-27
B078LY2HD4,2023-04-24
B078LY2HD4,2023-05-22
B078LY2HD4,2023-06-19
B078LY2HD4,2023-07-17
B078LY2HD4,2023-08-14
B078LY2HD4,2023-09-11
B078LY2HD4,2023-10-09
B078LY2HD4,2023-11-06
B078LY2HD4,2023-12-04
B078LY2HD4,2024-01-01
B078LY2HD4,2024-01-29
B078SVGC62,2023-02-27
B078SVGC62,2023-03-27
B078SVGC62,2023-04-24
B078SVGC62,2023-05-22
B078SVGC62,2023-06-19
B078SVGC62,2023-07-17
B078SVGC62,2023-08-14
B078SVGC62,2023-09-11
B078SVGC62,2023-10-09
B078SVGC62,2023-11-06
B078SVGC62,2023-12-04
B078SVGC62,2024-01-01
B078SVGC62,2024-01-29
B078TXT3N2,2023-02-27
B078TXT3N2,2023-03-27
B078TXT3N2,2023-04-24
B078TXT3N2,2023-05-22
B078TXT3N2,2023-06-19
B078TXT3N2,2023-07-17
B078TXT3N2,2023-08-14
B078TXT3N2,2023-09-11
B078TXT3N2,2023-10-09
B078TXT3N2,2023-11-06
B078TXT3N2,2023-12-04
B078TXT3N2,2024-01-01
B078TXT3N2,2024-01-29
B078WG8JV3,2023-02-27
B078WG8JV3,2023-03-27
B078WG8JV3,2023-04-24
B078WG8JV3,2023-05-22
B078WG8JV3,2023-06-19
B078WG8JV3,2023-07-17
B078WG8JV3,2023-08-14
B078WG8JV3,2023-09-11
B078WG8JV3,2023-10-09
B078WG8JV3,2023-11-06
B078WG8JV3,2023-12-04
B078WG8JV3,2024-01-01
B078WG8JV3,2024-01-29
B078Y4JX95,2023-02-27
B078Y4JX95,2023-03-27
B078Y4JX95,2023-04-24
B078Y4JX95,2023-05-22
B078Y4JX95,2023-06-19
B078Y4JX95,2023-07-17
B078Y4JX95,2023-08-14
B078Y4JX95,2023-09-11
B078Y4JX95,2023-10-09
B078Y4JX95,2023-11-06
B078Y4JX95,2023-12-04
B078Y4JX95,2024-01-01
B078Y4JX95,2024-01-29
B079173VBS,2023-02-27
B079173VBS,2023-03-27
B079173VBS,2023-04-24
B079173VBS,2023-05-22
B079173VBS,2023-06-19
B079173VBS,2023-07-17
B079173VBS,2023-08-14
B079173VBS,2023-09-11
B079173VBS,2023-10-09
B079173VBS,2023-11-06
B079173VBS,2023-12-04
B079173VBS,2024-01-01
B079173VBS,2024-01-29
B0797D336H,2023-02-27
B0797D336H,2023-03-27
B0797D336H,2023-04-24
B0797D336H,2023-05-22
B0797D336H,2023-06-19
B0797D336H,2023-07-17
B0797D336H,2023-08-14
B0797D336H,2023-09-11
B0797D336H,2023-10-09
B0797D336H,2023-11-06
B0797D336H,2023-12-04
B0797D336H,2024-01-01
B0797D336H,2024-01-29
B0799SQSKS,2023-02-27
B0799SQSKS,2023-03-27
B0799SQSKS,2023-04-24
B0799SQSKS,2023-05-22
B0799SQSKS,2023-06-19
B0799SQSKS,2023-07-17
B0799SQSKS,2023-08-14
B0799SQSKS,2023-09-11
B0799SQSKS,2023-10-09
B0799SQSKS,2023-11-06
B0799SQSKS,2023-12-04
B0799SQSKS,2024-01-01
B0799SQSKS,2024-01-29
B079BZQLWK,2023-03-27
B079BZQLWK,2023-04-24
B079BZQLWK,2023-05-22
B079BZQLWK,2023-06-19
B079BZQLWK,2023-07-17
B079BZQLWK,2023-08-14
B079BZQLWK,2023-09-11
B079BZQLWK,2023-10-09
B079BZQLWK,2023-11-06
B079BZQLWK,2023-12-04
B079BZQLWK,2024-01-01
B079BZQLWK,2024-01-29
B079FR1MTF,2023-02-27
B079FR1MTF,2023-03-27
B079FR1MTF,2023-04-24
B079FR1MTF,2023-05-22
B079FR1MTF,2023-06-19
B079FR1MTF,2023-07-17
B079FR1MTF,2023-08-14
B079FR1MTF,2023-09-11
B079FR1MTF,2023-10-09
B079FR1MTF,2023-11-06
B079FR1MTF,2023-12-04
B079FR1MTF,2024-01-01
B079FR1MTF,2024-01-29
B079FXMDY3,2023-02-27
B079FXMDY3,2023-03-27
B079FXMDY3,2023-04-24
B079FXMDY3,2023-05-22
B079FXMDY3,2023-06-19
B079FXMDY3,2023-07-17
B079FXMDY3,2023-08-14
B079FXMDY3,2023-09-11
B079FXMDY3,2023-10-09
B079FXMDY3,2023-11-06
B079FXMDY3,2023-12-04
B079FXMDY3,2024-01-01
B079FXMDY3,2024-01-29
B079KD4PR6,2023-02-27
B079KD4PR6,2023-03-27
B079KD4PR6,2023-04-24
B079KD4PR6,2023-05-22
B079KD4PR6,2023-06-19
B079KD4PR6,2023-07-17
B079KD4PR6,2023-08-14
B079KD4PR6,2023-09-11
B079KD4PR6,2023-10-09
B079KD4PR6,2023-11-06
B079KD4PR6,2023-12-04
B079KD4PR6,2024-01-01
B079KD4PR6,2024-01-29
B079KHS5S9,2023-02-27
B079KHS5S9,2023-03-27
B079KHS5S9,2023-04-24
B079KHS5S9,2023-05-22
B079KHS5S9,2023-06-19
B079KHS5S9,2023-07-17
B079KHS5S9,2023-08-14
B079KHS5S9,2023-09-11
B079KHS5S9,2023-10-09
B079KHS5S9,2023-11-06
B079KHS5S9,2023-12-04
B079KHS5S9,2024-01-01
B079KHS5S9,2024-01-29
B079MQ8QM4,2023-02-27
B079MQ8QM4,2023-03-27
B079MQ8QM4,2023-04-24
B079MQ8QM4,2023-05-22
B079MQ8QM4,2023-06-19
B079MQ8QM4,2023-07-17
B079MQ8QM4,2023-08-14
B079MQ8QM4,2023-09-11
B079MQ8QM4,2023-10-09
B079MQ8QM4,2023-11-06
B079MQ8QM4,2023-12-04
B079MQ8QM4,2024-01-01
B079MQ8QM4,2024-01-29
B079NGB2C7,2023-02-27
B079NGB2C7,2023-03-27
B079NGB2C7,2023-04-24
B079NGB2C7,2023-05-22
B079NGB2C7,2023-06-19
B079NGB2C7,2023-07-17
B079NGB2C7,2023-08-14
B079NGB2C7,2023-09-11
B079NGB2C7,2023-10-09
B079NGB2C7,2023-11-06
B079NGB2C7,2023-12-04
B079NGB2C7,2024-01-01
B079NGB2C7,2024-01-29
B079PPVZJY,2023-02-27
B079PPVZJY,2023-03-27
B079PPVZJY,2023-04-24
B079PPVZJY,2023-05-22
B079PPVZJY,2023-06-19
B079PPVZJY,2023-07-17
B079PPVZJY,2023-08-14
B079PPVZJY,2023-09-11
B079PPVZJY,2023-10-09
B079PPVZJY,2023-11-06
B079PPVZJY,2023-12-04
B079PPVZJY,2024-01-01
B079PPVZJY,2024-01-29
B079XZF2V7,2023-02-27
B079XZF2V7,2023-03-27
B079XZF2V7,2023-04-24
B079XZF2V7,2023-05-22
B079XZF2V7,2023-06-19
B079XZF2V7,2023-07-17
B079XZF2V7,2023-08-14
B079XZF2V7,2023-09-11
B079XZF2V7,2023-10-09
B079XZF2V7,2023-11-06
B079XZF2V7,2023-12-04
B079XZF2V7,2024-01-01
B079XZF2V7,2024-01-29
B07B3R2WZ9,2023-02-27
B07B3R2WZ9,2023-03-27
B07B3R2WZ9,2023-04-24
B07B3R2WZ9,2023-05-22
B07B3R2WZ9,2023-06-19
B07B3R2WZ9,2023-07-17
B07B3R2WZ9,2023-08-14
B07B3R2WZ9,2023-09-11
B07B3R2WZ9,2023-10-09
B07B3R2WZ9,2023-11-06
B07B3R2WZ9,2023-12-04
B07B3R2WZ9,2024-01-01
B07B3R2WZ9,2024-01-29
B07B46DJX7,2023-02-27
B07B46DJX7,2023-03-27
B07B46DJX7,2023-04-24
B07B46DJX7,2023-05-22
B07B46DJX7,2023-06-19
B07B46DJX7,2023-07-17
B07B46DJX7,2023-08-14
B07B46DJX7,2023-09-11
B07B46DJX7,2023-10-09
B07B46DJX7,2023-11-06
B07B46DJX7,2023-12-04
B07B46DJX7,2024-01-01
B07B46DJX7,2024-01-29
B07B4BCMM5,2023-02-27
B07B4BCMM5,2023-03-27
B07B4BCMM5,2023-04-24
B07B4BCMM5,2023-05-22
B07B4BCMM5,2023-06-19
B07B4BCMM5,2023-07-17
B07B4BCMM5,2023-08-14
B07B4BCMM5,2023-09-11
B07B4BCMM5,2023-10-09
B07B4BCMM5,2023-11-06
B07B4BCMM5,2023-12-04
B07B4BCMM5,2024-01-01
B07B4BCMM5,2024-01-29
B07B6Y594N,2023-02-27
B07B6Y594N,2023-03-27
B07B6Y594N,2023-04-24
B07B6Y594N,2023-05-22
B07B6Y594N,2023-06-19
B07B6Y594N,2023-07-17
B07B6Y594N,2023-08-14
B07B6Y594N,2023-09-11
B07B6Y594N,2023-10-09
B07B6Y594N,2023-11-06
B07B6Y594N,2023-12-04
B07B6Y594N,2024-01-01
B07B6Y594N,2024-01-29
B07B814DGJ,2023-02-27
B07B814DGJ,2023-03-27
B07B814DGJ,2023-04-24
B07B814DGJ,2023-05-22
B07B814DGJ,2023-06-19
B07B814DGJ,2023-07-17
B07B814DGJ,2023-08-14
B07B814DGJ,2023-09-11
B07B814DGJ,2023-10-09
B07B814DGJ,2023-11-06
B07B814DGJ,2023-12-04
B07B814DGJ,2024-01-01
B07B814DGJ,2024-01-29
B07B8P6X2W,2023-02-27
B07B8P6X2W,2023-03-27
B07B8P6X2W,2023-04-24
B07B8P6X2W,2023-05-22
B07B8P6X2W,2023-06-19
B07B8P6X2W,2023-07-17
B07B8P6X2W,2023-08-14
B07B8P6X2W,2023-09-11
B07B8P6X2W,2023-10-09
B07B8P6X2W,2023-11-06
B07B8P6X2W,2023-12-04
B07B8P6X2W,2024-01-01
B07B8P6X2W,2024-01-29
B07B8QHL5Y,2023-02-27
B07B8QHL5Y,2023-03-27
B07B8QHL5Y,2023-04-24
B07B8QHL5Y,2023-05-22
B07B8QHL5Y,2023-06-19
B07B8QHL5Y,2023-07-17
B07B8QHL5Y,2023-08-14
B07B8QHL5Y,2023-09-11
B07B8QHL5Y,2023-10-09
B07B8QHL5Y,2023-11-06
B07B8QHL5Y,2023-12-04
B07B8QHL5Y,2024-01-01
B07B8QHL5Y,2024-01-29
B07B9XCJSH,2023-02-27
B07B9XCJSH,2023-03-27
B07B9XCJSH,2023-04-24
B07B9XCJSH,2023-05-22
B07B9XCJSH,2023-06-19
B07B9XCJSH,2023-07-17
B07B9XCJSH,2023-08-14
B07B9XCJSH,2023-09-11
B07B9XCJSH,2023-10-09
B07B9XCJSH,2023-11-06
B07B9XCJSH,2023-12-04
B07B9XCJSH,2024-01-01
B07B9XCJSH,2024-01-29
B07BGK8JH5,2023-02-27
B07BGK8JH5,2023-03-27
B07BGK8JH5,2023-04-24
B07BGK8JH5,2023-05-22
B07BGK8JH5,2023-06-19
B07BGK8JH5,2023-07-17
B07BGK8JH5,2023-08-14
B07BGK8JH5,2023-09-11
B07BGK8JH5,2023-10-09
B07BGK8JH5,2023-11-06
B07BGK8JH5,2023-12-04
B07BGK8JH5,2024-01-01
B07BGK8JH5,2024-01-29
B07BJYLXZY,2023-02-27
B07BJYLXZY,2023-03-27
B07BJYLXZY,2023-04-24
B07BJYLXZY,2023-05-22
B07BJYLXZY,2023-06-19
B07BJYLXZY,2023-07-17
B07BJYLXZY,2023-08-14
B07BJYLXZY,2023-09-11
B07BJYLXZY,2023-10-09
B07BJYLXZY,2023-11-06
B07BJYLXZY,2023-12-04
B07BJYLXZY,2024-01-01
B07BJYLXZY,2024-01-29
B07BKFV6D3,2023-02-27
B07BKFV6D3,2023-03-27
B07BKFV6D3,2023-04-24
B07BKFV6D3,2023-05-22
B07BKFV6D3,2023-06-19
B07BKFV6D3,2023-07-17
B07BKFV6D3,2023-08-14
B07BKFV6D3,2023-09-11
B07BKFV6D3,2023-10-09
B07BKFV6D3,2023-11-06
B07BKFV6D3,2023-12-04
B07BKFV6D3,2024-01-01
B07BKFV6D3,2024-01-29
B07BLHFWQP,2023-02-27
B07BLHFWQP,2023-03-27
B07BLHFWQP,2023-04-24
B07BLHFWQP,2023-05-22
B07BLHFWQP,2023-06-19
B07BLHFWQP,2023-07-17
B07BLHFWQP,2023-08-14
B07BLHFWQP,2023-09-11
B07BLHFWQP,2023-10-09
B07BLHFWQP,2023-11-06
B07BLHFWQP,2023-12-04
B07BLHFWQP,2024-01-01
B07BLHFWQP,2024-01-29
B07BMHLYTV,2023-02-27
B07BMHLYTV,2023-03-27
B07BMHLYTV,2023-04-24
B07BMHLYTV,2023-05-22
B07BMHLYTV,2023-06-19
B07BMHLYTV,2023-07-17
B07BMHLYTV,2023-08-14
B07BMHLYTV,2023-09-11
B07BMHLYTV,2023-10-09
B07BMHLYTV,2023-11-06
B07BMHLYTV,2023-12-04
B07BMHLYTV,2024-01-01
B07BMHLYTV,2024-01-29
B07BN258NB,2023-02-27
B07BN258NB,2023-03-27
B07BN258NB,2023-04-24
B07BN258NB,2023-05-22
B07BN258NB,2023-06-19
B07BN258NB,2023-07-17
B07BN258NB,2023-08-14
B07BN258NB,2023-09-11
B07BN258NB,2023-10-09
B07BN258NB,2023-11-06
B07BN258NB,2023-12-04
B07BN258NB,2024-01-01
B07BN258NB,2024-01-29
B07BW24162,2023-02-27
B07BW24162,2023-03-27
B07BW24162,2023-04-24
B07BW24162,2023-05-22
B07BW24162,2023-06-19
B07BW24162,2023-07-17
B07BW24162,2023-08-14
B07BW24162,2023-09-11
B07BW24162,2023-10-09
B07BW24162,2023-11-06
B07BW24162,2023-12-04
B07BW24162,2024-01-01
B07BW24162,2024-01-29
B07C2229GW,2023-02-27
B07C2229GW,2023-03-27
B07C2229GW,2023-04-24
B07C2229GW,2023-05-22
B07C2229GW,2023-06-19
B07C2229GW,2023-07-17
B07C2229GW,2023-08-14
B07C2229GW,2023-09-11
B07C2229GW,2023-10-09
B07C2229GW,2023-11-06
B07C2229GW,2023-12-04
B07C2229GW,2024-01-01
B07C2229GW,2024-01-29
B07CMT1HZ5,2023-02-27
B07CMT1HZ5,2023-03-27
B07CMT1HZ5,2023-04-24
B07CMT1HZ5,2023-05-22
B07CMT1HZ5,2023-06-19
B07CMT1HZ5,2023-07-17
B07CMT1HZ5,2023-08-14
B07CMT1HZ5,2023-09-11
B07CMT1HZ5,2023-10-09
B07CMT1HZ5,2023-11-06
B07CMT1HZ5,2023-12-04
B07CMT1HZ5,2024-01-01
B07CMT1HZ5,2024-01-29
B07CPZY5DC,2023-02-27
B07CPZY5DC,2023-03-27
B07CPZY5DC,2023-04-24
B07CPZY5DC,2023-05-22
B07CPZY5DC,2023-06-19
B07CPZY5DC,2023-07-17
B07CPZY5DC,2023-08-14
B07CPZY5DC,2023-09-11
B07CPZY5DC,2023-10-09
B07CPZY5DC,2023-11-06
B07CPZY5DC,2023-12-04
B07CPZY5DC,2024-01-01
B07CPZY5DC,2024-01-29
B07CQ3ZM8Q,2023-02-27
B07CQ3ZM8Q,2023-03-27
B07CQ3ZM8Q,2023-04-24
B07CQ3ZM8Q,2023-05-22
B07CQ3ZM8Q,2023-06-19
B07CQ3ZM8Q,2023-07-17
B07CQ3ZM8Q,2023-08-14
B07CQ3ZM8Q,2023-09-11
B07CQ3ZM8Q,2023-10-09
B07CQ3ZM8Q,2023-11-06
B07CQ3ZM8Q,2023-12-04
B07CQ3ZM8Q,2024-01-01
B07CQ3ZM8Q,2024-01-29
B07CYR3YKW,2023-02-27
B07CYR3YKW,2023-03-27
B07CYR3YKW,2023-07-17
B07CYR3YKW,2023-08-14
B07CYR3YKW,2023-09-11
B07CYR3YKW,2023-10-09
B07CYR3YKW,2023-11-06
B07CYR3YKW,2023-12-04
B07CYR3YKW,2024-01-01
B07CYR3YKW,2024-01-29
B07CYXGJLY,2023-02-27
B07CYXGJLY,2023-03-27
B07CYXGJLY,2023-07-17
B07CYXGJLY,2023-08-14
B07CYXGJLY,2023-09-11
B07CYXGJLY,2023-10-09
B07CYXGJLY,2023-11-06
B07CYXGJLY,2023-12-04
B07CYXGJLY,2024-01-01
B07CYXGJLY,2024-01-29
B07D11TKRC,2023-02-27
B07D11TKRC,2023-03-27
B07D11TKRC,2023-07-17
B07D11TKRC,2023-08-14
B07D11TKRC,2023-09-11
B07D11TKRC,2023-10-09
B07D11TKRC,2023-11-06
B07D11TKRC,2023-12-04
B07D11TKRC,2024-01-01
B07D11TKRC,2024-01-29
B07D23WG13,2023-02-27
B07D23WG13,2023-03-27
B07D23WG13,2023-04-24
B07D23WG13,2023-05-22
B07D23WG13,2023-06-19
B07D23WG13,2023-07-17
B07D23WG13,2023-08-14
B07D23WG13,2023-09-11
B07D23WG13,2023-10-09
B07D23WG13,2023-11-06
B07D23WG13,2023-12-04
B07D23WG13,2024-01-01
B07D23WG13,2024-01-29
B07D3GC7GQ,2023-02-27
B07D3GC7GQ,2023-03-27
B07D3GC7GQ,2023-04-24
B07D3GC7GQ,2023-05-22
B07D3GC7GQ,2023-06-19
B07D3GC7GQ,2023-07-17
B07D3GC7GQ,2023-08-14
B07D3GC7GQ,2023-09-11
B07D3GC7GQ,2023-10-09
B07D3GC7GQ,2023-11-06
B07D3GC7GQ,2023-12-04
B07D3GC7GQ,2024-01-01
B07D3GC7GQ,2024-01-29
B07D3H1HGV,2023-02-27
B07D3H1HGV,2023-03-27
B07D3H1HGV,2023-04-24
B07D3H1HGV,2023-05-22
B07D3H1HGV,2023-06-19
B07D3H1HGV,2023-07-17
B07D3H1HGV,2023-08-14
B07D3H1HGV,2023-09-11
B07D3H1HGV,2023-10-09
B07D3H1HGV,2023-11-06
B07D3H1HGV,2023-12-04
B07D3H1HGV,2024-01-01
B07D3H1HGV,2024-01-29
B07D4595GR,2023-02-27
B07D4595GR,2023-03-27
B07D4595GR,2023-04-24
B07D4595GR,2023-05-22
B07D4595GR,2023-06-19
B07D4595GR,2023-07-17
B07D4595GR,2023-08-14
B07D4595GR,2023-09-11
B07D4595GR,2023-10-09
B07D4595GR,2023-11-06
B07D4595GR,2023-12-04
B07D4595GR,2024-01-01
B07D4595GR,2024-01-29
B07D7QVG7N,2023-04-24
B07D7QVG7N,2023-05-22
B07D7QVG7N,2023-06-19
B07D7QVG7N,2023-07-17
B07D7QVG7N,2023-08-14
B07D7QVG7N,2023-09-11
B07D7QVG7N,2023-10-09
B07D7QVG7N,2023-11-06
B07D7QVG7N,2023-12-04
B07D7QVG7N,2024-01-01
B07D7QVG7N,2024-01-29
B07DB3839X,2023-02-27
B07DB3839X,2023-03-27
B07DB3839X,2023-04-24
B07DB3839X,2023-05-22
B07DB3839X,2023-06-19
B07DB3839X,2023-07-17
B07DB3839X,2023-08-14
B07DB3839X,2023-09-11
B07DB3839X,2023-10-09
B07DB3839X,2023-11-06
B07DB3839X,2023-12-04
B07DB3839X,2024-01-01
B07DB3839X,2024-01-29
B07DD4KBR4,2023-07-17
B07DD4KBR4,2023-08-14
B07DD4KBR4,2023-09-11
B07DD4KBR4,2023-10-09
B07DD4KBR4,2023-11-06
B07DD4KBR4,2023-12-04
B07DD4KBR4,2024-01-01
B07DD4KBR4,2024-01-29
B07DDWRNMS,2023-02-27
B07DDWRNMS,2023-03-27
B07DDWRNMS,2023-04-24
B07DDWRNMS,2023-05-22
B07DDWRNMS,2023-06-19
B07DDWRNMS,2023-07-17
B07DDWRNMS,2023-08-14
B07DDWRNMS,2023-09-11
B07DDWRNMS,2023-10-09
B07DDWRNMS,2023-11-06
B07DDWRNMS,2023-12-04
B07DDWRNMS,2024-01-01
B07DDWRNMS,2024-01-29
B07DKZQQBD,2023-04-24
B07DKZQQBD,2023-05-22
B07DKZQQBD,2023-06-19
B07DKZQQBD,2023-07-17
B07DKZQQBD,2023-08-14
B07DKZQQBD,2023-09-11
B07DKZQQBD,2023-10-09
B07DKZQQBD,2023-11-06
B07DKZQQBD,2023-12-04
B07DKZQQBD,2024-01-01
B07DKZQQBD,2024-01-29
B07DMHN1ZX,2023-02-27
B07DMHN1ZX,2023-03-27
B07DMHN1ZX,2023-04-24
B07DMHN1ZX,2023-05-22
B07DMHN1ZX,2023-06-19
B07DMHN1ZX,2023-07-17
B07DMHN1ZX,2023-08-14
B07DMHN1ZX,2023-09-11
B07DMHN1ZX,2023-10-09
B07DMHN1ZX,2023-11-06
B07DMHN1ZX,2023-12-04
B07DMHN1ZX,2024-01-01
B07DMHN1ZX,2024-01-29
B07DRBCFD6,2023-02-27
B07DRBCFD6,2023-03-27
B07DRBCFD6,2023-04-24
B07DRBCFD6,2023-05-22
B07DRBCFD6,2023-06-19
B07DRBCFD6,2023-07-17
B07DRBCFD6,2023-08-14
B07DRBCFD6,2023-09-11
B07DRBCFD6,2023-10-09
B07DRBCFD6,2023-11-06
B07DRBCFD6,2023-12-04
B07DRBCFD6,2024-01-01
B07DRBCFD6,2024-01-29
B07DRBY3WH,2023-02-27
B07DRBY3WH,2023-03-27
B07DRBY3WH,2023-04-24
B07DRBY3WH,2023-05-22
B07DRBY3WH,2023-06-19
B07DRBY3WH,2023-07-17
B07DRBY3WH,2023-08-14
B07DRBY3WH,2023-09-11
B07DRBY3WH,2023-10-09
B07DRBY3WH,2023-11-06
B07DRBY3WH,2023-12-04
B07DRBY3WH,2024-01-01
B07DRBY3WH,2024-01-29
B07DRBZ47H,2023-02-27
B07DRBZ47H,2023-03-27
B07DRBZ47H,2023-04-24
B07DRBZ47H,2023-05-22
B07DRBZ47H,2023-06-19
B07DRBZ47H,2023-07-17
B07DRBZ47H,2023-08-14
B07DRBZ47H,2023-09-11
B07DRBZ47H,2023-10-09
B07DRBZ47H,2023-11-06
B07DRBZ47H,2023-12-04
B07DRBZ47H,2024-01-01
B07DRBZ47H,2024-01-29
B07DRCNLLK,2023-02-27
B07DRCNLLK,2023-03-27
B07DRCNLLK,2023-04-24
B07DRCNLLK,2023-05-22
B07DRCNLLK,2023-06-19
B07DRCNLLK,2023-07-17
B07DRCNLLK,2023-08-14
B07DRCNLLK,2023-09-11
B07DRCNLLK,2023-10-09
B07DRCNLLK,2023-11-06
B07DRCNLLK,2023-12-04
B07DRCNLLK,2024-01-01
B07DRCNLLK,2024-01-29
B07DRD9ZZ9,2023-02-27
B07DRD9ZZ9,2023-03-27
B07DRD9ZZ9,2023-04-24
B07DRD9ZZ9,2023-05-22
B07DRD9ZZ9,2023-06-19
B07DRD9ZZ9,2023-07-17
B07DRD9ZZ9,2023-08-14
B07DRD9ZZ9,2023-09-11
B07DRD9ZZ9,2023-10-09
B07DRD9ZZ9,2023-11-06
B07DRD9ZZ9,2023-12-04
B07DRD9ZZ9,2024-01-01
B07DRD9ZZ9,2024-01-29
B07DRD9ZZP,2023-02-27
B07DRD9ZZP,2023-03-27
B07DRD9ZZP,2023-04-24
B07DRD9ZZP,2023-05-22
B07DRD9ZZP,2023-06-19
B07DRD9ZZP,2023-07-17
B07DRD9ZZP,2023-08-14
B07DRD9ZZP,2023-09-11
B07DRD9ZZP,2023-10-09
B07DRD9ZZP,2023-11-06
B07DRD9ZZP,2023-12-04
B07DRD9ZZP,2024-01-01
B07DRD9ZZP,2024-01-29
B07DRFMZX2,2023-02-27
B07DRFMZX2,2023-03-27
B07DRFMZX2,2023-04-24
B07DRFMZX2,2023-05-22
B07DRFMZX2,2023-06-19
B07DRFMZX2,2023-07-17
B07DRFMZX2,2023-08-14
B07DRFMZX2,2023-09-11
B07DRFMZX2,2023-10-09
B07DRFMZX2,2023-11-06
B07DRFMZX2,2023-12-04
B07DRFMZX2,2024-01-01
B07DRFMZX2,2024-01-29
B07DSX892D,2023-02-27
B07DSX892D,2023-03-27
B07DSX892D,2023-04-24
B07DSX892D,2023-05-22
B07DSX892D,2023-06-19
B07DSX892D,2023-07-17
B07DSX892D,2023-08-14
B07DSX892D,2023-09-11
B07DSX892D,2023-10-09
B07DSX892D,2023-11-06
B07DSX892D,2023-12-04
B07DSX892D,2024-01-01
B07DSX892D,2024-01-29
B07DW7HS26,2023-02-27
B07DW7HS26,2023-03-27
B07DW7HS26,2023-04-24
B07DW7HS26,2023-05-22
B07DW7HS26,2023-06-19
B07DW7HS26,2023-07-17
B07DW7HS26,2023-08-14
B07DW7HS26,2023-09-11
B07DW7HS26,2023-10-09
B07DW7HS26,2023-11-06
B07DW7HS26,2023-12-04
B07DW7HS26,2024-01-01
B07DW7HS26,2024-01-29
B07DZKJ5DT,2023-02-27
B07DZKJ5DT,2023-03-27
B07DZKJ5DT,2023-04-24
B07DZKJ5DT,2023-05-22
B07DZKJ5DT,2023-06-19
B07DZKJ5DT,2023-07-17
B07DZKJ5DT,2023-08-14
B07DZKJ5DT,2023-09-11
B07DZKJ5DT,2023-10-09
B07DZKJ5DT,2023-11-06
B07DZKJ5DT,2023-12-04
B07DZKJ5DT,2024-01-01
B07DZKJ5DT,2024-01-29
B07DZKNDLD,2023-02-27
B07DZKNDLD,2023-03-27
B07DZKNDLD,2023-04-24
B07DZKNDLD,2023-05-22
B07DZKNDLD,2023-06-19
B07DZKNDLD,2023-07-17
B07DZKNDLD,2023-08-14
B07DZKNDLD,2023-09-11
B07DZKNDLD,2023-10-09
B07DZKNDLD,2023-11-06
B07DZKNDLD,2023-12-04
B07DZKNDLD,2024-01-01
B07DZKNDLD,2024-01-29
B07DZL7766,2023-04-24
B07DZL7766,2023-05-22
B07DZL7766,2023-06-19
B07DZL7766,2023-07-17
B07DZL7766,2023-08-14
B07DZL7766,2023-09-11
B07DZL7766,2023-10-09
B07DZL7766,2023-11-06
B07DZL7766,2023-12-04
B07DZL7766,2024-01-01
B07DZL7766,2024-01-29
B07F1ZJ1C7,2023-02-27
B07F1ZJ1C7,2023-03-27
B07F1ZJ1C7,2023-04-24
B07F1ZJ1C7,2023-05-22
B07F1ZJ1C7,2023-06-19
B07F1ZJ1C7,2023-07-17
B07F1ZJ1C7,2023-08-14
B07F1ZJ1C7,2023-09-11
B07F1ZJ1C7,2023-10-09
B07F1ZJ1C7,2023-11-06
B07F1ZJ1C7,2023-12-04
B07F1ZJ1C7,2024-01-01
B07F1ZJ1C7,2024-01-29
B07F2DWK5Q,2023-02-27
B07F2DWK5Q,2023-03-27
B07F2DWK5Q,2023-04-24
B07F2DWK5Q,2023-05-22
B07F2DWK5Q,2023-06-19
B07F2DWK5Q,2023-07-17
B07F2DWK5Q,2023-08-14
B07F2DWK5Q,2023-09-11
B07F2DWK5Q,2023-10-09
B07F2DWK5Q,2023-11-06
B07F2DWK5Q,2023-12-04
B07F2DWK5Q,2024-01-01
B07F2DWK5Q,2024-01-29
B07F3YBG5T,2023-02-27
B07F3YBG5T,2023-03-27
B07F3YBG5T,2023-04-24
B07F3YBG5T,2023-05-22
B07F3YBG5T,2023-06-19
B07F3YBG5T,2023-07-17
B07F3YBG5T,2023-08-14
B07F3YBG5T,2023-09-11
B07F3YBG5T,2023-10-09
B07F3YBG5T,2023-11-06
B07F3YBG5T,2023-12-04
B07F3YBG5T,2024-01-01
B07F3YBG5T,2024-01-29
B07F46S49G,2023-02-27
B07F46S49G,2023-03-27
B07F46S49G,2023-04-24
B07F46S49G,2023-05-22
B07F46S49G,2023-06-19
B07F46S49G,2023-07-17
B07F46S49G,2023-08-14
B07F46S49G,2023-09-11
B07F46S49G,2023-10-09
B07F46S49G,2023-11-06
B07F46S49G,2023-12-04
B07F46S49G,2024-01-01
B07F46S49G,2024-01-29
B07F6ZBW52,2023-02-27
B07F6ZBW52,2023-03-27
B07F6ZBW52,2023-04-24
B07F6ZBW52,2023-05-22
B07F6ZBW52,2023-06-19
B07F6ZBW52,2023-07-17
B07F6ZBW52,2023-08-14
B07F6ZBW52,2023-09-11
B07F6ZBW52,2023-10-09
B07F6ZBW52,2023-11-06
B07F6ZBW52,2023-12-04
B07F6ZBW52,2024-01-01
B07F6ZBW52,2024-01-29
B07FMV6444,2023-02-27
B07FMV6444,2023-03-27
B07FMV6444,2023-04-24
B07FMV6444,2023-05-22
B07FMV6444,2023-06-19
B07FMV6444,2023-07-17
B07FMV6444,2023-08-14
B07FMV6444,2023-09-11
B07FMV6444,2023-10-09
B07FMV6444,2023-11-06
B07FMV6444,2023-12-04
B07FMV6444,2024-01-01
B07FMV6444,2024-01-29
B07FMVD483,2023-02-27
B07FMVD483,2023-03-27
B07FMVD483,2023-04-24
B07FMVD483,2023-05-22
B07FMVD483,2023-06-19
B07FMVD483,2023-07-17
B07FMVD483,2023-08-14
B07FMVD483,2023-09-11
B07FMVD483,2023-10-09
B07FMVD483,2023-11-06
B07FMVD483,2023-12-04
B07FMVD483,2024-01-01
B07FMVD483,2024-01-29
B07FMYGL7J,2023-02-27
B07FMYGL7J,2023-03-27
B07FMYGL7J,2023-04-24
B07FMYGL7J,2023-05-22
B07FMYGL7J,2023-06-19
B07FMYGL7J,2023-07-17
B07FMYGL7J,2023-08-14
B07FMYGL7J,2023-09-11
B07FMYGL7J,2023-10-09
B07FMYGL7J,2023-11-06
B07FMYGL7J,2023-12-04
B07FMYGL7J,2024-01-01
B07FMYGL7J,2024-01-29
B07FMYJ1WS,2023-03-27
B07FMYJ1WS,2023-04-24
B07FMYJ1WS,2023-05-22
B07FMYJ1WS,2023-06-19
B07FMYJ1WS,2023-07-17
B07FMYJ1WS,2023-08-14
B07FMYJ1WS,2023-09-11
B07FMYJ1WS,2023-10-09
B07FMYJ1WS,2023-11-06
B07FMYJ1WS,2023-12-04
B07FMYJ1WS,2024-01-01
B07FMYJ1WS,2024-01-29
B07FMYYVQP,2023-02-27
B07FMYYVQP,2023-03-27
B07FMYYVQP,2023-04-24
B07FMYYVQP,2023-05-22
B07FMYYVQP,2023-06-19
B07FMYYVQP,2023-07-17
B07FMYYVQP,2023-08-14
B07FMYYVQP,2023-09-11
B07FMYYVQP,2023-10-09
B07FMYYVQP,2023-11-06
B07FMYYVQP,2023-12-04
B07FMYYVQP,2024-01-01
B07FMYYVQP,2024-01-29
B07FMZBLYQ,2023-03-27
B07FMZBLYQ,2023-04-24
B07FMZBLYQ,2023-05-22
B07FMZBLYQ,2023-06-19
B07FMZBLYQ,2023-07-17
B07FMZBLYQ,2023-08-14
B07FMZBLYQ,2023-09-11
B07FMZBLYQ,2023-10-09
B07FMZBLYQ,2023-11-06
B07FMZBLYQ,2023-12-04
B07FMZBLYQ,2024-01-01
B07FMZBLYQ,2024-01-29
B07FMZWYJ8,2023-02-27
B07FMZWYJ8,2023-03-27
B07FMZWYJ8,2023-04-24
B07FMZWYJ8,2023-05-22
B07FMZWYJ8,2023-06-19
B07FMZWYJ8,2023-07-17
B07FMZWYJ8,2023-08-14
B07FMZWYJ8,2023-09-11
B07FMZWYJ8,2023-10-09
B07FMZWYJ8,2023-11-06
B07FMZWYJ8,2023-12-04
B07FMZWYJ8,2024-01-01
B07FMZWYJ8,2024-01-29
B07FN24PXV,2023-02-27
B07FN24PXV,2023-03-27
B07FN24PXV,2023-04-24
B07FN24PXV,2023-05-22
B07FN24PXV,2023-06-19
B07FN24PXV,2023-07-17
B07FN24PXV,2023-08-14
B07FN24PXV,2023-09-11
B07FN24PXV,2023-10-09
B07FN24PXV,2023-11-06
B07FN24PXV,2023-12-04
B07FN24PXV,2024-01-01
B07FN24PXV,2024-01-29
B07FQTSGH3,2023-02-27
B07FQTSGH3,2023-03-27
B07FQTSGH3,2023-04-24
B07FQTSGH3,2023-05-22
B07FQTSGH3,2023-06-19
B07FQTSGH3,2023-07-17
B07FQTSGH3,2023-08-14
B07FQTSGH3,2023-09-11
B07FQTSGH3,2023-10-09
B07FQTSGH3,2023-11-06
B07FQTSGH3,2023-12-04
B07FQTSGH3,2024-01-01
B07FQTSGH3,2024-01-29
B07FT8B6KM,2023-02-27
B07FT8B6KM,2023-03-27
B07FT8B6KM,2023-04-24
B07FT8B6KM,2023-05-22
B07FT8B6KM,2023-06-19
B07FT8B6KM,2023-07-17
B07FT8B6KM,2023-08-14
B07FT8B6KM,2023-09-11
B07FT8B6KM,2023-10-09
B07FT8B6KM,2023-11-06
B07FT8B6KM,2023-12-04
B07FT8B6KM,2024-01-01
B07FT8B6KM,2024-01-29
B07FW678WY,2023-02-27
B07FW678WY,2023-03-27
B07FW678WY,2023-04-24
B07FW678WY,2023-05-22
B07FW678WY,2023-06-19
B07FW678WY,2023-07-17
B07FW678WY,2023-08-14
B07FW678WY,2023-09-11
B07FW678WY,2023-10-09
B07FW678WY,2023-11-06
B07FW678WY,2023-12-04
B07FW678WY,2024-01-01
B07FW678WY,2024-01-29
B07FYP934L,2023-02-27
B07FYP934L,2023-03-27
B07FYP934L,2023-04-24
B07FYP934L,2023-05-22
B07FYP934L,2023-06-19
B07FYP934L,2023-07-17
B07FYP934L,2023-08-14
B07FYP934L,2023-09-11
B07FYP934L,2023-10-09
B07FYP934L,2023-11-06
B07FYP934L,2023-12-04
B07FYP934L,2024-01-01
B07FYP934L,2024-01-29
B07G11CT7V,2023-09-11
B07G11CT7V,2023-10-09
B07G11CT7V,2023-11-06
B07G11CT7V,2023-12-04
B07G11CT7V,2024-01-01
B07G11CT7V,2024-01-29
B07G24NYHW,2023-02-27
B07G24NYHW,2023-03-27
B07G24NYHW,2023-04-24
B07G24NYHW,2023-05-22
B07G24NYHW,2023-06-19
B07G24NYHW,2023-07-17
B07G24NYHW,2023-08-14
B07G24NYHW,2023-09-11
B07G24NYHW,2023-10-09
B07G24NYHW,2023-11-06
B07G24NYHW,2023-12-04
B07G24NYHW,2024-01-01
B07G24NYHW,2024-01-29
B07G35L6Q6,2023-02-27
B07G35L6Q6,2023-03-27
B07G35L6Q6,2023-04-24
B07G35L6Q6,2023-05-22
B07G35L6Q6,2023-06-19
B07G35L6Q6,2023-07-17
B07G35L6Q6,2023-08-14
B07G35L6Q6,2023-09-11
B07G35L6Q6,2023-10-09
B07G35L6Q6,2023-11-06
B07G35L6Q6,2023-12-04
B07G35L6Q6,2024-01-01
B07G35L6Q6,2024-01-29
B07G5KX7QM,2023-02-27
B07G5KX7QM,2023-03-27
B07G5KX7QM,2023-04-24
B07G5KX7QM,2023-05-22
B07G5KX7QM,2023-06-19
B07G5KX7QM,2023-07-17
B07G5KX7QM,2023-08-14
B07G5KX7QM,2023-09-11
B07G5KX7QM,2023-10-09
B07G5KX7QM,2023-11-06
B07G5KX7QM,2023-12-04
B07G5KX7QM,2024-01-01
B07G5KX7QM,2024-01-29
B07G5LY483,2023-02-27
B07G5LY483,2023-03-27
B07G5LY483,2023-04-24
B07G5LY483,2023-05-22
B07G5LY483,2023-06-19
B07G5LY483,2023-07-17
B07G5LY483,2023-08-14
B07G5LY483,2023-09-11
B07G5LY483,2023-10-09
B07G5LY483,2023-11-06
B07G5LY483,2023-12-04
B07G5LY483,2024-01-01
B07G5LY483,2024-01-29
B07GB5JYLW,2023-02-27
B07GB5JYLW,2023-03-27
B07GB5JYLW,2023-04-24
B07GB5JYLW,2023-05-22
B07GB5JYLW,2023-06-19
B07GB5JYLW,2023-07-17
B07GB5JYLW,2023-08-14
B07GB5JYLW,2023-09-11
B07GB5JYLW,2023-10-09
B07GB5JYLW,2023-11-06
B07GB5JYLW,2023-12-04
B07GB5JYLW,2024-01-01
B07GB5JYLW,2024-01-29
B07GBBZGNR,2023-02-27
B07GBBZGNR,2023-03-27
B07GBBZGNR,2023-04-24
B07GBBZGNR,2023-05-22
B07GBBZGNR,2023-06-19
B07GBBZGNR,2023-07-17
B07GBBZGNR,2023-08-14
B07GBBZGNR,2023-09-11
B07GBBZGNR,2023-10-09
B07GBBZGNR,2023-11-06
B07GBBZGNR,2023-12-04
B07GBBZGNR,2024-01-01
B07GBBZGNR,2024-01-29
B07GBKC7LH,2023-02-27
B07GBKC7LH,2023-03-27
B07GBKC7LH,2023-04-24
B07GBKC7LH,2023-05-22
B07GBKC7LH,2023-06-19
B07GBKC7LH,2023-07-17
B07GBKC7LH,2023-08-14
B07GBKC7LH,2023-09-11
B07GBKC7LH,2023-10-09
B07GBKC7LH,2023-11-06
B07GBKC7LH,2023-12-04
B07GBKC7LH,2024-01-01
B07GBKC7LH,2024-01-29
B07GBKC97X,2023-02-27
B07GBKC97X,2023-03-27
B07GBKC97X,2023-04-24
B07GBKC97X,2023-05-22
B07GBKC97X,2023-06-19
B07GBKC97X,2023-07-17
B07GBKC97X,2023-08-14
B07GBKC97X,2023-09-11
B07GBKC97X,2023-10-09
B07GBKC97X,2023-11-06
B07GBKC97X,2023-12-04
B07GBKC97X,2024-01-01
B07GBKC97X,2024-01-29
B07GC4XJL5,2023-02-27
B07GC4XJL5,2023-03-27
B07GC4XJL5,2023-04-24
B07GC4XJL5,2023-05-22
B07GC4XJL5,2023-06-19
B07GC4XJL5,2023-07-17
B07GC4XJL5,2023-08-14
B07GC4XJL5,2023-09-11
B07GC4XJL5,2023-10-09
B07GC4XJL5,2023-11-06
B07GC4XJL5,2023-12-04
B07GC4XJL5,2024-01-01
B07GC4XJL5,2024-01-29
B07GC78JLV,2023-02-27
B07GC78JLV,2023-03-27
B07GC78JLV,2023-04-24
B07GC78JLV,2023-05-22
B07GC78JLV,2023-06-19
B07GC78JLV,2023-07-17
B07GC78JLV,2023-08-14
B07GC78JLV,2023-09-11
B07GC78JLV,2023-10-09
B07GC78JLV,2023-11-06
B07GC78JLV,2023-12-04
B07GC78JLV,2024-01-01
B07GC78JLV,2024-01-29
B07GC7XWQX,2023-02-27
B07GC7XWQX,2023-03-27
B07GC7XWQX,2023-04-24
B07GC7XWQX,2023-05-22
B07GC7XWQX,2023-06-19
B07GC7XWQX,2023-07-17
B07GC7XWQX,2023-08-14
B07GC7XWQX,2023-09-11
B07GC7XWQX,2023-10-09
B07GC7XWQX,2023-11-06
B07GC7XWQX,2023-12-04
B07GC7XWQX,2024-01-01
B07GC7XWQX,2024-01-29
B07GDVQ4BB,2023-03-27
B07GDVQ4BB,2023-04-24
B07GDVQ4BB,2023-05-22
B07GDVQ4BB,2023-06-19
B07GDVQ4BB,2023-07-17
B07GDVQ4BB,2023-08-14
B07GDVQ4BB,2023-09-11
B07GDVQ4BB,2023-10-09
B07GDVQ4BB,2023-11-06
B07GDVQ4BB,2023-12-04
B07GDVQ4BB,2024-01-01
B07GDVQ4BB,2024-01-29
B07GL9RCKR,2023-02-27
B07GL9RCKR,2023-03-27
B07GL9RCKR,2023-04-24
B07GL9RCKR,2023-05-22
B07GL9RCKR,2023-06-19
B07GL9RCKR,2023-07-17
B07GL9RCKR,2023-08-14
B07GL9RCKR,2023-09-11
B07GL9RCKR,2023-10-09
B07GL9RCKR,2023-11-06
B07GL9RCKR,2023-12-04
B07GL9RCKR,2024-01-01
B07GL9RCKR,2024-01-29
B07GL9RCL8,2023-02-27
B07GL9RCL8,2023-03-27
B07GL9RCL8,2023-04-24
B07GL9RCL8,2023-05-22
B07GL9RCL8,2023-06-19
B07GL9RCL8,2023-07-17
B07GL9RCL8,2023-08-14
B07GL9RCL8,2023-09-11
B07GL9RCL8,2023-10-09
B07GL9RCL8,2023-11-06
B07GL9RCL8,2023-12-04
B07GL9RCL8,2024-01-01
B07GL9RCL8,2024-01-29
B07GLH95BW,2023-02-27
B07GLH95BW,2023-03-27
B07GLH95BW,2023-04-24
B07GLH95BW,2023-05-22
B07GLH95BW,2023-06-19
B07GLH95BW,2023-07-17
B07GLH95BW,2023-08-14
B07GLH95BW,2023-09-11
B07GLH95BW,2023-10-09
B07GLH95BW,2023-11-06
B07GLH95BW,2023-12-04
B07GLH95BW,2024-01-01
B07GLH95BW,2024-01-29
B07GLMJ18Z,2023-02-27
B07GLMJ18Z,2023-03-27
B07GLMJ18Z,2023-04-24
B07GLMJ18Z,2023-05-22
B07GLMJ18Z,2023-06-19
B07GLMJ18Z,2023-07-17
B07GLMJ18Z,2023-08-14
B07GLMJ18Z,2023-09-11
B07GLMJ18Z,2023-10-09
B07GLMJ18Z,2023-11-06
B07GLMJ18Z,2023-12-04
B07GLMJ18Z,2024-01-01
B07GLMJ18Z,2024-01-29
B07GNR98J9,2023-02-27
B07GNR98J9,2023-03-27
B07GNR98J9,2023-04-24
B07GNR98J9,2023-05-22
B07GNR98J9,2023-06-19
B07GNR98J9,2023-07-17
B07GNR98J9,2023-08-14
B07GNR98J9,2023-09-11
B07GNR98J9,2023-10-09
B07GNR98J9,2023-11-06
B07GNR98J9,2023-12-04
B07GNR98J9,2024-01-01
B07GNR98J9,2024-01-29
B07GSNDCN2,2023-02-27
B07GSNDCN2,2023-03-27
B07GSNDCN2,2023-04-24
B07GSNDCN2,2023-05-22
B07GSNDCN2,2023-06-19
B07GSNDCN2,2023-07-17
B07GSNDCN2,2023-08-14
B07GSNDCN2,2023-09-11
B07GSNDCN2,2023-10-09
B07GSNDCN2,2023-11-06
B07GSNDCN2,2023-12-04
B07GSNDCN2,2024-01-01
B07GSNDCN2,2024-01-29
B07GT8QMVV,2023-02-27
B07GT8QMVV,2023-03-27
B07GT8QMVV,2023-04-24
B07GT8QMVV,2023-05-22
B07GT8QMVV,2023-06-19
B07GT8QMVV,2023-07-17
B07GT8QMVV,2023-08-14
B07GT8QMVV,2023-09-11
B07GT8QMVV,2023-10-09
B07GT8QMVV,2023-11-06
B07GT8QMVV,2023-12-04
B07GT8QMVV,2024-01-01
B07GT8QMVV,2024-01-29
B07GTFV3RJ,2023-02-27
B07GTFV3RJ,2023-03-27
B07GTFV3RJ,2023-04-24
B07GTFV3RJ,2023-05-22
B07GTFV3RJ,2023-06-19
B07GTFV3RJ,2023-07-17
B07GTFV3RJ,2023-08-14
B07GTFV3RJ,2023-09-11
B07GTFV3RJ,2023-10-09
B07GTFV3RJ,2023-11-06
B07GTFV3RJ,2023-12-04
B07GTFV3RJ,2024-01-01
B07GTFV3RJ,2024-01-29
B07GTHPH47,2023-02-27
B07GTHPH47,2023-03-27
B07GTHPH47,2023-04-24
B07GTHPH47,2023-05-22
B07GTHPH47,2023-06-19
B07GTHPH47,2023-07-17
B07GTHPH47,2023-08-14
B07GTHPH47,2023-09-11
B07GTHPH47,2023-10-09
B07GTHPH47,2023-11-06
B07GTHPH47,2023-12-04
B07GTHPH47,2024-01-01
B07GTHPH47,2024-01-29
B07GTJMWSV,2023-02-27
B07GTJMWSV,2023-03-27
B07GTJMWSV,2023-04-24
B07GTJMWSV,2023-05-22
B07GTJMWSV,2023-06-19
B07GTJMWSV,2023-07-17
B07GTJMWSV,2023-08-14
B07GTJMWSV,2023-09-11
B07GTJMWSV,2023-10-09
B07GTJMWSV,2023-11-06
B07GTJMWSV,2023-12-04
B07GTJMWSV,2024-01-01
B07GTJMWSV,2024-01-29
B07GTMZPCB,2023-02-27
B07GTMZPCB,2023-03-27
B07GTMZPCB,2023-04-24
B07GTMZPCB,2023-05-22
B07GTMZPCB,2023-06-19
B07GTMZPCB,2023-07-17
B07GTMZPCB,2023-08-14
B07GTMZPCB,2023-09-11
B07GTMZPCB,2023-10-09
B07GTMZPCB,2023-11-06
B07GTMZPCB,2023-12-04
B07GTMZPCB,2024-01-01
B07GTMZPCB,2024-01-29
B07GXMJFW9,2023-02-27
B07GXMJFW9,2023-03-27
B07GXMJFW9,2023-04-24
B07GXMJFW9,2023-05-22
B07GXMJFW9,2023-06-19
B07GXMJFW9,2023-07-17
B07GXMJFW9,2023-08-14
B07GXMJFW9,2023-09-11
B07GXMJFW9,2023-10-09
B07GXMJFW9,2023-11-06
B07GXMJFW9,2023-12-04
B07GXMJFW9,2024-01-01
B07GXMJFW9,2024-01-29
B07GXTZWVV,2023-02-27
B07GXTZWVV,2023-03-27
B07GXTZWVV,2023-04-24
B07GXTZWVV,2023-05-22
B07GXTZWVV,2023-06-19
B07GXTZWVV,2023-07-17
B07GXTZWVV,2023-08-14
B07GXTZWVV,2023-09-11
B07GXTZWVV,2023-10-09
B07GXTZWVV,2023-11-06
B07GXTZWVV,2023-12-04
B07GXTZWVV,2024-01-01
B07GXTZWVV,2024-01-29
B07GY22TZD,2023-02-27
B07GY22TZD,2023-03-27
B07GY22TZD,2023-04-24
B07GY22TZD,2023-05-22
B07GY22TZD,2023-06-19
B07GY22TZD,2023-07-17
B07GY22TZD,2023-08-14
B07GY22TZD,2023-09-11
B07GY22TZD,2023-10-09
B07GY22TZD,2023-11-06
B07GY22TZD,2023-12-04
B07GY22TZD,2024-01-01
B07GY22TZD,2024-01-29
B07GY3NHP3,2023-02-27
B07GY3NHP3,2023-03-27
B07GY3NHP3,2023-04-24
B07GY3NHP3,2023-05-22
B07GY3NHP3,2023-06-19
B07GY3NHP3,2023-07-17
B07GY3NHP3,2023-08-14
B07GY3NHP3,2023-09-11
B07GY3NHP3,2023-10-09
B07GY3NHP3,2023-11-06
B07GY3NHP3,2023-12-04
B07GY3NHP3,2024-01-01
B07GY3NHP3,2024-01-29
B07H1NXYNQ,2023-02-27
B07H1NXYNQ,2023-03-27
B07H1NXYNQ,2023-04-24
B07H1NXYNQ,2023-05-22
B07H1NXYNQ,2023-06-19
B07H1NXYNQ,2023-07-17
B07H1NXYNQ,2023-08-14
B07H1NXYNQ,2023-09-11
B07H1NXYNQ,2023-10-09
B07H1NXYNQ,2023-11-06
B07H1NXYNQ,2023-12-04
B07H1NXYNQ,2024-01-01
B07H1NXYNQ,2024-01-29
B07H5GWBQ6,2023-02-27
B07H5GWBQ6,2023-03-27
B07H5GWBQ6,2023-04-24
B07H5GWBQ6,2023-05-22
B07H5GWBQ6,2023-06-19
B07H5GWBQ6,2023-07-17
B07H5GWBQ6,2023-08-14
B07H5GWBQ6,2023-09-11
B07H5GWBQ6,2023-10-09
B07H5GWBQ6,2023-11-06
B07H5GWBQ6,2023-12-04
B07H5GWBQ6,2024-01-01
B07H5GWBQ6,2024-01-29
B07H612HXG,2023-02-27
B07H612HXG,2023-03-27
B07H612HXG,2023-04-24
B07H612HXG,2023-05-22
B07H612HXG,2023-06-19
B07H612HXG,2023-07-17
B07H612HXG,2023-08-14
B07H612HXG,2023-09-11
B07H612HXG,2023-10-09
B07H612HXG,2023-11-06
B07H612HXG,2023-12-04
B07H612HXG,2024-01-01
B07H612HXG,2024-01-29
B07H95DX8B,2023-02-27
B07H95DX8B,2023-03-27
B07H95DX8B,2023-04-24
B07H95DX8B,2023-05-22
B07H95DX8B,2023-06-19
B07H95DX8B,2023-07-17
B07H95DX8B,2023-08-14
B07H95DX8B,2023-09-11
B07H95DX8B,2023-10-09
B07H95DX8B,2023-11-06
B07H95DX8B,2023-12-04
B07H95DX8B,2024-01-01
B07H95DX8B,2024-01-29
B07HGR2PGM,2023-02-27
B07HGR2PGM,2023-03-27
B07HGR2PGM,2023-04-24
B07HGR2PGM,2023-05-22
B07HGR2PGM,2023-06-19
B07HGR2PGM,2023-07-17
B07HGR2PGM,2023-08-14
B07HGR2PGM,2023-09-11
B07HGR2PGM,2023-10-09
B07HGR2PGM,2023-11-06
B07HGR2PGM,2023-12-04
B07HGR2PGM,2024-01-01
B07HGR2PGM,2024-01-29
B07HJ3LH4Y,2023-02-27
B07HJ3LH4Y,2023-03-27
B07HJ3LH4Y,2023-04-24
B07HJ3LH4Y,2023-05-22
B07HJ3LH4Y,2023-06-19
B07HJ3LH4Y,2023-07-17
B07HJ3LH4Y,2023-08-14
B07HJ3LH4Y,2023-09-11
B07HJ3LH4Y,2023-10-09
B07HJ3LH4Y,2023-11-06
B07HJ3LH4Y,2023-12-04
B07HJ3LH4Y,2024-01-01
B07HJ3LH4Y,2024-01-29
B07HJ3N94C,2023-02-27
B07HJ3N94C,2023-03-27
B07HJ3N94C,2023-04-24
B07HJ3N94C,2023-05-22
B07HJ3N94C,2023-06-19
B07HJ3N94C,2023-07-17
B07HJ3N94C,2023-08-14
B07HJ3N94C,2023-09-11
B07HJ3N94C,2023-10-09
B07HJ3N94C,2023-11-06
B07HJ3N94C,2023-12-04
B07HJ3N94C,2024-01-01
B07HJ3N94C,2024-01-29
B07HJ44SQG,2023-02-27
B07HJ44SQG,2023-03-27
B07HJ44SQG,2023-04-24
B07HJ44SQG,2023-05-22
B07HJ44SQG,2023-06-19
B07HJ44SQG,2023-07-17
B07HJ44SQG,2023-08-14
B07HJ44SQG,2023-09-11
B07HJ44SQG,2023-10-09
B07HJ44SQG,2023-11-06
B07HJ44SQG,2023-12-04
B07HJ44SQG,2024-01-01
B07HJ44SQG,2024-01-29
B07HJ4BYC8,2023-02-27
B07HJ4BYC8,2023-03-27
B07HJ4BYC8,2023-04-24
B07HJ4BYC8,2023-05-22
B07HJ4BYC8,2023-06-19
B07HJ4BYC8,2023-07-17
B07HJ4BYC8,2023-08-14
B07HJ4BYC8,2023-09-11
B07HJ4BYC8,2023-10-09
B07HJ4BYC8,2023-11-06
B07HJ4BYC8,2023-12-04
B07HJ4BYC8,2024-01-01
B07HJ4BYC8,2024-01-29
B07HMF1KCL,2023-02-27
B07HMF1KCL,2023-03-27
B07HMF1KCL,2023-04-24
B07HMF1KCL,2023-05-22
B07HMF1KCL,2023-06-19
B07HMF1KCL,2023-07-17
B07HMF1KCL,2023-08-14
B07HMF1KCL,2023-09-11
B07HMF1KCL,2023-10-09
B07HMF1KCL,2023-11-06
B07HMF1KCL,2023-12-04
B07HMF1KCL,2024-01-01
B07HMF1KCL,2024-01-29
B07J5LQ1BB,2023-02-27
B07J5LQ1BB,2023-03-27
B07J5LQ1BB,2023-04-24
B07J5LQ1BB,2023-05-22
B07J5LQ1BB,2023-06-19
B07J5LQ1BB,2023-07-17
B07J5LQ1BB,2023-08-14
B07J5LQ1BB,2023-09-11
B07J5LQ1BB,2023-10-09
B07J5LQ1BB,2023-11-06
B07J5LQ1BB,2023-12-04
B07J5LQ1BB,2024-01-01
B07J5LQ1BB,2024-01-29
B07J63N69F,2023-02-27
B07J63N69F,2023-03-27
B07J63N69F,2023-04-24
B07J63N69F,2023-05-22
B07J63N69F,2023-06-19
B07J63N69F,2023-07-17
B07J63N69F,2023-08-14
B07J63N69F,2023-09-11
B07J63N69F,2023-10-09
B07J63N69F,2023-11-06
B07J63N69F,2023-12-04
B07J63N69F,2024-01-01
B07J63N69F,2024-01-29
B07JCPGX9F,2023-02-27
B07JCPGX9F,2023-03-27
B07JCPGX9F,2023-04-24
B07JCPGX9F,2023-05-22
B07JCPGX9F,2023-06-19
B07JCPGX9F,2023-07-17
B07JCPGX9F,2023-08-14
B07JCPGX9F,2023-09-11
B07JCPGX9F,2023-10-09
B07JCPGX9F,2023-11-06
B07JCPGX9F,2023-12-04
B07JCPGX9F,2024-01-01
B07JCPGX9F,2024-01-29
B07JFJN4H2,2023-02-27
B07JFJN4H2,2023-03-27
B07JFJN4H2,2023-04-24
B07JFJN4H2,2023-05-22
B07JFJN4H2,2023-06-19
B07JFJN4H2,2023-07-17
B07JFJN4H2,2023-08-14
B07JFJN4H2,2023-09-11
B07JFJN4H2,2023-10-09
B07JFJN4H2,2023-11-06
B07JFJN4H2,2023-12-04
B07JFJN4H2,2024-01-01
B07JFJN4H2,2024-01-29
B07JFR5HJN,2023-02-27
B07JFR5HJN,2023-03-27
B07JFR5HJN,2023-04-24
B07JFR5HJN,2023-05-22
B07JFR5HJN,2023-06-19
B07JFR5HJN,2023-07-17
B07JFR5HJN,2023-08-14
B07JFR5HJN,2023-09-11
B07JFR5HJN,2023-10-09
B07JFR5HJN,2023-11-06
B07JFR5HJN,2023-12-04
B07JFR5HJN,2024-01-01
B07JFR5HJN,2024-01-29
B07JG24ZTM,2023-02-27
B07JG24ZTM,2023-03-27
B07JG24ZTM,2023-04-24
B07JG24ZTM,2023-05-22
B07JG24ZTM,2023-06-19
B07JG24ZTM,2023-07-17
B07JG24ZTM,2023-08-14
B07JG24ZTM,2023-09-11
B07JG24ZTM,2023-10-09
B07JG24ZTM,2023-11-06
B07JG24ZTM,2023-12-04
B07JG24ZTM,2024-01-01
B07JG24ZTM,2024-01-29
B07JL6J38M,2023-02-27
B07JL6J38M,2023-03-27
B07JL6J38M,2023-04-24
B07JL6J38M,2023-05-22
B07JL6J38M,2023-06-19
B07JL6J38M,2023-07-17
B07JL6J38M,2023-08-14
B07JL6J38M,2023-09-11
B07JL6J38M,2023-10-09
B07JL6J38M,2023-11-06
B07JL6J38M,2023-12-04
B07JL6J38M,2024-01-01
B07JL6J38M,2024-01-29
B07JPFQBJT,2023-02-27
B07JPFQBJT,2023-03-27
B07JPFQBJT,2023-04-24
B07JPFQBJT,2023-05-22
B07JPFQBJT,2023-06-19
B07JPFQBJT,2023-07-17
B07JPFQBJT,2023-08-14
B07JPFQBJT,2023-09-11
B07JPFQBJT,2023-10-09
B07JPFQBJT,2023-11-06
B07JPFQBJT,2023-12-04
B07JPFQBJT,2024-01-01
B07JPFQBJT,2024-01-29
B07JQZZJTK,2023-02-27
B07JQZZJTK,2023-03-27
B07JQZZJTK,2023-04-24
B07JQZZJTK,2023-05-22
B07JQZZJTK,2023-06-19
B07JQZZJTK,2023-07-17
B07JQZZJTK,2023-08-14
B07JQZZJTK,2023-09-11
B07JQZZJTK,2023-10-09
B07JQZZJTK,2023-11-06
B07JQZZJTK,2023-12-04
B07JQZZJTK,2024-01-01
B07JQZZJTK,2024-01-29
B07K2KHGD9,2023-02-27
B07K2KHGD9,2023-03-27
B07K2KHGD9,2023-04-24
B07K2KHGD9,2023-05-22
B07K2KHGD9,2023-06-19
B07K2KHGD9,2023-07-17
B07K2KHGD9,2023-08-14
B07K2KHGD9,2023-09-11
B07K2KHGD9,2023-10-09
B07K2KHGD9,2023-11-06
B07K2KHGD9,2023-12-04
B07K2KHGD9,2024-01-01
B07K2KHGD9,2024-01-29
B07K4Q6NTG,2023-02-27
B07K4Q6NTG,2023-03-27
B07K4Q6NTG,2023-04-24
B07K4Q6NTG,2023-05-22
B07K4Q6NTG,2023-06-19
B07K4Q6NTG,2023-07-17
B07K4Q6NTG,2023-08-14
B07K4Q6NTG,2023-09-11
B07K4Q6NTG,2023-10-09
B07K4Q6NTG,2023-11-06
B07K4Q6NTG,2023-12-04
B07K4Q6NTG,2024-01-01
B07K4Q6NTG,2024-01-29
B07K621W4T,2023-02-27
B07K621W4T,2023-03-27
B07K621W4T,2023-04-24
B07K621W4T,2023-05-22
B07K621W4T,2023-06-19
B07K621W4T,2023-07-17
B07K621W4T,2023-08-14
B07K621W4T,2023-09-11
B07K621W4T,2023-10-09
B07K621W4T,2023-11-06
B07K621W4T,2023-12-04
B07K621W4T,2024-01-01
B07K621W4T,2024-01-29
B07K7NR2RX,2023-02-27
B07K7NR2RX,2023-03-27
B07K7NR2RX,2023-04-24
B07K7NR2RX,2023-05-22
B07K7NR2RX,2023-06-19
B07K7NR2RX,2023-07-17
B07K7NR2RX,2023-08-14
B07K7NR2RX,2023-09-11
B07K7NR2RX,2023-10-09
B07K7NR2RX,2023-11-06
B07K7NR2RX,2023-12-04
B07K7NR2RX,2024-01-01
B07K7NR2RX,2024-01-29
B07KBF7DY9,2023-02-27
B07KBF7DY9,2023-03-27
B07KBF7DY9,2023-04-24
B07KBF7DY9,2023-05-22
B07KBF7DY9,2023-06-19
B07KBF7DY9,2023-07-17
B07KBF7DY9,2023-08-14
B07KBF7DY9,2023-09-11
B07KBF7DY9,2023-10-09
B07KBF7DY9,2023-11-06
B07KBF7DY9,2023-12-04
B07KBF7DY9,2024-01-01
B07KBF7DY9,2024-01-29
B07KBQJV2G,2023-02-27
B07KBQJV2G,2023-03-27
B07KBQJV2G,2023-04-24
B07KBQJV2G,2023-05-22
B07KBQJV2G,2023-06-19
B07KBQJV2G,2023-07-17
B07KBQJV2G,2023-08-14
B07KBQJV2G,2023-09-11
B07KBQJV2G,2023-10-09
B07KBQJV2G,2023-11-06
B07KBQJV2G,2023-12-04
B07KBQJV2G,2024-01-01
B07KBQJV2G,2024-01-29
B07KDQB1VR,2023-02-27
B07KDQB1VR,2023-03-27
B07KDQB1VR,2023-04-24
B07KDQB1VR,2023-05-22
B07KDQB1VR,2023-06-19
B07KDQB1VR,2023-07-17
B07KDQB1VR,2023-08-14
B07KDQB1VR,2023-09-11
B07KDQB1VR,2023-10-09
B07KDQB1VR,2023-11-06
B07KDQB1VR,2023-12-04
B07KDQB1VR,2024-01-01
B07KDQB1VR,2024-01-29
B07KJYWTTK,2023-02-27
B07KJYWTTK,2023-03-27
B07KJYWTTK,2023-04-24
B07KJYWTTK,2023-05-22
B07KJYWTTK,2023-06-19
B07KJYWTTK,2023-07-17
B07KJYWTTK,2023-08-14
B07KJYWTTK,2023-09-11
B07KJYWTTK,2023-10-09
B07KJYWTTK,2023-11-06
B07KJYWTTK,2023-12-04
B07KJYWTTK,2024-01-01
B07KJYWTTK,2024-01-29
B07KLVNGRM,2023-02-27
B07KLVNGRM,2023-03-27
B07KLVNGRM,2023-04-24
B07KLVNGRM,2023-05-22
B07KLVNGRM,2023-06-19
B07KLVNGRM,2023-07-17
B07KLVNGRM,2023-08-14
B07KLVNGRM,2023-09-11
B07KLVNGRM,2023-10-09
B07KLVNGRM,2023-11-06
B07KLVNGRM,2023-12-04
B07KLVNGRM,2024-01-01
B07KLVNGRM,2024-01-29
B07KMMJ5QX,2023-02-27
B07KMMJ5QX,2023-03-27
B07KMMJ5QX,2023-04-24
B07KMMJ5QX,2023-05-22
B07KMMJ5QX,2023-06-19
B07KMMJ5QX,2023-07-17
B07KMMJ5QX,2023-08-14
B07KMMJ5QX,2023-09-11
B07KMMJ5QX,2023-10-09
B07KMMJ5QX,2023-11-06
B07KMMJ5QX,2023-12-04
B07KMMJ5QX,2024-01-01
B07KMMJ5QX,2024-01-29
B07KP1K722,2023-02-27
B07KP1K722,2023-03-27
B07KP1K722,2023-04-24
B07KP1K722,2023-05-22
B07KP1K722,2023-06-19
B07KP1K722,2023-07-17
B07KP1K722,2023-08-14
B07KP1K722,2023-09-11
B07KP1K722,2023-10-09
B07KP1K722,2023-11-06
B07KP1K722,2023-12-04
B07KP1K722,2024-01-01
B07KP1K722,2024-01-29
B07KRGRCQ8,2023-02-27
B07KRGRCQ8,2023-03-27
B07KRGRCQ8,2023-04-24
B07KRGRCQ8,2023-05-22
B07KRGRCQ8,2023-06-19
B07KRGRCQ8,2023-07-17
B07KRGRCQ8,2023-08-14
B07KRGRCQ8,2023-09-11
B07KRGRCQ8,2023-10-09
B07KRGRCQ8,2023-11-06
B07KRGRCQ8,2023-12-04
B07KRGRCQ8,2024-01-01
B07KRGRCQ8,2024-01-29
B07KVMCHVK,2023-02-27
B07KVMCHVK,2023-03-27
B07KVMCHVK,2023-04-24
B07KVMCHVK,2023-05-22
B07KVMCHVK,2023-06-19
B07KVMCHVK,2023-07-17
B07KVMCHVK,2023-08-14
B07KVMCHVK,2023-09-11
B07KVMCHVK,2023-10-09
B07KVMCHVK,2023-11-06
B07KVMCHVK,2023-12-04
B07KVMCHVK,2024-01-01
B07KVMCHVK,2024-01-29
B07KVMTTDR,2023-02-27
B07KVMTTDR,2023-03-27
B07KVMTTDR,2023-04-24
B07KVMTTDR,2023-05-22
B07KVMTTDR,2023-06-19
B07KVMTTDR,2023-07-17
B07KVMTTDR,2023-08-14
B07KVMTTDR,2023-09-11
B07KVMTTDR,2023-10-09
B07KVMTTDR,2023-11-06
B07KVMTTDR,2023-12-04
B07KVMTTDR,2024-01-01
B07KVMTTDR,2024-01-29
B07KWCJTDS,2023-02-27
B07KWCJTDS,2023-03-27
B07KWCJTDS,2023-04-24
B07KWCJTDS,2023-05-22
B07KWCJTDS,2023-06-19
B07KWCJTDS,2023-07-17
B07KWCJTDS,2023-08-14
B07KWCJTDS,2023-09-11
B07KWCJTDS,2023-10-09
B07KWCJTDS,2023-11-06
B07KWCJTDS,2023-12-04
B07KWCJTDS,2024-01-01
B07KWCJTDS,2024-01-29
B07KXRX53J,2023-02-27
B07KXRX53J,2023-03-27
B07KXRX53J,2023-04-24
B07KXRX53J,2023-05-22
B07KXRX53J,2023-06-19
B07KXRX53J,2023-07-17
B07KXRX53J,2023-08-14
B07KXRX53J,2023-09-11
B07KXRX53J,2023-10-09
B07KXRX53J,2023-11-06
B07KXRX53J,2023-12-04
B07KXRX53J,2024-01-01
B07KXRX53J,2024-01-29
B07L395D36,2023-02-27
B07L395D36,2023-03-27
B07L395D36,2023-04-24
B07L395D36,2023-05-22
B07L395D36,2023-06-19
B07L395D36,2023-07-17
B07L395D36,2023-08-14
B07L395D36,2023-09-11
B07L395D36,2023-10-09
B07L395D36,2023-11-06
B07L395D36,2023-12-04
B07L395D36,2024-01-01
B07L395D36,2024-01-29
B07L6B6R97,2023-02-27
B07L6B6R97,2023-03-27
B07L6B6R97,2023-04-24
B07L6B6R97,2023-05-22
B07L6B6R97,2023-06-19
B07L6B6R97,2023-07-17
B07L6B6R97,2023-08-14
B07L6B6R97,2023-09-11
B07L6B6R97,2023-10-09
B07L6B6R97,2023-11-06
B07L6B6R97,2023-12-04
B07L6B6R97,2024-01-01
B07L6B6R97,2024-01-29
B07LBK56HD,2023-02-27
B07LBK56HD,2023-03-27
B07LBK56HD,2023-04-24
B07LBK56HD,2023-05-22
B07LBK56HD,2023-06-19
B07LBK56HD,2023-07-17
B07LBK56HD,2023-08-14
B07LBK56HD,2023-09-11
B07LBK56HD,2023-10-09
B07LBK56HD,2023-11-06
B07LBK56HD,2023-12-04
B07LBK56HD,2024-01-01
B07LBK56HD,2024-01-29
B07LCRGVWX,2023-02-27
B07LCRGVWX,2023-03-27
B07LCRGVWX,2023-04-24
B07LCRGVWX,2023-05-22
B07LCRGVWX,2023-06-19
B07LCRGVWX,2023-07-17
B07LCRGVWX,2023-08-14
B07LCRGVWX,2023-09-11
B07LCRGVWX,2023-10-09
B07LCRGVWX,2023-11-06
B07LCRGVWX,2023-12-04
B07LCRGVWX,2024-01-01
B07LCRGVWX,2024-01-29
B07LCTWMPX,2023-02-27
B07LCTWMPX,2023-03-27
B07LCTWMPX,2023-04-24
B07LCTWMPX,2023-05-22
B07LCTWMPX,2023-06-19
B07LCTWMPX,2023-07-17
B07LCTWMPX,2023-08-14
B07LCTWMPX,2023-09-11
B07LCTWMPX,2023-10-09
B07LCTWMPX,2023-11-06
B07LCTWMPX,2023-12-04
B07LCTWMPX,2024-01-01
B07LCTWMPX,2024-01-29
B07M6RJ836,2023-02-27
B07M6RJ836,2023-03-27
B07M6RJ836,2023-04-24
B07M6RJ836,2023-05-22
B07M6RJ836,2023-06-19
B07M6RJ836,2023-07-17
B07M6RJ836,2023-08-14
B07M6RJ836,2023-09-11
B07M6RJ836,2023-10-09
B07M6RJ836,2023-11-06
B07M6RJ836,2023-12-04
B07M6RJ836,2024-01-01
B07M6RJ836,2024-01-29
B07M6V4HLH,2023-02-27
B07M6V4HLH,2023-03-27
B07M6V4HLH,2023-04-24
B07M6V4HLH,2023-05-22
B07M6V4HLH,2023-06-19
B07M6V4HLH,2023-07-17
B07M6V4HLH,2023-08-14
B07M6V4HLH,2023-09-11
B07M6V4HLH,2023-10-09
B07M6V4HLH,2023-11-06
B07M6V4HLH,2023-12-04
B07M6V4HLH,2024-01-01
B07M6V4HLH,2024-01-29
B07M8PJXZ5,2023-02-27
B07M8PJXZ5,2023-03-27
B07M8PJXZ5,2023-04-24
B07M8PJXZ5,2023-05-22
B07M8PJXZ5,2023-06-19
B07M8PJXZ5,2023-07-17
B07M8PJXZ5,2023-08-14
B07M8PJXZ5,2023-09-11
B07M8PJXZ5,2023-10-09
B07M8PJXZ5,2023-11-06
B07M8PJXZ5,2023-12-04
B07M8PJXZ5,2024-01-01
B07M8PJXZ5,2024-01-29
B07MC92KSH,2023-02-27
B07MC92KSH,2023-03-27
B07MC92KSH,2023-04-24
B07MC92KSH,2023-05-22
B07MC92KSH,2023-06-19
B07MC92KSH,2023-07-17
B07MC92KSH,2023-08-14
B07MC92KSH,2023-09-11
B07MC92KSH,2023-10-09
B07MC92KSH,2023-11-06
B07MC92KSH,2023-12-04
B07MC92KSH,2024-01-01
B07MC92KSH,2024-01-29
B07MD1PNQM,2023-02-27
B07MD1PNQM,2023-03-27
B07MD1PNQM,2023-04-24
B07MD1PNQM,2023-05-22
B07MD1PNQM,2023-06-19
B07MD1PNQM,2023-07-17
B07MD1PNQM,2023-08-14
B07MD1PNQM,2023-09-11
B07MD1PNQM,2023-10-09
B07MD1PNQM,2023-11-06
B07MD1PNQM,2023-12-04
B07MD1PNQM,2024-01-01
B07MD1PNQM,2024-01-29
B07MD5R92K,2023-02-27
B07MD5R92K,2023-03-27
B07MD5R92K,2023-04-24
B07MD5R92K,2023-05-22
B07MD5R92K,2023-06-19
B07MD5R92K,2023-07-17
B07MD5R92K,2023-08-14
B07MD5R92K,2023-09-11
B07MD5R92K,2023-10-09
B07MD5R92K,2023-11-06
B07MD5R92K,2023-12-04
B07MD5R92K,2024-01-01
B07MD5R92K,2024-01-29
B07MLC23VX,2023-02-27
B07MLC23VX,2023-03-27
B07MLC23VX,2023-04-24
B07MLC23VX,2023-05-22
B07MLC23VX,2023-06-19
B07MLC23VX,2023-07-17
B07MLC23VX,2023-08-14
B07MLC23VX,2023-09-11
B07MLC23VX,2023-10-09
B07MLC23VX,2023-11-06
B07MLC23VX,2023-12-04
B07MLC23VX,2024-01-01
B07MLC23VX,2024-01-29
B07MNHGYTC,2023-02-27
B07MNHGYTC,2023-03-27
B07MNHGYTC,2023-04-24
B07MNHGYTC,2023-05-22
B07MNHGYTC,2023-06-19
B07MNHGYTC,2023-07-17
B07MNHGYTC,2023-08-14
B07MNHGYTC,2023-09-11
B07MNHGYTC,2023-10-09
B07MNHGYTC,2023-11-06
B07MNHGYTC,2023-12-04
B07MNHGYTC,2024-01-01
B07MNHGYTC,2024-01-29
B07MPJV9JS,2023-02-27
B07MPJV9JS,2023-03-27
B07MPJV9JS,2023-04-24
B07MPJV9JS,2023-05-22
B07MPJV9JS,2023-06-19
B07MPJV9JS,2023-07-17
B07MPJV9JS,2023-08-14
B07MPJV9JS,2023-09-11
B07MPJV9JS,2023-10-09
B07MPJV9JS,2023-11-06
B07MPJV9JS,2023-12-04
B07MPJV9JS,2024-01-01
B07MPJV9JS,2024-01-29
B07MSJHGLM,2023-02-27
B07MSJHGLM,2023-03-27
B07MSJHGLM,2023-04-24
B07MSJHGLM,2023-05-22
B07MSJHGLM,2023-06-19
B07MSJHGLM,2023-07-17
B07MSJHGLM,2023-08-14
B07MSJHGLM,2023-09-11
B07MSJHGLM,2023-10-09
B07MSJHGLM,2023-11-06
B07MSJHGLM,2023-12-04
B07MSJHGLM,2024-01-01
B07MSJHGLM,2024-01-29
B07MWFLPNB,2023-02-27
B07MWFLPNB,2023-03-27
B07MWFLPNB,2023-04-24
B07MWFLPNB,2023-05-22
B07MWFLPNB,2023-06-19
B07MWFLPNB,2023-07-17
B07MWFLPNB,2023-08-14
B07MWFLPNB,2023-09-11
B07MWFLPNB,2023-10-09
B07MWFLPNB,2023-11-06
B07MWFLPNB,2023-12-04
B07MWFLPNB,2024-01-01
B07MWFLPNB,2024-01-29
B07MZ9V9MH,2023-02-27
B07MZ9V9MH,2023-03-27
B07MZ9V9MH,2023-04-24
B07MZ9V9MH,2023-05-22
B07MZ9V9MH,2023-06-19
B07MZ9V9MH,2023-07-17
B07MZ9V9MH,2023-08-14
B07MZ9V9MH,2023-09-11
B07MZ9V9MH,2023-10-09
B07MZ9V9MH,2023-11-06
B07MZ9V9MH,2023-12-04
B07MZ9V9MH,2024-01-01
B07MZ9V9MH,2024-01-29
B07MZDZZVY,2023-07-17
B07MZDZZVY,2023-08-14
B07MZDZZVY,2023-09-11
B07MZDZZVY,2023-10-09
B07MZDZZVY,2023-11-06
B07MZDZZVY,2023-12-04
B07MZDZZVY,2024-01-01
B07MZDZZVY,2024-01-29
B07N1VZV4W,2023-02-27
B07N1VZV4W,2023-03-27
B07N1VZV4W,2023-04-24
B07N1VZV4W,2023-05-22
B07N1VZV4W,2023-06-19
B07N1VZV4W,2023-07-17
B07N1VZV4W,2023-08-14
B07N1VZV4W,2023-09-11
B07N1VZV4W,2023-10-09
B07N1VZV4W,2023-11-06
B07N1VZV4W,2023-12-04
B07N1VZV4W,2024-01-01
B07N1VZV4W,2024-01-29
B07N1W4XY4,2023-02-27
B07N1W4XY4,2023-03-27
B07N1W4XY4,2023-04-24
B07N1W4XY4,2023-05-22
B07N1W4XY4,2023-06-19
B07N1W4XY4,2023-07-17
B07N1W4XY4,2023-08-14
B07N1W4XY4,2023-09-11
B07N1W4XY4,2023-10-09
B07N1W4XY4,2023-11-06
B07N1W4XY4,2023-12-04
B07N1W4XY4,2024-01-01
B07N1W4XY4,2024-01-29
B07N29SPFW,2023-02-27
B07N29SPFW,2023-03-27
B07N29SPFW,2023-04-24
B07N29SPFW,2023-05-22
B07N29SPFW,2023-06-19
B07N29SPFW,2023-07-17
B07N29SPFW,2023-08-14
B07N29SPFW,2023-09-11
B07N29SPFW,2023-10-09
B07N29SPFW,2023-11-06
B07N29SPFW,2023-12-04
B07N29SPFW,2024-01-01
B07N29SPFW,2024-01-29
B07N2Z43JZ,2023-02-27
B07N2Z43JZ,2023-03-27
B07N2Z43JZ,2023-04-24
B07N2Z43JZ,2023-05-22
B07N2Z43JZ,2023-06-19
B07N2Z43JZ,2023-07-17
B07N2Z43JZ,2023-08-14
B07N2Z43JZ,2023-09-11
B07N2Z43JZ,2023-10-09
B07N2Z43JZ,2023-11-06
B07N2Z43JZ,2023-12-04
B07N2Z43JZ,2024-01-01
B07N2Z43JZ,2024-01-29
B07N2ZKPJ1,2023-02-27
B07N2ZKPJ1,2023-03-27
B07N2ZKPJ1,2023-04-24
B07N2ZKPJ1,2023-05-22
B07N2ZKPJ1,2023-06-19
B07N2ZKPJ1,2023-07-17
B07N2ZKPJ1,2023-08-14
B07N2ZKPJ1,2023-09-11
B07N2ZKPJ1,2023-10-09
B07N2ZKPJ1,2023-11-06
B07N2ZKPJ1,2023-12-04
B07N2ZKPJ1,2024-01-01
B07N2ZKPJ1,2024-01-29
B07N2ZRFRD,2023-02-27
B07N2ZRFRD,2023-03-27
B07N2ZRFRD,2023-04-24
B07N2ZRFRD,2023-05-22
B07N2ZRFRD,2023-06-19
B07N2ZRFRD,2023-07-17
B07N2ZRFRD,2023-08-14
B07N2ZRFRD,2023-09-11
B07N2ZRFRD,2023-10-09
B07N2ZRFRD,2023-11-06
B07N2ZRFRD,2023-12-04
B07N2ZRFRD,2024-01-01
B07N2ZRFRD,2024-01-29
B07N3WD6VP,2023-02-27
B07N3WD6VP,2023-03-27
B07N3WD6VP,2023-04-24
B07N3WD6VP,2023-05-22
B07N3WD6VP,2023-06-19
B07N3WD6VP,2023-07-17
B07N3WD6VP,2023-08-14
B07N3WD6VP,2023-09-11
B07N3WD6VP,2023-10-09
B07N3WD6VP,2023-11-06
B07N3WD6VP,2023-12-04
B07N3WD6VP,2024-01-01
B07N3WD6VP,2024-01-29
B07N885MTS,2023-02-27
B07N885MTS,2023-03-27
B07N885MTS,2023-04-24
B07N885MTS,2023-05-22
B07N885MTS,2023-06-19
B07N885MTS,2023-07-17
B07N885MTS,2023-08-14
B07N885MTS,2023-09-11
B07N885MTS,2023-10-09
B07N885MTS,2023-11-06
B07N885MTS,2023-12-04
B07N885MTS,2024-01-01
B07N885MTS,2024-01-29
B07N89X6L8,2023-02-27
B07N89X6L8,2023-03-27
B07N89X6L8,2023-04-24
B07N89X6L8,2023-05-22
B07N89X6L8,2023-06-19
B07N89X6L8,2023-07-17
B07N89X6L8,2023-08-14
B07N89X6L8,2023-09-11
B07N89X6L8,2023-10-09
B07N89X6L8,2023-11-06
B07N89X6L8,2023-12-04
B07N89X6L8,2024-01-01
B07N89X6L8,2024-01-29
B07NDF9V2S,2023-02-27
B07NDF9V2S,2023-03-27
B07NDF9V2S,2023-04-24
B07NDF9V2S,2023-05-22
B07NDF9V2S,2023-06-19
B07NDF9V2S,2023-07-17
B07NDF9V2S,2023-08-14
B07NDF9V2S,2023-09-11
B07NDF9V2S,2023-10-09
B07NDF9V2S,2023-11-06
B07NDF9V2S,2023-12-04
B07NDF9V2S,2024-01-01
B07NDF9V2S,2024-01-29
B07NDLL77T,2023-02-27
B07NDLL77T,2023-03-27
B07NDLL77T,2023-04-24
B07NDLL77T,2023-05-22
B07NDLL77T,2023-06-19
B07NDLL77T,2023-07-17
B07NDLL77T,2023-08-14
B07NDLL77T,2023-09-11
B07NDLL77T,2023-10-09
B07NDLL77T,2023-11-06
B07NDLL77T,2023-12-04
B07NDLL77T,2024-01-01
B07NDLL77T,2024-01-29
B07NDXGJK3,2023-02-27
B07NDXGJK3,2023-03-27
B07NDXGJK3,2023-04-24
B07NDXGJK3,2023-05-22
B07NDXGJK3,2023-06-19
B07NDXGJK3,2023-07-17
B07NDXGJK3,2023-08-14
B07NDXGJK3,2023-09-11
B07NDXGJK3,2023-10-09
B07NDXGJK3,2023-11-06
B07NDXGJK3,2023-12-04
B07NDXGJK3,2024-01-01
B07NDXGJK3,2024-01-29
B07NFLM8B3,2023-02-27
B07NFLM8B3,2023-03-27
B07NFLM8B3,2023-04-24
B07NFLM8B3,2023-05-22
B07NFLM8B3,2023-06-19
B07NFLM8B3,2023-07-17
B07NFLM8B3,2023-08-14
B07NFLM8B3,2023-09-11
B07NFLM8B3,2023-10-09
B07NFLM8B3,2023-11-06
B07NFLM8B3,2023-12-04
B07NFLM8B3,2024-01-01
B07NFLM8B3,2024-01-29
B07NFM192C,2023-02-27
B07NFM192C,2023-03-27
B07NFM192C,2023-04-24
B07NFM192C,2023-05-22
B07NFM192C,2023-06-19
B07NFM192C,2023-07-17
B07NFM192C,2023-08-14
B07NFM192C,2023-09-11
B07NFM192C,2023-10-09
B07NFM192C,2023-11-06
B07NFM192C,2023-12-04
B07NFM192C,2024-01-01
B07NFM192C,2024-01-29
B07NFM2GQJ,2023-02-27
B07NFM2GQJ,2023-03-27
B07NFM2GQJ,2023-04-24
B07NFM2GQJ,2023-05-22
B07NFM2GQJ,2023-06-19
B07NFM2GQJ,2023-07-17
B07NFM2GQJ,2023-08-14
B07NFM2GQJ,2023-09-11
B07NFM2GQJ,2023-10-09
B07NFM2GQJ,2023-11-06
B07NFM2GQJ,2023-12-04
B07NFM2GQJ,2024-01-01
B07NFM2GQJ,2024-01-29
B07NFPTBS8,2023-02-27
B07NFPTBS8,2023-03-27
B07NFPTBS8,2023-04-24
B07NFPTBS8,2023-05-22
B07NFPTBS8,2023-06-19
B07NFPTBS8,2023-07-17
B07NFPTBS8,2023-08-14
B07NFPTBS8,2023-09-11
B07NFPTBS8,2023-10-09
B07NFPTBS8,2023-11-06
B07NFPTBS8,2023-12-04
B07NFPTBS8,2024-01-01
B07NFPTBS8,2024-01-29
B07NFQT9WT,2023-02-27
B07NFQT9WT,2023-03-27
B07NFQT9WT,2023-04-24
B07NFQT9WT,2023-05-22
B07NFQT9WT,2023-06-19
B07NFQT9WT,2023-07-17
B07NFQT9WT,2023-08-14
B07NFQT9WT,2023-09-11
B07NFQT9WT,2023-10-09
B07NFQT9WT,2023-11-06
B07NFQT9WT,2023-12-04
B07NFQT9WT,2024-01-01
B07NFQT9WT,2024-01-29
B07NLGM3MP,2023-04-24
B07NLGM3MP,2023-05-22
B07NLGM3MP,2023-06-19
B07NLGM3MP,2023-07-17
B07NLGM3MP,2023-08-14
B07NLGM3MP,2023-09-11
B07NLGM3MP,2023-10-09
B07NLGM3MP,2023-11-06
B07NLGM3MP,2023-12-04
B07NLGM3MP,2024-01-01
B07NLGM3MP,2024-01-29
B07NP4T6DX,2023-02-27
B07NP4T6DX,2023-03-27
B07NP4T6DX,2023-04-24
B07NP4T6DX,2023-05-22
B07NP4T6DX,2023-06-19
B07NP4T6DX,2023-07-17
B07NP4T6DX,2023-08-14
B07NP4T6DX,2023-09-11
B07NP4T6DX,2023-10-09
B07NP4T6DX,2023-11-06
B07NP4T6DX,2023-12-04
B07NP4T6DX,2024-01-01
B07NP4T6DX,2024-01-29
B07NQ8ST3P,2023-02-27
B07NQ8ST3P,2023-03-27
B07NQ8ST3P,2023-04-24
B07NQ8ST3P,2023-05-22
B07NQ8ST3P,2023-06-19
B07NQ8ST3P,2023-07-17
B07NQ8ST3P,2023-08-14
B07NQ8ST3P,2023-09-11
B07NQ8ST3P,2023-10-09
B07NQ8ST3P,2023-11-06
B07NQ8ST3P,2023-12-04
B07NQ8ST3P,2024-01-01
B07NQ8ST3P,2024-01-29
B07NQFW239,2023-02-27
B07NQFW239,2023-03-27
B07NQFW239,2023-04-24
B07NQFW239,2023-05-22
B07NQFW239,2023-06-19
B07NQFW239,2023-07-17
B07NQFW239,2023-08-14
B07NQFW239,2023-09-11
B07NQFW239,2023-10-09
B07NQFW239,2023-11-06
B07NQFW239,2023-12-04
B07NQFW239,2024-01-01
B07NQFW239,2024-01-29
B07NQGS5V4,2023-02-27
B07NQGS5V4,2023-03-27
B07NQGS5V4,2023-04-24
B07NQGS5V4,2023-05-22
B07NQGS5V4,2023-06-19
B07NQGS5V4,2023-07-17
B07NQGS5V4,2023-08-14
B07NQGS5V4,2023-09-11
B07NQGS5V4,2023-10-09
B07NQGS5V4,2023-11-06
B07NQGS5V4,2023-12-04
B07NQGS5V4,2024-01-01
B07NQGS5V4,2024-01-29
B07NQVZRFK,2023-02-27
B07NQVZRFK,2023-03-27
B07NQVZRFK,2023-04-24
B07NQVZRFK,2023-05-22
B07NQVZRFK,2023-06-19
B07NQVZRFK,2023-07-17
B07NQVZRFK,2023-08-14
B07NQVZRFK,2023-09-11
B07NQVZRFK,2023-10-09
B07NQVZRFK,2023-11-06
B07NQVZRFK,2023-12-04
B07NQVZRFK,2024-01-01
B07NQVZRFK,2024-01-29
B07NQZ5PPJ,2023-02-27
B07NQZ5PPJ,2023-03-27
B07NQZ5PPJ,2023-04-24
B07NQZ5PPJ,2023-05-22
B07NQZ5PPJ,2023-06-19
B07NQZ5PPJ,2023-07-17
B07NQZ5PPJ,2023-08-14
B07NQZ5PPJ,2023-09-11
B07NQZ5PPJ,2023-10-09
B07NQZ5PPJ,2023-11-06
B07NQZ5PPJ,2023-12-04
B07NQZ5PPJ,2024-01-01
B07NQZ5PPJ,2024-01-29
B07NS9J8JK,2023-02-27
B07NS9J8JK,2023-03-27
B07NS9J8JK,2023-04-24
B07NS9J8JK,2023-05-22
B07NS9J8JK,2023-06-19
B07NS9J8JK,2023-07-17
B07NS9J8JK,2023-08-14
B07NS9J8JK,2023-09-11
B07NS9J8JK,2023-10-09
B07NS9J8JK,2023-11-06
B07NS9J8JK,2023-12-04
B07NS9J8JK,2024-01-01
B07NS9J8JK,2024-01-29
B07NTVGP9F,2023-02-27
B07NTVGP9F,2023-03-27
B07NTVGP9F,2023-04-24
B07NTVGP9F,2023-05-22
B07NTVGP9F,2023-06-19
B07NTVGP9F,2023-07-17
B07NTVGP9F,2023-08-14
B07NTVGP9F,2023-09-11
B07NTVGP9F,2023-10-09
B07NTVGP9F,2023-11-06
B07NTVGP9F,2023-12-04
B07NTVGP9F,2024-01-01
B07NTVGP9F,2024-01-29
B07NVVFTPN,2023-02-27
B07NVVFTPN,2023-03-27
B07NVVFTPN,2023-04-24
B07NVVFTPN,2023-05-22
B07NVVFTPN,2023-06-19
B07NVVFTPN,2023-07-17
B07NVVFTPN,2023-08-14
B07NVVFTPN,2023-09-11
B07NVVFTPN,2023-10-09
B07NVVFTPN,2023-11-06
B07NVVFTPN,2023-12-04
B07NVVFTPN,2024-01-01
B07NVVFTPN,2024-01-29
B07NWXC7FL,2023-02-27
B07NWXC7FL,2023-03-27
B07NWXC7FL,2023-04-24
B07NWXC7FL,2023-05-22
B07NWXC7FL,2023-06-19
B07NWXC7FL,2023-07-17
B07NWXC7FL,2023-08-14
B07NWXC7FL,2023-09-11
B07NWXC7FL,2023-10-09
B07NWXC7FL,2023-11-06
B07NWXC7FL,2023-12-04
B07NWXC7FL,2024-01-01
B07NWXC7FL,2024-01-29
B07NYTTWN7,2023-02-27
B07NYTTWN7,2023-03-27
B07NYTTWN7,2023-04-24
B07NYTTWN7,2023-05-22
B07NYTTWN7,2023-06-19
B07NYTTWN7,2023-07-17
B07NYTTWN7,2023-08-14
B07NYTTWN7,2023-09-11
B07NYTTWN7,2023-10-09
B07NYTTWN7,2023-11-06
B07NYTTWN7,2023-12-04
B07NYTTWN7,2024-01-01
B07NYTTWN7,2024-01-29
B07NZ2RNRL,2023-02-27
B07NZ2RNRL,2023-03-27
B07NZ2RNRL,2023-04-24
B07NZ2RNRL,2023-05-22
B07NZ2RNRL,2023-06-19
B07NZ2RNRL,2023-07-17
B07NZ2RNRL,2023-08-14
B07NZ2RNRL,2023-09-11
B07NZ2RNRL,2023-10-09
B07NZ2RNRL,2023-11-06
B07NZ2RNRL,2023-12-04
B07NZ2RNRL,2024-01-01
B07NZ2RNRL,2024-01-29
B07P167XH7,2023-02-27
B07P167XH7,2023-03-27
B07P167XH7,2023-04-24
B07P167XH7,2023-05-22
B07P167XH7,2023-06-19
B07P167XH7,2023-07-17
B07P167XH7,2023-08-14
B07P167XH7,2023-09-11
B07P167XH7,2023-10-09
B07P167XH7,2023-11-06
B07P167XH7,2023-12-04
B07P167XH7,2024-01-01
B07P167XH7,2024-01-29
B07P18SCJ8,2023-02-27
B07P18SCJ8,2023-03-27
B07P18SCJ8,2023-04-24
B07P18SCJ8,2023-05-22
B07P18SCJ8,2023-06-19
B07P18SCJ8,2023-07-17
B07P18SCJ8,2023-08-14
B07P18SCJ8,2023-09-11
B07P18SCJ8,2023-10-09
B07P18SCJ8,2023-11-06
B07P18SCJ8,2023-12-04
B07P18SCJ8,2024-01-01
B07P18SCJ8,2024-01-29
B07P5PVP4Z,2023-02-27
B07P5PVP4Z,2023-03-27
B07P5PVP4Z,2023-04-24
B07P5PVP4Z,2023-05-22
B07P5PVP4Z,2023-06-19
B07P5PVP4Z,2023-07-17
B07P5PVP4Z,2023-08-14
B07P5PVP4Z,2023-09-11
B07P5PVP4Z,2023-10-09
B07P5PVP4Z,2023-11-06
B07P5PVP4Z,2023-12-04
B07P5PVP4Z,2024-01-01
B07P5PVP4Z,2024-01-29
B07P662H6S,2023-02-27
B07P662H6S,2023-03-27
B07P662H6S,2023-04-24
B07P662H6S,2023-05-22
B07P662H6S,2023-06-19
B07P662H6S,2023-07-17
B07P662H6S,2023-08-14
B07P662H6S,2023-09-11
B07P662H6S,2023-10-09
B07P662H6S,2023-11-06
B07P662H6S,2023-12-04
B07P662H6S,2024-01-01
B07P662H6S,2024-01-29
B07P8WXR25,2023-02-27
B07P8WXR25,2023-03-27
B07P8WXR25,2023-04-24
B07P8WXR25,2023-05-22
B07P8WXR25,2023-06-19
B07P8WXR25,2023-07-17
B07P8WXR25,2023-08-14
B07P8WXR25,2023-09-11
B07P8WXR25,2023-10-09
B07P8WXR25,2023-11-06
B07P8WXR25,2023-12-04
B07P8WXR25,2024-01-01
B07P8WXR25,2024-01-29
B07P97MR8J,2023-02-27
B07P97MR8J,2023-03-27
B07P97MR8J,2023-04-24
B07P97MR8J,2023-05-22
B07P97MR8J,2023-06-19
B07P97MR8J,2023-07-17
B07P97MR8J,2023-08-14
B07P97MR8J,2023-09-11
B07P97MR8J,2023-10-09
B07P97MR8J,2023-11-06
B07P97MR8J,2023-12-04
B07P97MR8J,2024-01-01
B07P97MR8J,2024-01-29
B07P989QBN,2023-02-27
B07P989QBN,2023-03-27
B07P989QBN,2023-04-24
B07P989QBN,2023-05-22
B07P989QBN,2023-06-19
B07P989QBN,2023-07-17
B07P989QBN,2023-08-14
B07P989QBN,2023-09-11
B07P989QBN,2023-10-09
B07P989QBN,2023-11-06
B07P989QBN,2023-12-04
B07P989QBN,2024-01-01
B07P989QBN,2024-01-29
B07PBDG1V3,2023-02-27
B07PBDG1V3,2023-03-27
B07PBDG1V3,2023-04-24
B07PBDG1V3,2023-05-22
B07PBDG1V3,2023-06-19
B07PBDG1V3,2023-07-17
B07PBDG1V3,2023-08-14
B07PBDG1V3,2023-09-11
B07PBDG1V3,2023-10-09
B07PBDG1V3,2023-11-06
B07PBDG1V3,2023-12-04
B07PBDG1V3,2024-01-01
B07PBDG1V3,2024-01-29
B07PCBR3X9,2023-02-27
B07PCBR3X9,2023-03-27
B07PCBR3X9,2023-04-24
B07PCBR3X9,2023-05-22
B07PCBR3X9,2023-06-19
B07PCBR3X9,2023-07-17
B07PCBR3X9,2023-08-14
B07PCBR3X9,2023-09-11
B07PCBR3X9,2023-10-09
B07PCBR3X9,2023-11-06
B07PCBR3X9,2023-12-04
B07PCBR3X9,2024-01-01
B07PCBR3X9,2024-01-29
B07PCRBFFL,2023-02-27
B07PCRBFFL,2023-03-27
B07PCRBFFL,2023-04-24
B07PCRBFFL,2023-05-22
B07PCRBFFL,2023-06-19
B07PCRBFFL,2023-07-17
B07PCRBFFL,2023-08-14
B07PCRBFFL,2023-09-11
B07PCRBFFL,2023-10-09
B07PCRBFFL,2023-11-06
B07PCRBFFL,2023-12-04
B07PCRBFFL,2024-01-01
B07PCRBFFL,2024-01-29
B07PDMSP68,2023-02-27
B07PDMSP68,2023-03-27
B07PDMSP68,2023-04-24
B07PDMSP68,2023-05-22
B07PDMSP68,2023-06-19
B07PDMSP68,2023-07-17
B07PDMSP68,2023-08-14
B07PDMSP68,2023-09-11
B07PDMSP68,2023-10-09
B07PDMSP68,2023-11-06
B07PDMSP68,2023-12-04
B07PDMSP68,2024-01-01
B07PDMSP68,2024-01-29
B07PDNGD3D,2023-02-27
B07PDNGD3D,2023-03-27
B07PDNGD3D,2023-04-24
B07PDNGD3D,2023-05-22
B07PDNGD3D,2023-06-19
B07PDNGD3D,2023-07-17
B07PDNGD3D,2023-08-14
B07PDNGD3D,2023-09-11
B07PDNGD3D,2023-10-09
B07PDNGD3D,2023-11-06
B07PDNGD3D,2023-12-04
B07PDNGD3D,2024-01-01
B07PDNGD3D,2024-01-29
B07PDQV6J6,2023-02-27
B07PDQV6J6,2023-03-27
B07PDQV6J6,2023-04-24
B07PDQV6J6,2023-05-22
B07PDQV6J6,2023-06-19
B07PDQV6J6,2023-07-17
B07PDQV6J6,2023-08-14
B07PDQV6J6,2023-09-11
B07PDQV6J6,2023-10-09
B07PDQV6J6,2023-11-06
B07PDQV6J6,2023-12-04
B07PDQV6J6,2024-01-01
B07PDQV6J6,2024-01-29
B07PDZLZ31,2023-02-27
B07PDZLZ31,2023-03-27
B07PDZLZ31,2023-04-24
B07PDZLZ31,2023-05-22
B07PDZLZ31,2023-06-19
B07PDZLZ31,2023-07-17
B07PDZLZ31,2023-08-14
B07PDZLZ31,2023-09-11
B07PDZLZ31,2023-10-09
B07PDZLZ31,2023-11-06
B07PDZLZ31,2023-12-04
B07PDZLZ31,2024-01-01
B07PDZLZ31,2024-01-29
B07PF1DV8M,2023-02-27
B07PF1DV8M,2023-03-27
B07PF1DV8M,2023-04-24
B07PF1DV8M,2023-05-22
B07PF1DV8M,2023-06-19
B07PF1DV8M,2023-07-17
B07PF1DV8M,2023-08-14
B07PF1DV8M,2023-09-11
B07PF1DV8M,2023-10-09
B07PF1DV8M,2023-11-06
B07PF1DV8M,2023-12-04
B07PF1DV8M,2024-01-01
B07PF1DV8M,2024-01-29
B07PF1FTHF,2023-02-27
B07PF1FTHF,2023-03-27
B07PF1FTHF,2023-04-24
B07PF1FTHF,2023-05-22
B07PF1FTHF,2023-06-19
B07PF1FTHF,2023-07-17
B07PF1FTHF,2023-08-14
B07PF1FTHF,2023-09-11
B07PF1FTHF,2023-10-09
B07PF1FTHF,2023-11-06
B07PF1FTHF,2023-12-04
B07PF1FTHF,2024-01-01
B07PF1FTHF,2024-01-29
B07PF1GDBB,2023-02-27
B07PF1GDBB,2023-03-27
B07PF1GDBB,2023-04-24
B07PF1GDBB,2023-05-22
B07PF1GDBB,2023-06-19
B07PF1GDBB,2023-07-17
B07PF1GDBB,2023-08-14
B07PF1GDBB,2023-09-11
B07PF1GDBB,2023-10-09
B07PF1GDBB,2023-11-06
B07PF1GDBB,2023-12-04
B07PF1GDBB,2024-01-01
B07PF1GDBB,2024-01-29
B07PF1LXGK,2023-02-27
B07PF1LXGK,2023-03-27
B07PF1LXGK,2023-04-24
B07PF1LXGK,2023-05-22
B07PF1LXGK,2023-06-19
B07PF1LXGK,2023-07-17
B07PF1LXGK,2023-08-14
B07PF1LXGK,2023-09-11
B07PF1LXGK,2023-10-09
B07PF1LXGK,2023-11-06
B07PF1LXGK,2023-12-04
B07PF1LXGK,2024-01-01
B07PF1LXGK,2024-01-29
B07PF857CD,2023-02-27
B07PF857CD,2023-03-27
B07PF857CD,2023-04-24
B07PF857CD,2023-05-22
B07PF857CD,2023-06-19
B07PF857CD,2023-07-17
B07PF857CD,2023-08-14
B07PF857CD,2023-09-11
B07PF857CD,2023-10-09
B07PF857CD,2023-11-06
B07PF857CD,2023-12-04
B07PF857CD,2024-01-01
B07PF857CD,2024-01-29
B07PGT6NWS,2023-02-27
B07PGT6NWS,2023-03-27
B07PGT6NWS,2023-04-24
B07PGT6NWS,2023-05-22
B07PGT6NWS,2023-06-19
B07PGT6NWS,2023-07-17
B07PGT6NWS,2023-08-14
B07PGT6NWS,2023-09-11
B07PGT6NWS,2023-10-09
B07PGT6NWS,2023-11-06
B07PGT6NWS,2023-12-04
B07PGT6NWS,2024-01-01
B07PGT6NWS,2024-01-29
B07PH41SMJ,2023-02-27
B07PH41SMJ,2023-03-27
B07PH41SMJ,2023-04-24
B07PH41SMJ,2023-05-22
B07PH41SMJ,2023-06-19
B07PH41SMJ,2023-07-17
B07PH41SMJ,2023-08-14
B07PH41SMJ,2023-09-11
B07PH41SMJ,2023-10-09
B07PH41SMJ,2023-11-06
B07PH41SMJ,2023-12-04
B07PH41SMJ,2024-01-01
B07PH41SMJ,2024-01-29
B07PJ7SHSV,2023-02-27
B07PJ7SHSV,2023-03-27
B07PJ7SHSV,2023-04-24
B07PJ7SHSV,2023-05-22
B07PJ7SHSV,2023-06-19
B07PJ7SHSV,2023-07-17
B07PJ7SHSV,2023-08-14
B07PJ7SHSV,2023-09-11
B07PJ7SHSV,2023-10-09
B07PJ7SHSV,2023-11-06
B07PJ7SHSV,2023-12-04
B07PJ7SHSV,2024-01-01
B07PJ7SHSV,2024-01-29
B07PK32CJ1,2023-02-27
B07PK32CJ1,2023-03-27
B07PK32CJ1,2023-04-24
B07PK32CJ1,2023-05-22
B07PK32CJ1,2023-06-19
B07PK32CJ1,2023-07-17
B07PK32CJ1,2023-08-14
B07PK32CJ1,2023-09-11
B07PK32CJ1,2023-10-09
B07PK32CJ1,2023-11-06
B07PK32CJ1,2023-12-04
B07PK32CJ1,2024-01-01
B07PK32CJ1,2024-01-29
B07PK8NKQL,2023-02-27
B07PK8NKQL,2023-03-27
B07PK8NKQL,2023-04-24
B07PK8NKQL,2023-05-22
B07PK8NKQL,2023-06-19
B07PK8NKQL,2023-07-17
B07PK8NKQL,2023-08-14
B07PK8NKQL,2023-09-11
B07PK8NKQL,2023-10-09
B07PK8NKQL,2023-11-06
B07PK8NKQL,2023-12-04
B07PK8NKQL,2024-01-01
B07PK8NKQL,2024-01-29
B07PKDN44F,2023-02-27
B07PKDN44F,2023-03-27
B07PKDN44F,2023-04-24
B07PKDN44F,2023-05-22
B07PKDN44F,2023-06-19
B07PKDN44F,2023-07-17
B07PKDN44F,2023-08-14
B07PKDN44F,2023-09-11
B07PKDN44F,2023-10-09
B07PKDN44F,2023-11-06
B07PKDN44F,2023-12-04
B07PKDN44F,2024-01-01
B07PKDN44F,2024-01-29
B07PLF233F,2023-02-27
B07PLF233F,2023-03-27
B07PLF233F,2023-04-24
B07PLF233F,2023-05-22
B07PLF233F,2023-06-19
B07PLF233F,2023-07-17
B07PLF233F,2023-08-14
B07PLF233F,2023-09-11
B07PLF233F,2023-10-09
B07PLF233F,2023-11-06
B07PLF233F,2023-12-04
B07PLF233F,2024-01-01
B07PLF233F,2024-01-29
B07PN6CFK9,2023-02-27
B07PN6CFK9,2023-03-27
B07PN6CFK9,2023-04-24
B07PN6CFK9,2023-05-22
B07PN6CFK9,2023-06-19
B07PN6CFK9,2023-07-17
B07PN6CFK9,2023-08-14
B07PN6CFK9,2023-09-11
B07PN6CFK9,2023-10-09
B07PN6CFK9,2023-11-06
B07PN6CFK9,2023-12-04
B07PN6CFK9,2024-01-01
B07PN6CFK9,2024-01-29
B07PNK793Z,2023-02-27
B07PNK793Z,2023-03-27
B07PNK793Z,2023-04-24
B07PNK793Z,2023-05-22
B07PNK793Z,2023-06-19
B07PNK793Z,2023-07-17
B07PNK793Z,2023-08-14
B07PNK793Z,2023-09-11
B07PNK793Z,2023-10-09
B07PNK793Z,2023-11-06
B07PNK793Z,2023-12-04
B07PNK793Z,2024-01-01
B07PNK793Z,2024-01-29
B07PP7TDZG,2023-02-27
B07PP7TDZG,2023-03-27
B07PP7TDZG,2023-04-24
B07PP7TDZG,2023-05-22
B07PP7TDZG,2023-06-19
B07PP7TDZG,2023-07-17
B07PP7TDZG,2023-08-14
B07PP7TDZG,2023-09-11
B07PP7TDZG,2023-10-09
B07PP7TDZG,2023-11-06
B07PP7TDZG,2023-12-04
B07PP7TDZG,2024-01-01
B07PP7TDZG,2024-01-29
B07PPQ5D1Z,2023-02-27
B07PPQ5D1Z,2023-03-27
B07PPQ5D1Z,2023-04-24
B07PPQ5D1Z,2023-05-22
B07PPQ5D1Z,2023-06-19
B07PPQ5D1Z,2023-07-17
B07PPQ5D1Z,2023-08-14
B07PPQ5D1Z,2023-09-11
B07PPQ5D1Z,2023-10-09
B07PPQ5D1Z,2023-11-06
B07PPQ5D1Z,2023-12-04
B07PPQ5D1Z,2024-01-01
B07PPQ5D1Z,2024-01-29
B07PSK2HXV,2023-02-27
B07PSK2HXV,2023-03-27
B07PSK2HXV,2023-04-24
B07PSK2HXV,2023-05-22
B07PSK2HXV,2023-06-19
B07PSK2HXV,2023-07-17
B07PSK2HXV,2023-08-14
B07PSK2HXV,2023-09-11
B07PSK2HXV,2023-10-09
B07PSK2HXV,2023-11-06
B07PSK2HXV,2023-12-04
B07PSK2HXV,2024-01-01
B07PSK2HXV,2024-01-29
B07PTSZ43T,2023-02-27
B07PTSZ43T,2023-03-27
B07PTSZ43T,2023-04-24
B07PTSZ43T,2023-05-22
B07PTSZ43T,2023-06-19
B07PTSZ43T,2023-07-17
B07PTSZ43T,2023-08-14
B07PTSZ43T,2023-09-11
B07PTSZ43T,2023-10-09
B07PTSZ43T,2023-11-06
B07PTSZ43T,2023-12-04
B07PTSZ43T,2024-01-01
B07PTSZ43T,2024-01-29
B07PXG8C1T,2023-03-27
B07PXG8C1T,2023-04-24
B07PXG8C1T,2023-05-22
B07PXG8C1T,2023-06-19
B07PXG8C1T,2023-07-17
B07PXG8C1T,2023-08-14
B07PXG8C1T,2023-09-11
B07PXG8C1T,2023-10-09
B07PXG8C1T,2023-11-06
B07PXG8C1T,2023-12-04
B07PXG8C1T,2024-01-01
B07PXG8C1T,2024-01-29
B07Q13JD2T,2023-02-27
B07Q13JD2T,2023-03-27
B07Q13JD2T,2023-04-24
B07Q13JD2T,2023-05-22
B07Q13JD2T,2023-06-19
B07Q13JD2T,2023-07-17
B07Q13JD2T,2023-08-14
B07Q13JD2T,2023-09-11
B07Q13JD2T,2023-10-09
B07Q13JD2T,2023-11-06
B07Q13JD2T,2023-12-04
B07Q13JD2T,2024-01-01
B07Q13JD2T,2024-01-29
B07Q396941,2023-02-27
B07Q396941,2023-03-27
B07Q396941,2023-04-24
B07Q396941,2023-05-22
B07Q396941,2023-06-19
B07Q396941,2023-07-17
B07Q396941,2023-08-14
B07Q396941,2023-09-11
B07Q396941,2023-10-09
B07Q396941,2023-11-06
B07Q396941,2023-12-04
B07Q396941,2024-01-01
B07Q396941,2024-01-29
B07Q46DVQC,2023-02-27
B07Q46DVQC,2023-03-27
B07Q46DVQC,2023-04-24
B07Q46DVQC,2023-05-22
B07Q46DVQC,2023-06-19
B07Q46DVQC,2023-07-17
B07Q46DVQC,2023-08-14
B07Q46DVQC,2023-09-11
B07Q46DVQC,2023-10-09
B07Q46DVQC,2023-11-06
B07Q46DVQC,2023-12-04
B07Q46DVQC,2024-01-01
B07Q46DVQC,2024-01-29
B07Q4XWXPT,2023-02-27
B07Q4XWXPT,2023-03-27
B07Q4XWXPT,2023-04-24
B07Q4XWXPT,2023-05-22
B07Q4XWXPT,2023-06-19
B07Q4XWXPT,2023-07-17
B07Q4XWXPT,2023-08-14
B07Q4XWXPT,2023-09-11
B07Q4XWXPT,2023-10-09
B07Q4XWXPT,2023-11-06
B07Q4XWXPT,2023-12-04
B07Q4XWXPT,2024-01-01
B07Q4XWXPT,2024-01-29
B07Q76YNKH,2023-02-27
B07Q76YNKH,2023-03-27
B07Q76YNKH,2023-04-24
B07Q76YNKH,2023-05-22
B07Q76YNKH,2023-06-19
B07Q76YNKH,2023-07-17
B07Q76YNKH,2023-08-14
B07Q76YNKH,2023-09-11
B07Q76YNKH,2023-10-09
B07Q76YNKH,2023-11-06
B07Q76YNKH,2023-12-04
B07Q76YNKH,2024-01-01
B07Q76YNKH,2024-01-29
B07Q82MHH6,2023-02-27
B07Q82MHH6,2023-03-27
B07Q82MHH6,2023-04-24
B07Q82MHH6,2023-05-22
B07Q82MHH6,2023-06-19
B07Q82MHH6,2023-07-17
B07Q82MHH6,2023-08-14
B07Q82MHH6,2023-09-11
B07Q82MHH6,2023-10-09
B07Q82MHH6,2023-11-06
B07Q82MHH6,2023-12-04
B07Q82MHH6,2024-01-01
B07Q82MHH6,2024-01-29
B07Q8BYSQ1,2023-02-27
B07Q8BYSQ1,2023-03-27
B07Q8BYSQ1,2023-04-24
B07Q8BYSQ1,2023-05-22
B07Q8BYSQ1,2023-06-19
B07Q8BYSQ1,2023-07-17
B07Q8BYSQ1,2023-08-14
B07Q8BYSQ1,2023-09-11
B07Q8BYSQ1,2023-10-09
B07Q8BYSQ1,2023-11-06
B07Q8BYSQ1,2023-12-04
B07Q8BYSQ1,2024-01-01
B07Q8BYSQ1,2024-01-29
B07Q9FNPNW,2023-02-27
B07Q9FNPNW,2023-03-27
B07Q9FNPNW,2023-04-24
B07Q9FNPNW,2023-05-22
B07Q9FNPNW,2023-06-19
B07Q9FNPNW,2023-07-17
B07Q9FNPNW,2023-08-14
B07Q9FNPNW,2023-09-11
B07Q9FNPNW,2023-10-09
B07Q9FNPNW,2023-11-06
B07Q9FNPNW,2023-12-04
B07Q9FNPNW,2024-01-01
B07Q9FNPNW,2024-01-29
B07QBVH42B,2023-02-27
B07QBVH42B,2023-03-27
B07QBVH42B,2023-04-24
B07QBVH42B,2023-05-22
B07QBVH42B,2023-06-19
B07QBVH42B,2023-07-17
B07QBVH42B,2023-08-14
B07QBVH42B,2023-09-11
B07QBVH42B,2023-10-09
B07QBVH42B,2023-11-06
B07QBVH42B,2023-12-04
B07QBVH42B,2024-01-01
B07QBVH42B,2024-01-29
B07QBVKB4S,2023-02-27
B07QBVKB4S,2023-03-27
B07QBVKB4S,2023-04-24
B07QBVKB4S,2023-05-22
B07QBVKB4S,2023-06-19
B07QBVKB4S,2023-07-17
B07QBVKB4S,2023-08-14
B07QBVKB4S,2023-09-11
B07QBVKB4S,2023-10-09
B07QBVKB4S,2023-11-06
B07QBVKB4S,2023-12-04
B07QBVKB4S,2024-01-01
B07QBVKB4S,2024-01-29
B07QC8GW3K,2023-02-27
B07QC8GW3K,2023-03-27
B07QC8GW3K,2023-04-24
B07QC8GW3K,2023-05-22
B07QC8GW3K,2023-06-19
B07QC8GW3K,2023-07-17
B07QC8GW3K,2023-08-14
B07QC8GW3K,2023-09-11
B07QC8GW3K,2023-10-09
B07QC8GW3K,2023-11-06
B07QC8GW3K,2023-12-04
B07QC8GW3K,2024-01-01
B07QC8GW3K,2024-01-29
B07QD74JDK,2023-02-27
B07QD74JDK,2023-03-27
B07QD74JDK,2023-04-24
B07QD74JDK,2023-05-22
B07QD74JDK,2023-06-19
B07QD74JDK,2023-07-17
B07QD74JDK,2023-08-14
B07QD74JDK,2023-09-11
B07QD74JDK,2023-10-09
B07QD74JDK,2023-11-06
B07QD74JDK,2023-12-04
B07QD74JDK,2024-01-01
B07QD74JDK,2024-01-29
B07QGG9S5G,2023-02-27
B07QGG9S5G,2023-03-27
B07QGG9S5G,2023-04-24
B07QGG9S5G,2023-05-22
B07QGG9S5G,2023-06-19
B07QGG9S5G,2023-07-17
B07QGG9S5G,2023-08-14
B07QGG9S5G,2023-09-11
B07QGG9S5G,2023-10-09
B07QGG9S5G,2023-11-06
B07QGG9S5G,2023-12-04
B07QGG9S5G,2024-01-01
B07QGG9S5G,2024-01-29
B07QGG9YXT,2023-02-27
B07QGG9YXT,2023-03-27
B07QGG9YXT,2023-04-24
B07QGG9YXT,2023-05-22
B07QGG9YXT,2023-06-19
B07QGG9YXT,2023-07-17
B07QGG9YXT,2023-08-14
B07QGG9YXT,2023-09-11
B07QGG9YXT,2023-10-09
B07QGG9YXT,2023-11-06
B07QGG9YXT,2023-12-04
B07QGG9YXT,2024-01-01
B07QGG9YXT,2024-01-29
B07QGG9YZD,2023-02-27
B07QGG9YZD,2023-03-27
B07QGG9YZD,2023-04-24
B07QGG9YZD,2023-05-22
B07QGG9YZD,2023-06-19
B07QGG9YZD,2023-07-17
B07QGG9YZD,2023-08-14
B07QGG9YZD,2023-09-11
B07QGG9YZD,2023-10-09
B07QGG9YZD,2023-11-06
B07QGG9YZD,2023-12-04
B07QGG9YZD,2024-01-01
B07QGG9YZD,2024-01-29
B07QGHTQW9,2023-02-27
B07QGHTQW9,2023-03-27
B07QGHTQW9,2023-04-24
B07QGHTQW9,2023-05-22
B07QGHTQW9,2023-06-19
B07QGHTQW9,2023-07-17
B07QGHTQW9,2023-08-14
B07QGHTQW9,2023-09-11
B07QGHTQW9,2023-10-09
B07QGHTQW9,2023-11-06
B07QGHTQW9,2023-12-04
B07QGHTQW9,2024-01-01
B07QGHTQW9,2024-01-29
B07QHL58HM,2023-02-27
B07QHL58HM,2023-03-27
B07QHL58HM,2023-04-24
B07QHL58HM,2023-05-22
B07QHL58HM,2023-06-19
B07QHL58HM,2023-07-17
B07QHL58HM,2023-08-14
B07QHL58HM,2023-09-11
B07QHL58HM,2023-10-09
B07QHL58HM,2023-11-06
B07QHL58HM,2023-12-04
B07QHL58HM,2024-01-01
B07QHL58HM,2024-01-29
B07QHMFXM1,2023-02-27
B07QHMFXM1,2023-03-27
B07QHMFXM1,2023-04-24
B07QHMFXM1,2023-05-22
B07QHMFXM1,2023-06-19
B07QHMFXM1,2023-07-17
B07QHMFXM1,2023-08-14
B07QHMFXM1,2023-09-11
B07QHMFXM1,2023-10-09
B07QHMFXM1,2023-11-06
B07QHMFXM1,2023-12-04
B07QHMFXM1,2024-01-01
B07QHMFXM1,2024-01-29
B07QLBQKBN,2023-02-27
B07QLBQKBN,2023-03-27
B07QLBQKBN,2023-04-24
B07QLBQKBN,2023-05-22
B07QLBQKBN,2023-06-19
B07QLBQKBN,2023-07-17
B07QLBQKBN,2023-08-14
B07QLBQKBN,2023-09-11
B07QLBQKBN,2023-10-09
B07QLBQKBN,2023-11-06
B07QLBQKBN,2023-12-04
B07QLBQKBN,2024-01-01
B07QLBQKBN,2024-01-29
B07QM1R5RP,2023-02-27
B07QM1R5RP,2023-03-27
B07QM1R5RP,2023-04-24
B07QM1R5RP,2023-05-22
B07QM1R5RP,2023-06-19
B07QM1R5RP,2023-07-17
B07QM1R5RP,2023-08-14
B07QM1R5RP,2023-09-11
B07QM1R5RP,2023-10-09
B07QM1R5RP,2023-11-06
B07QM1R5RP,2023-12-04
B07QM1R5RP,2024-01-01
B07QM1R5RP,2024-01-29
B07QNS5V4C,2023-02-27
B07QNS5V4C,2023-03-27
B07QNS5V4C,2023-04-24
B07QNS5V4C,2023-05-22
B07QNS5V4C,2023-06-19
B07QNS5V4C,2023-07-17
B07QNS5V4C,2023-08-14
B07QNS5V4C,2023-09-11
B07QNS5V4C,2023-10-09
B07QNS5V4C,2023-11-06
B07QNS5V4C,2023-12-04
B07QNS5V4C,2024-01-01
B07QNS5V4C,2024-01-29
B07QPDG12Y,2023-02-27
B07QPDG12Y,2023-03-27
B07QPDG12Y,2023-04-24
B07QPDG12Y,2023-05-22
B07QPDG12Y,2023-06-19
B07QPDG12Y,2023-07-17
B07QPDG12Y,2023-08-14
B07QPDG12Y,2023-09-11
B07QPDG12Y,2023-10-09
B07QPDG12Y,2023-11-06
B07QPDG12Y,2023-12-04
B07QPDG12Y,2024-01-01
B07QPDG12Y,2024-01-29
B07QQV562K,2023-02-27
B07QQV562K,2023-03-27
B07QQV562K,2023-04-24
B07QQV562K,2023-05-22
B07QQV562K,2023-06-19
B07QQV562K,2023-07-17
B07QQV562K,2023-08-14
B07QQV562K,2023-09-11
B07QQV562K,2023-10-09
B07QQV562K,2023-11-06
B07QQV562K,2023-12-04
B07QQV562K,2024-01-01
B07QQV562K,2024-01-29
B07QRTRSTP,2023-02-27
B07QRTRSTP,2023-03-27
B07QRTRSTP,2023-04-24
B07QRTRSTP,2023-05-22
B07QRTRSTP,2023-06-19
B07QRTRSTP,2023-07-17
B07QRTRSTP,2023-08-14
B07QRTRSTP,2023-09-11
B07QRTRSTP,2023-10-09
B07QRTRSTP,2023-11-06
B07QRTRSTP,2023-12-04
B07QRTRSTP,2024-01-01
B07QRTRSTP,2024-01-29
B07QTKP8T9,2023-02-27
B07QTKP8T9,2023-03-27
B07QTKP8T9,2023-04-24
B07QTKP8T9,2023-05-22
B07QTKP8T9,2023-06-19
B07QTKP8T9,2023-07-17
B07QTKP8T9,2023-08-14
B07QTKP8T9,2023-09-11
B07QTKP8T9,2023-10-09
B07QTKP8T9,2023-11-06
B07QTKP8T9,2023-12-04
B07QTKP8T9,2024-01-01
B07QTKP8T9,2024-01-29
B07QX4GXG1,2023-02-27
B07QX4GXG1,2023-03-27
B07QX4GXG1,2023-04-24
B07QX4GXG1,2023-05-22
B07QX4GXG1,2023-06-19
B07QX4GXG1,2023-07-17
B07QX4GXG1,2023-08-14
B07QX4GXG1,2023-09-11
B07QX4GXG1,2023-10-09
B07QX4GXG1,2023-11-06
B07QX4GXG1,2023-12-04
B07QX4GXG1,2024-01-01
B07QX4GXG1,2024-01-29
B07QXM2V9Y,2023-08-14
B07QXM2V9Y,2023-09-11
B07QXM2V9Y,2023-10-09
B07QXM2V9Y,2023-11-06
B07QXM2V9Y,2023-12-04
B07QXM2V9Y,2024-01-01
B07QXM2V9Y,2024-01-29
B07QZTR7PL,2023-02-27
B07QZTR7PL,2023-03-27
B07QZTR7PL,2023-04-24
B07QZTR7PL,2023-05-22
B07QZTR7PL,2023-06-19
B07QZTR7PL,2023-07-17
B07QZTR7PL,2023-08-14
B07QZTR7PL,2023-09-11
B07QZTR7PL,2023-10-09
B07QZTR7PL,2023-11-06
B07QZTR7PL,2023-12-04
B07QZTR7PL,2024-01-01
B07QZTR7PL,2024-01-29
B07R7LWJN9,2023-02-27
B07R7LWJN9,2023-03-27
B07R7LWJN9,2023-04-24
B07R7LWJN9,2023-05-22
B07R7LWJN9,2023-06-19
B07R7LWJN9,2023-07-17
B07R7LWJN9,2023-08-14
B07R7LWJN9,2023-09-11
B07R7LWJN9,2023-10-09
B07R7LWJN9,2023-11-06
B07R7LWJN9,2023-12-04
B07R7LWJN9,2024-01-01
B07R7LWJN9,2024-01-29
B07R8RWXJG,2023-02-27
B07R8RWXJG,2023-03-27
B07R8RWXJG,2023-04-24
B07R8RWXJG,2023-05-22
B07R8RWXJG,2023-06-19
B07R8RWXJG,2023-07-17
B07R8RWXJG,2023-08-14
B07R8RWXJG,2023-09-11
B07R8RWXJG,2023-10-09
B07R8RWXJG,2023-11-06
B07R8RWXJG,2023-12-04
B07R8RWXJG,2024-01-01
B07R8RWXJG,2024-01-29
B07R9G8QDJ,2023-02-27
B07R9G8QDJ,2023-03-27
B07R9G8QDJ,2023-04-24
B07R9G8QDJ,2023-05-22
B07R9G8QDJ,2023-06-19
B07R9G8QDJ,2023-07-17
B07R9G8QDJ,2023-08-14
B07R9G8QDJ,2023-09-11
B07R9G8QDJ,2023-10-09
B07R9G8QDJ,2023-11-06
B07R9G8QDJ,2023-12-04
B07R9G8QDJ,2024-01-01
B07R9G8QDJ,2024-01-29
B07RBB7PZM,2023-02-27
B07RBB7PZM,2023-03-27
B07RBB7PZM,2023-04-24
B07RBB7PZM,2023-05-22
B07RBB7PZM,2023-06-19
B07RBB7PZM,2023-07-17
B07RBB7PZM,2023-08-14
B07RBB7PZM,2023-09-11
B07RBB7PZM,2023-10-09
B07RBB7PZM,2023-11-06
B07RBB7PZM,2023-12-04
B07RBB7PZM,2024-01-01
B07RBB7PZM,2024-01-29
B07RC6FCH6,2023-02-27
B07RC6FCH6,2023-03-27
B07RC6FCH6,2023-04-24
B07RC6FCH6,2023-05-22
B07RC6FCH6,2023-06-19
B07RC6FCH6,2023-07-17
B07RC6FCH6,2023-08-14
B07RC6FCH6,2023-09-11
B07RC6FCH6,2023-10-09
B07RC6FCH6,2023-11-06
B07RC6FCH6,2023-12-04
B07RC6FCH6,2024-01-01
B07RC6FCH6,2024-01-29
B07RCZTXX4,2023-02-27
B07RCZTXX4,2023-03-27
B07RCZTXX4,2023-04-24
B07RCZTXX4,2023-05-22
B07RCZTXX4,2023-06-19
B07RCZTXX4,2023-07-17
B07RCZTXX4,2023-08-14
B07RCZTXX4,2023-09-11
B07RCZTXX4,2023-10-09
B07RCZTXX4,2023-11-06
B07RCZTXX4,2023-12-04
B07RCZTXX4,2024-01-01
B07RCZTXX4,2024-01-29
B07RF2PQWL,2023-02-27
B07RF2PQWL,2023-03-27
B07RF2PQWL,2023-04-24
B07RF2PQWL,2023-05-22
B07RF2PQWL,2023-06-19
B07RF2PQWL,2023-07-17
B07RF2PQWL,2023-08-14
B07RF2PQWL,2023-09-11
B07RF2PQWL,2023-10-09
B07RF2PQWL,2023-11-06
B07RF2PQWL,2023-12-04
B07RF2PQWL,2024-01-01
B07RF2PQWL,2024-01-29
B07RF9W8MD,2023-03-27
B07RF9W8MD,2023-04-24
B07RF9W8MD,2023-05-22
B07RF9W8MD,2023-06-19
B07RF9W8MD,2023-07-17
B07RF9W8MD,2023-08-14
B07RF9W8MD,2023-09-11
B07RF9W8MD,2023-10-09
B07RF9W8MD,2023-11-06
B07RF9W8MD,2023-12-04
B07RF9W8MD,2024-01-01
B07RF9W8MD,2024-01-29
B07RFN6W62,2023-02-27
B07RFN6W62,2023-03-27
B07RFN6W62,2023-04-24
B07RFN6W62,2023-05-22
B07RFN6W62,2023-06-19
B07RFN6W62,2023-07-17
B07RFN6W62,2023-08-14
B07RFN6W62,2023-09-11
B07RFN6W62,2023-10-09
B07RFN6W62,2023-11-06
B07RFN6W62,2023-12-04
B07RFN6W62,2024-01-01
B07RFN6W62,2024-01-29
B07RGVRLLC,2023-02-27
B07RGVRLLC,2023-03-27
B07RGVRLLC,2023-04-24
B07RGVRLLC,2023-05-22
B07RGVRLLC,2023-06-19
B07RGVRLLC,2023-07-17
B07RGVRLLC,2023-08-14
B07RGVRLLC,2023-09-11
B07RGVRLLC,2023-10-09
B07RGVRLLC,2023-11-06
B07RGVRLLC,2023-12-04
B07RGVRLLC,2024-01-01
B07RGVRLLC,2024-01-29
B07RH1J7F4,2023-11-06
B07RH1J7F4,2023-12-04
B07RH1J7F4,2024-01-01
B07RH1J7F4,2024-01-29
B07RJ328PM,2023-02-27
B07RJ328PM,2023-03-27
B07RJ328PM,2023-04-24
B07RJ328PM,2023-05-22
B07RJ328PM,2023-06-19
B07RJ328PM,2023-07-17
B07RJ328PM,2023-08-14
B07RJ328PM,2023-09-11
B07RJ328PM,2023-10-09
B07RJ328PM,2023-11-06
B07RJ328PM,2023-12-04
B07RJ328PM,2024-01-01
B07RJ328PM,2024-01-29
B07RJGN2VH,2023-02-27
B07RJGN2VH,2023-03-27
B07RJGN2VH,2023-04-24
B07RJGN2VH,2023-05-22
B07RJGN2VH,2023-06-19
B07RJGN2VH,2023-07-17
B07RJGN2VH,2023-08-14
B07RJGN2VH,2023-09-11
B07RJGN2VH,2023-10-09
B07RJGN2VH,2023-11-06
B07RJGN2VH,2023-12-04
B07RJGN2VH,2024-01-01
B07RJGN2VH,2024-01-29
B07RKY72RD,2023-02-27
B07RKY72RD,2023-03-27
B07RKY72RD,2023-04-24
B07RKY72RD,2023-05-22
B07RKY72RD,2023-06-19
B07RKY72RD,2023-07-17
B07RKY72RD,2023-08-14
B07RKY72RD,2023-09-11
B07RKY72RD,2023-10-09
B07RKY72RD,2023-11-06
B07RKY72RD,2023-12-04
B07RKY72RD,2024-01-01
B07RKY72RD,2024-01-29
B07RM8KGDW,2023-02-27
B07RM8KGDW,2023-03-27
B07RM8KGDW,2023-04-24
B07RM8KGDW,2023-05-22
B07RM8KGDW,2023-06-19
B07RM8KGDW,2023-07-17
B07RM8KGDW,2023-08-14
B07RM8KGDW,2023-09-11
B07RM8KGDW,2023-10-09
B07RM8KGDW,2023-11-06
B07RM8KGDW,2023-12-04
B07RM8KGDW,2024-01-01
B07RM8KGDW,2024-01-29
B07RMCGP21,2023-02-27
B07RMCGP21,2023-03-27
B07RMCGP21,2023-04-24
B07RMCGP21,2023-05-22
B07RMCGP21,2023-06-19
B07RMCGP21,2023-07-17
B07RMCGP21,2023-08-14
B07RMCGP21,2023-09-11
B07RMCGP21,2023-10-09
B07RMCGP21,2023-11-06
B07RMCGP21,2023-12-04
B07RMCGP21,2024-01-01
B07RMCGP21,2024-01-29
B07RQX66ZV,2023-02-27
B07RQX66ZV,2023-03-27
B07RQX66ZV,2023-04-24
B07RQX66ZV,2023-05-22
B07RQX66ZV,2023-06-19
B07RQX66ZV,2023-07-17
B07RQX66ZV,2023-08-14
B07RQX66ZV,2023-09-11
B07RQX66ZV,2023-10-09
B07RQX66ZV,2023-11-06
B07RQX66ZV,2023-12-04
B07RQX66ZV,2024-01-01
B07RQX66ZV,2024-01-29
B07RTPDSZ3,2023-02-27
B07RTPDSZ3,2023-03-27
B07RTPDSZ3,2023-04-24
B07RTPDSZ3,2023-05-22
B07RTPDSZ3,2023-06-19
B07RTPDSZ3,2023-07-17
B07RTPDSZ3,2023-08-14
B07RTPDSZ3,2023-09-11
B07RTPDSZ3,2023-10-09
B07RTPDSZ3,2023-11-06
B07RTPDSZ3,2023-12-04
B07RTPDSZ3,2024-01-01
B07RTPDSZ3,2024-01-29
B07S2GG7MP,2023-10-09
B07S2GG7MP,2023-11-06
B07S2GG7MP,2023-12-04
B07S2GG7MP,2024-01-01
B07S2GG7MP,2024-01-29
B07S64N8P2,2023-02-27
B07S64N8P2,2023-03-27
B07S64N8P2,2023-04-24
B07S64N8P2,2023-05-22
B07S64N8P2,2023-06-19
B07S64N8P2,2023-07-17
B07S64N8P2,2023-08-14
B07S64N8P2,2023-09-11
B07S64N8P2,2023-10-09
B07S64N8P2,2023-11-06
B07S64N8P2,2023-12-04
B07S64N8P2,2024-01-01
B07S64N8P2,2024-01-29
B07SFWN2TS,2023-02-27
B07SFWN2TS,2023-03-27
B07SFWN2TS,2023-04-24
B07SFWN2TS,2023-05-22
B07SFWN2TS,2023-06-19
B07SFWN2TS,2023-07-17
B07SFWN2TS,2023-08-14
B07SFWN2TS,2023-09-11
B07SFWN2TS,2023-10-09
B07SFWN2TS,2023-11-06
B07SFWN2TS,2023-12-04
B07SFWN2TS,2024-01-01
B07SFWN2TS,2024-01-29
B07SH19FBL,2023-02-27
B07SH19FBL,2023-03-27
B07SH19FBL,2023-04-24
B07SH19FBL,2023-05-22
B07SH19FBL,2023-06-19
B07SH19FBL,2023-07-17
B07SH19FBL,2023-08-14
B07SH19FBL,2023-09-11
B07SH19FBL,2023-10-09
B07SH19FBL,2023-11-06
B07SH19FBL,2023-12-04
B07SH19FBL,2024-01-01
B07SH19FBL,2024-01-29
B07SHZMHM5,2023-02-27
B07SHZMHM5,2023-03-27
B07SHZMHM5,2023-04-24
B07SHZMHM5,2023-05-22
B07SHZMHM5,2023-06-19
B07SHZMHM5,2023-07-17
B07SHZMHM5,2023-08-14
B07SHZMHM5,2023-09-11
B07SHZMHM5,2023-10-09
B07SHZMHM5,2023-11-06
B07SHZMHM5,2023-12-04
B07SHZMHM5,2024-01-01
B07SHZMHM5,2024-01-29
B07SZLK6HC,2023-02-27
B07SZLK6HC,2023-03-27
B07SZLK6HC,2023-04-24
B07SZLK6HC,2023-05-22
B07SZLK6HC,2023-06-19
B07SZLK6HC,2023-07-17
B07SZLK6HC,2023-08-14
B07SZLK6HC,2023-09-11
B07SZLK6HC,2023-10-09
B07SZLK6HC,2023-11-06
B07SZLK6HC,2023-12-04
B07SZLK6HC,2024-01-01
B07SZLK6HC,2024-01-29
B07T1MK21S,2023-02-27
B07T1MK21S,2023-03-27
B07T1MK21S,2023-04-24
B07T1MK21S,2023-05-22
B07T1MK21S,2023-06-19
B07T1MK21S,2023-07-17
B07T1MK21S,2023-08-14
B07T1MK21S,2023-09-11
B07T1MK21S,2023-10-09
B07T1MK21S,2023-11-06
B07T1MK21S,2023-12-04
B07T1MK21S,2024-01-01
B07T1MK21S,2024-01-29
B07T3GWPWP,2023-06-19
B07T3GWPWP,2023-07-17
B07T3GWPWP,2023-08-14
B07T3GWPWP,2023-09-11
B07T3GWPWP,2023-10-09
B07T3GWPWP,2023-11-06
B07T3GWPWP,2023-12-04
B07T3GWPWP,2024-01-01
B07T3GWPWP,2024-01-29
B07T44B6SX,2023-03-27
B07T44B6SX,2023-04-24
B07T44B6SX,2023-05-22
B07T44B6SX,2023-06-19
B07T44B6SX,2023-07-17
B07T44B6SX,2023-08-14
B07T44B6SX,2023-09-11
B07T44B6SX,2023-10-09
B07T44B6SX,2023-11-06
B07T44B6SX,2023-12-04
B07T44B6SX,2024-01-01
B07T44B6SX,2024-01-29
B07T5X69TZ,2023-02-27
B07T5X69TZ,2023-03-27
B07T5X69TZ,2023-04-24
B07T5X69TZ,2023-05-22
B07T5X69TZ,2023-06-19
B07T5X69TZ,2023-07-17
B07T5X69TZ,2023-08-14
B07T5X69TZ,2023-09-11
B07T5X69TZ,2023-10-09
B07T5X69TZ,2023-11-06
B07T5X69TZ,2023-12-04
B07T5X69TZ,2024-01-01
B07T5X69TZ,2024-01-29
B07T5YHL4D,2023-02-27
B07T5YHL4D,2023-03-27
B07T5YHL4D,2023-04-24
B07T5YHL4D,2023-05-22
B07T5YHL4D,2023-06-19
B07T5YHL4D,2023-07-17
B07T5YHL4D,2023-08-14
B07T5YHL4D,2023-09-11
B07T5YHL4D,2023-10-09
B07T5YHL4D,2023-11-06
B07T5YHL4D,2023-12-04
B07T5YHL4D,2024-01-01
B07T5YHL4D,2024-01-29
B07T8J3JHF,2023-02-27
B07T8J3JHF,2023-03-27
B07T8J3JHF,2023-04-24
B07T8J3JHF,2023-05-22
B07T8J3JHF,2023-06-19
B07T8J3JHF,2023-07-17
B07T8J3JHF,2023-08-14
B07T8J3JHF,2023-09-11
B07T8J3JHF,2023-10-09
B07T8J3JHF,2023-11-06
B07T8J3JHF,2023-12-04
B07T8J3JHF,2024-01-01
B07T8J3JHF,2024-01-29
B07TBM8KM9,2023-02-27
B07TBM8KM9,2023-03-27
B07TBM8KM9,2023-04-24
B07TBM8KM9,2023-05-22
B07TBM8KM9,2023-06-19
B07TBM8KM9,2023-07-17
B07TBM8KM9,2023-08-14
B07TBM8KM9,2023-09-11
B07TBM8KM9,2023-10-09
B07TBM8KM9,2023-11-06
B07TBM8KM9,2023-12-04
B07TBM8KM9,2024-01-01
B07TBM8KM9,2024-01-29
B07TBMQB52,2023-02-27
B07TBMQB52,2023-03-27
B07TBMQB52,2023-04-24
B07TBMQB52,2023-05-22
B07TBMQB52,2023-06-19
B07TBMQB52,2023-07-17
B07TBMQB52,2023-08-14
B07TBMQB52,2023-09-11
B07TBMQB52,2023-10-09
B07TBMQB52,2023-11-06
B07TBMQB52,2023-12-04
B07TBMQB52,2024-01-01
B07TBMQB52,2024-01-29
B07TBMWVQL,2023-02-27
B07TBMWVQL,2023-03-27
B07TBMWVQL,2023-04-24
B07TBMWVQL,2023-05-22
B07TBMWVQL,2023-06-19
B07TBMWVQL,2023-07-17
B07TBMWVQL,2023-08-14
B07TBMWVQL,2023-09-11
B07TBMWVQL,2023-10-09
B07TBMWVQL,2023-11-06
B07TBMWVQL,2023-12-04
B07TBMWVQL,2024-01-01
B07TBMWVQL,2024-01-29
B07TCMRDNZ,2023-11-06
B07TCMRDNZ,2023-12-04
B07TCMRDNZ,2024-01-01
B07TCMRDNZ,2024-01-29
B07TCN7VWP,2023-02-27
B07TCN7VWP,2023-03-27
B07TCN7VWP,2023-04-24
B07TCN7VWP,2023-05-22
B07TCN7VWP,2023-06-19
B07TCN7VWP,2023-07-17
B07TCN7VWP,2023-08-14
B07TCN7VWP,2023-09-11
B07TCN7VWP,2023-10-09
B07TCN7VWP,2023-11-06
B07TCN7VWP,2023-12-04
B07TCN7VWP,2024-01-01
B07TCN7VWP,2024-01-29
B07TCNBQFD,2023-02-27
B07TCNBQFD,2023-03-27
B07TCNBQFD,2023-04-24
B07TCNBQFD,2023-05-22
B07TCNBQFD,2023-06-19
B07TCNBQFD,2023-07-17
B07TCNBQFD,2023-08-14
B07TCNBQFD,2023-09-11
B07TCNBQFD,2023-10-09
B07TCNBQFD,2023-11-06
B07TCNBQFD,2023-12-04
B07TCNBQFD,2024-01-01
B07TCNBQFD,2024-01-29
B07TCPH36H,2023-02-27
B07TCPH36H,2023-03-27
B07TCPH36H,2023-04-24
B07TCPH36H,2023-05-22
B07TCPH36H,2023-06-19
B07TCPH36H,2023-07-17
B07TCPH36H,2023-08-14
B07TCPH36H,2023-09-11
B07TCPH36H,2023-10-09
B07TCPH36H,2023-11-06
B07TCPH36H,2023-12-04
B07TCPH36H,2024-01-01
B07TCPH36H,2024-01-29
B07TCPT129,2023-03-27
B07TCPT129,2023-04-24
B07TCPT129,2023-05-22
B07TCPT129,2023-06-19
B07TCPT129,2023-07-17
B07TCPT129,2023-08-14
B07TCPT129,2023-09-11
B07TCPT129,2023-10-09
B07TCPT129,2023-11-06
B07TCPT129,2023-12-04
B07TCPT129,2024-01-01
B07TCPT129,2024-01-29
B07TD66TLN,2023-02-27
B07TD66TLN,2023-03-27
B07TD66TLN,2023-04-24
B07TD66TLN,2023-05-22
B07TD66TLN,2023-06-19
B07TD66TLN,2023-07-17
B07TD66TLN,2023-08-14
B07TD66TLN,2023-09-11
B07TD66TLN,2023-10-09
B07TD66TLN,2023-11-06
B07TD66TLN,2023-12-04
B07TD66TLN,2024-01-01
B07TD66TLN,2024-01-29
B07TDMNW6Y,2023-04-24
B07TDMNW6Y,2023-05-22
B07TDMNW6Y,2023-06-19
B07TDMNW6Y,2023-07-17
B07TDMNW6Y,2023-08-14
B07TDMNW6Y,2023-09-11
B07TDMNW6Y,2023-10-09
B07TDMNW6Y,2023-11-06
B07TDMNW6Y,2023-12-04
B07TDMNW6Y,2024-01-01
B07TDMNW6Y,2024-01-29
B07THL43RV,2023-02-27
B07THL43RV,2023-03-27
B07THL43RV,2023-04-24
B07THL43RV,2023-05-22
B07THL43RV,2023-06-19
B07THL43RV,2023-07-17
B07THL43RV,2023-08-14
B07THL43RV,2023-09-11
B07THL43RV,2023-10-09
B07THL43RV,2023-11-06
B07THL43RV,2023-12-04
B07THL43RV,2024-01-01
B07THL43RV,2024-01-29
B07TJYK5S6,2023-02-27
B07TJYK5S6,2023-03-27
B07TJYK5S6,2023-04-24
B07TJYK5S6,2023-05-22
B07TJYK5S6,2023-06-19
B07TJYK5S6,2023-07-17
B07TJYK5S6,2023-08-14
B07TJYK5S6,2023-09-11
B07TJYK5S6,2023-10-09
B07TJYK5S6,2023-11-06
B07TJYK5S6,2023-12-04
B07TJYK5S6,2024-01-01
B07TJYK5S6,2024-01-29
B07TKB6N41,2023-02-27
B07TKB6N41,2023-03-27
B07TKB6N41,2023-04-24
B07TKB6N41,2023-05-22
B07TKB6N41,2023-06-19
B07TKB6N41,2023-07-17
B07TKB6N41,2023-08-14
B07TKB6N41,2023-09-11
B07TKB6N41,2023-10-09
B07TKB6N41,2023-11-06
B07TKB6N41,2023-12-04
B07TKB6N41,2024-01-01
B07TKB6N41,2024-01-29
B07TKDFBS9,2023-02-27
B07TKDFBS9,2023-03-27
B07TKDFBS9,2023-04-24
B07TKDFBS9,2023-05-22
B07TKDFBS9,2023-06-19
B07TKDFBS9,2023-07-17
B07TKDFBS9,2023-08-14
B07TKDFBS9,2023-09-11
B07TKDFBS9,2023-10-09
B07TKDFBS9,2023-11-06
B07TKDFBS9,2023-12-04
B07TKDFBS9,2024-01-01
B07TKDFBS9,2024-01-29
B07TLT49FP,2023-02-27
B07TLT49FP,2023-03-27
B07TLT49FP,2023-04-24
B07TLT49FP,2023-05-22
B07TLT49FP,2023-06-19
B07TLT49FP,2023-07-17
B07TLT49FP,2023-08-14
B07TLT49FP,2023-09-11
B07TLT49FP,2023-10-09
B07TLT49FP,2023-11-06
B07TLT49FP,2023-12-04
B07TLT49FP,2024-01-01
B07TLT49FP,2024-01-29
B07TMXSBB2,2024-01-29
B07TSRW3CH,2023-02-27
B07TSRW3CH,2023-03-27
B07TSRW3CH,2023-04-24
B07TSRW3CH,2023-05-22
B07TSRW3CH,2023-06-19
B07TSRW3CH,2023-07-17
B07TSRW3CH,2023-08-14
B07TSRW3CH,2023-09-11
B07TSRW3CH,2023-10-09
B07TSRW3CH,2023-11-06
B07TSRW3CH,2023-12-04
B07TSRW3CH,2024-01-01
B07TSRW3CH,2024-01-29
B07TVSTFWW,2023-02-27
B07TVSTFWW,2023-03-27
B07TVSTFWW,2023-04-24
B07TVSTFWW,2023-05-22
B07TVSTFWW,2023-06-19
B07TVSTFWW,2023-07-17
B07TVSTFWW,2023-08-14
B07TVSTFWW,2023-09-11
B07TVSTFWW,2023-10-09
B07TVSTFWW,2023-11-06
B07TVSTFWW,2023-12-04
B07TVSTFWW,2024-01-01
B07TVSTFWW,2024-01-29
B07TWKD7NC,2023-02-27
B07TWKD7NC,2023-03-27
B07TWKD7NC,2023-04-24
B07TWKD7NC,2023-05-22
B07TWKD7NC,2023-06-19
B07TWKD7NC,2023-07-17
B07TWKD7NC,2023-08-14
B07TWKD7NC,2023-09-11
B07TWKD7NC,2023-10-09
B07TWKD7NC,2023-11-06
B07TWKD7NC,2023-12-04
B07TWKD7NC,2024-01-01
B07TWKD7NC,2024-01-29
B07TZLH8ZP,2023-02-27
B07TZLH8ZP,2023-03-27
B07TZLH8ZP,2023-04-24
B07TZLH8ZP,2023-05-22
B07TZLH8ZP,2023-06-19
B07TZLH8ZP,2023-07-17
B07TZLH8ZP,2023-08-14
B07TZLH8ZP,2023-09-11
B07TZLH8ZP,2023-10-09
B07TZLH8ZP,2023-11-06
B07TZLH8ZP,2023-12-04
B07TZLH8ZP,2024-01-01
B07TZLH8ZP,2024-01-29
B07V4T3LHD,2023-02-27
B07V4T3LHD,2023-03-27
B07V4T3LHD,2023-04-24
B07V4T3LHD,2023-05-22
B07V4T3LHD,2023-06-19
B07V4T3LHD,2023-07-17
B07V4T3LHD,2023-08-14
B07V4T3LHD,2023-09-11
B07V4T3LHD,2023-10-09
B07V4T3LHD,2023-11-06
B07V4T3LHD,2023-12-04
B07V4T3LHD,2024-01-01
B07V4T3LHD,2024-01-29
B07V64C9L9,2023-02-27
B07V64C9L9,2023-03-27
B07V64C9L9,2023-04-24
B07V64C9L9,2023-05-22
B07V64C9L9,2023-06-19
B07V64C9L9,2023-07-17
B07V64C9L9,2023-08-14
B07V64C9L9,2023-09-11
B07V64C9L9,2023-10-09
B07V64C9L9,2023-11-06
B07V64C9L9,2023-12-04
B07V64C9L9,2024-01-01
B07V64C9L9,2024-01-29
B07V6ZSRXB,2023-02-27
B07V6ZSRXB,2023-03-27
B07V6ZSRXB,2023-04-24
B07V6ZSRXB,2023-05-22
B07V6ZSRXB,2023-06-19
B07V6ZSRXB,2023-07-17
B07V6ZSRXB,2023-08-14
B07V6ZSRXB,2023-09-11
B07V6ZSRXB,2023-10-09
B07V6ZSRXB,2023-11-06
B07V6ZSRXB,2023-12-04
B07V6ZSRXB,2024-01-01
B07V6ZSRXB,2024-01-29
B07V81SQ86,2023-02-27
B07V81SQ86,2023-03-27
B07V81SQ86,2023-04-24
B07V81SQ86,2023-05-22
B07V81SQ86,2023-06-19
B07V81SQ86,2023-07-17
B07V81SQ86,2023-08-14
B07V81SQ86,2023-09-11
B07V81SQ86,2023-10-09
B07V81SQ86,2023-11-06
B07V81SQ86,2023-12-04
B07V81SQ86,2024-01-01
B07V81SQ86,2024-01-29
B07V89PMC3,2023-02-27
B07V89PMC3,2023-03-27
B07V89PMC3,2023-04-24
B07V89PMC3,2023-05-22
B07V89PMC3,2023-06-19
B07V89PMC3,2023-07-17
B07V89PMC3,2023-08-14
B07V89PMC3,2023-09-11
B07V89PMC3,2023-10-09
B07V89PMC3,2023-11-06
B07V89PMC3,2023-12-04
B07V89PMC3,2024-01-01
B07V89PMC3,2024-01-29
B07V8RWXS3,2023-02-27
B07V8RWXS3,2023-03-27
B07V8RWXS3,2023-04-24
B07V8RWXS3,2023-05-22
B07V8RWXS3,2023-06-19
B07V8RWXS3,2023-07-17
B07V8RWXS3,2023-08-14
B07V8RWXS3,2023-09-11
B07V8RWXS3,2023-10-09
B07V8RWXS3,2023-11-06
B07V8RWXS3,2023-12-04
B07V8RWXS3,2024-01-01
B07V8RWXS3,2024-01-29
B07VBBH2QS,2023-02-27
B07VBBH2QS,2023-03-27
B07VBBH2QS,2023-04-24
B07VBBH2QS,2023-05-22
B07VBBH2QS,2023-06-19
B07VBBH2QS,2023-07-17
B07VBBH2QS,2023-08-14
B07VBBH2QS,2023-09-11
B07VBBH2QS,2023-10-09
B07VBBH2QS,2023-11-06
B07VBBH2QS,2023-12-04
B07VBBH2QS,2024-01-01
B07VBBH2QS,2024-01-29
B07VCLZJY4,2023-02-27
B07VCLZJY4,2023-03-27
B07VCLZJY4,2023-04-24
B07VCLZJY4,2023-05-22
B07VCLZJY4,2023-06-19
B07VCLZJY4,2023-07-17
B07VCLZJY4,2023-08-14
B07VCLZJY4,2023-09-11
B07VCLZJY4,2023-10-09
B07VCLZJY4,2023-11-06
B07VCLZJY4,2023-12-04
B07VCLZJY4,2024-01-01
B07VCLZJY4,2024-01-29
B07VFNJQRG,2023-02-27
B07VFNJQRG,2023-03-27
B07VFNJQRG,2023-04-24
B07VFNJQRG,2023-05-22
B07VFNJQRG,2023-06-19
B07VFNJQRG,2023-07-17
B07VFNJQRG,2023-08-14
B07VFNJQRG,2023-09-11
B07VFNJQRG,2023-10-09
B07VFNJQRG,2023-11-06
B07VFNJQRG,2023-12-04
B07VFNJQRG,2024-01-01
B07VFNJQRG,2024-01-29
B07VFNVJ6Q,2023-02-27
B07VFNVJ6Q,2023-03-27
B07VFNVJ6Q,2023-04-24
B07VFNVJ6Q,2023-05-22
B07VFNVJ6Q,2023-06-19
B07VFNVJ6Q,2023-07-17
B07VFNVJ6Q,2023-08-14
B07VFNVJ6Q,2023-09-11
B07VFNVJ6Q,2023-10-09
B07VFNVJ6Q,2023-11-06
B07VFNVJ6Q,2023-12-04
B07VFNVJ6Q,2024-01-01
B07VFNVJ6Q,2024-01-29
B07VFY6YVM,2023-02-27
B07VFY6YVM,2023-03-27
B07VFY6YVM,2023-04-24
B07VFY6YVM,2023-05-22
B07VFY6YVM,2023-06-19
B07VFY6YVM,2023-07-17
B07VFY6YVM,2023-08-14
B07VFY6YVM,2023-09-11
B07VFY6YVM,2023-10-09
B07VFY6YVM,2023-11-06
B07VFY6YVM,2023-12-04
B07VFY6YVM,2024-01-01
B07VFY6YVM,2024-01-29
B07VJK1TX5,2023-02-27
B07VJK1TX5,2023-03-27
B07VJK1TX5,2023-04-24
B07VJK1TX5,2023-05-22
B07VJK1TX5,2023-06-19
B07VJK1TX5,2023-07-17
B07VJK1TX5,2023-08-14
B07VJK1TX5,2023-09-11
B07VJK1TX5,2023-10-09
B07VJK1TX5,2023-11-06
B07VJK1TX5,2023-12-04
B07VJK1TX5,2024-01-01
B07VJK1TX5,2024-01-29
B07VJXVTQT,2023-02-27
B07VJXVTQT,2023-03-27
B07VJXVTQT,2023-04-24
B07VJXVTQT,2023-05-22
B07VJXVTQT,2023-06-19
B07VJXVTQT,2023-07-17
B07VJXVTQT,2023-08-14
B07VJXVTQT,2023-09-11
B07VJXVTQT,2023-10-09
B07VJXVTQT,2023-11-06
B07VJXVTQT,2023-12-04
B07VJXVTQT,2024-01-01
B07VJXVTQT,2024-01-29
B07VKD78M4,2023-02-27
B07VKD78M4,2023-03-27
B07VKD78M4,2023-04-24
B07VKD78M4,2023-05-22
B07VKD78M4,2023-06-19
B07VKD78M4,2023-07-17
B07VKD78M4,2023-08-14
B07VKD78M4,2023-09-11
B07VKD78M4,2023-10-09
B07VKD78M4,2023-11-06
B07VKD78M4,2023-12-04
B07VKD78M4,2024-01-01
B07VKD78M4,2024-01-29
B07VNMCLQD,2023-02-27
B07VNMCLQD,2023-03-27
B07VNMCLQD,2023-04-24
B07VNMCLQD,2023-05-22
B07VNMCLQD,2023-06-19
B07VNMCLQD,2023-07-17
B07VNMCLQD,2023-08-14
B07VNMCLQD,2023-09-11
B07VNMCLQD,2023-10-09
B07VNMCLQD,2023-11-06
B07VNMCLQD,2023-12-04
B07VNMCLQD,2024-01-01
B07VNMCLQD,2024-01-29
B07VPPYL6G,2023-02-27
B07VPPYL6G,2023-03-27
B07VPPYL6G,2023-04-24
B07VPPYL6G,2023-05-22
B07VPPYL6G,2023-06-19
B07VPPYL6G,2023-07-17
B07VPPYL6G,2023-08-14
B07VPPYL6G,2023-09-11
B07VPPYL6G,2023-10-09
B07VPPYL6G,2023-11-06
B07VPPYL6G,2023-12-04
B07VPPYL6G,2024-01-01
B07VPPYL6G,2024-01-29
B07VQL18Y1,2023-02-27
B07VQL18Y1,2023-03-27
B07VQL18Y1,2023-04-24
B07VQL18Y1,2023-05-22
B07VQL18Y1,2023-06-19
B07VQL18Y1,2023-07-17
B07VQL18Y1,2023-08-14
B07VQL18Y1,2023-09-11
B07VQL18Y1,2023-10-09
B07VQL18Y1,2023-11-06
B07VQL18Y1,2023-12-04
B07VQL18Y1,2024-01-01
B07VQL18Y1,2024-01-29
B07VQLVJNX,2023-02-27
B07VQLVJNX,2023-03-27
B07VQLVJNX,2023-04-24
B07VQLVJNX,2023-05-22
B07VQLVJNX,2023-06-19
B07VQLVJNX,2023-07-17
B07VQLVJNX,2023-08-14
B07VQLVJNX,2023-09-11
B07VQLVJNX,2023-10-09
B07VQLVJNX,2023-11-06
B07VQLVJNX,2023-12-04
B07VQLVJNX,2024-01-01
B07VQLVJNX,2024-01-29
B07VR41TVX,2023-02-27
B07VR41TVX,2023-03-27
B07VR41TVX,2023-04-24
B07VR41TVX,2023-05-22
B07VR41TVX,2023-06-19
B07VR41TVX,2023-07-17
B07VR41TVX,2023-08-14
B07VR41TVX,2023-09-11
B07VR41TVX,2023-10-09
B07VR41TVX,2023-11-06
B07VR41TVX,2023-12-04
B07VR41TVX,2024-01-01
B07VR41TVX,2024-01-29
B07VR4KM1S,2023-02-27
B07VR4KM1S,2023-03-27
B07VR4KM1S,2023-04-24
B07VR4KM1S,2023-05-22
B07VR4KM1S,2023-06-19
B07VR4KM1S,2023-07-17
B07VR4KM1S,2023-08-14
B07VR4KM1S,2023-09-11
B07VR4KM1S,2023-10-09
B07VR4KM1S,2023-11-06
B07VR4KM1S,2023-12-04
B07VR4KM1S,2024-01-01
B07VR4KM1S,2024-01-29
B07VRLV3TW,2023-02-27
B07VRLV3TW,2023-03-27
B07VRLV3TW,2023-04-24
B07VRLV3TW,2023-05-22
B07VRLV3TW,2023-06-19
B07VRLV3TW,2023-07-17
B07VRLV3TW,2023-08-14
B07VRLV3TW,2023-09-11
B07VRLV3TW,2023-10-09
B07VRLV3TW,2023-11-06
B07VRLV3TW,2023-12-04
B07VRLV3TW,2024-01-01
B07VRLV3TW,2024-01-29
B07VTRFPLK,2023-02-27
B07VTRFPLK,2023-03-27
B07VTRFPLK,2023-04-24
B07VTRFPLK,2023-05-22
B07VTRFPLK,2023-06-19
B07VTRFPLK,2023-07-17
B07VTRFPLK,2023-08-14
B07VTRFPLK,2023-09-11
B07VTRFPLK,2023-10-09
B07VTRFPLK,2023-11-06
B07VTRFPLK,2023-12-04
B07VTRFPLK,2024-01-01
B07VTRFPLK,2024-01-29
B07VWC7J16,2023-02-27
B07VWC7J16,2023-03-27
B07VWC7J16,2023-04-24
B07VWC7J16,2023-05-22
B07VWC7J16,2023-06-19
B07VWC7J16,2023-07-17
B07VWC7J16,2023-08-14
B07VWC7J16,2023-09-11
B07VWC7J16,2023-10-09
B07VWC7J16,2023-11-06
B07VWC7J16,2023-12-04
B07VWC7J16,2024-01-01
B07VWC7J16,2024-01-29
B07VWL3RRT,2023-02-27
B07VWL3RRT,2023-03-27
B07VWL3RRT,2023-04-24
B07VWL3RRT,2023-05-22
B07VWL3RRT,2023-06-19
B07VWL3RRT,2023-07-17
B07VWL3RRT,2023-08-14
B07VWL3RRT,2023-09-11
B07VWL3RRT,2023-10-09
B07VWL3RRT,2023-11-06
B07VWL3RRT,2023-12-04
B07VWL3RRT,2024-01-01
B07VWL3RRT,2024-01-29
B07VX7THJP,2023-02-27
B07VX7THJP,2023-03-27
B07VX7THJP,2023-04-24
B07VX7THJP,2023-05-22
B07VX7THJP,2023-06-19
B07VX7THJP,2023-07-17
B07VX7THJP,2023-08-14
B07VX7THJP,2023-09-11
B07VX7THJP,2023-10-09
B07VX7THJP,2023-11-06
B07VX7THJP,2023-12-04
B07VX7THJP,2024-01-01
B07VX7THJP,2024-01-29
B07VZ1V924,2023-02-27
B07VZ1V924,2023-03-27
B07VZ1V924,2023-04-24
B07VZ1V924,2023-05-22
B07VZ1V924,2023-06-19
B07VZ1V924,2023-07-17
B07VZ1V924,2023-08-14
B07VZ1V924,2023-09-11
B07VZ1V924,2023-10-09
B07VZ1V924,2023-11-06
B07VZ1V924,2023-12-04
B07VZ1V924,2024-01-01
B07VZ1V924,2024-01-29
B07VZPPNRM,2023-02-27
B07VZPPNRM,2023-03-27
B07VZPPNRM,2023-04-24
B07VZPPNRM,2023-05-22
B07VZPPNRM,2023-06-19
B07VZPPNRM,2023-07-17
B07VZPPNRM,2023-08-14
B07VZPPNRM,2023-09-11
B07VZPPNRM,2023-10-09
B07VZPPNRM,2023-11-06
B07VZPPNRM,2023-12-04
B07VZPPNRM,2024-01-01
B07VZPPNRM,2024-01-29
B07VZQKP4J,2023-02-27
B07VZQKP4J,2023-03-27
B07VZQKP4J,2023-04-24
B07VZQKP4J,2023-05-22
B07VZQKP4J,2023-06-19
B07VZQKP4J,2023-07-17
B07VZQKP4J,2023-08-14
B07VZQKP4J,2023-09-11
B07VZQKP4J,2023-10-09
B07VZQKP4J,2023-11-06
B07VZQKP4J,2023-12-04
B07VZQKP4J,2024-01-01
B07VZQKP4J,2024-01-29
B07VZXP7BD,2023-02-27
B07VZXP7BD,2023-03-27
B07VZXP7BD,2023-04-24
B07VZXP7BD,2023-05-22
B07VZXP7BD,2023-06-19
B07VZXP7BD,2023-07-17
B07VZXP7BD,2023-08-14
B07VZXP7BD,2023-09-11
B07VZXP7BD,2023-10-09
B07VZXP7BD,2023-11-06
B07VZXP7BD,2023-12-04
B07VZXP7BD,2024-01-01
B07VZXP7BD,2024-01-29
B07W1ZJZRB,2023-11-06
B07W1ZJZRB,2023-12-04
B07W1ZJZRB,2024-01-01
B07W1ZJZRB,2024-01-29
B07WFPY254,2023-02-27
B07WFPY254,2023-03-27
B07WFPY254,2023-04-24
B07WFPY254,2023-05-22
B07WFPY254,2023-06-19
B07WFPY254,2023-07-17
B07WFPY254,2023-08-14
B07WFPY254,2023-09-11
B07WFPY254,2023-10-09
B07WFPY254,2023-11-06
B07WFPY254,2023-12-04
B07WFPY254,2024-01-01
B07WFPY254,2024-01-29
B07WH9Y9RK,2023-02-27
B07WH9Y9RK,2023-03-27
B07WH9Y9RK,2023-04-24
B07WH9Y9RK,2023-05-22
B07WH9Y9RK,2023-06-19
B07WH9Y9RK,2023-07-17
B07WH9Y9RK,2023-08-14
B07WH9Y9RK,2023-09-11
B07WH9Y9RK,2023-10-09
B07WH9Y9RK,2023-11-06
B07WH9Y9RK,2023-12-04
B07WH9Y9RK,2024-01-01
B07WH9Y9RK,2024-01-29
B07WJXBBCF,2023-02-27
B07WJXBBCF,2023-03-27
B07WJXBBCF,2023-04-24
B07WJXBBCF,2023-05-22
B07WJXBBCF,2023-06-19
B07WJXBBCF,2023-07-17
B07WJXBBCF,2023-08-14
B07WJXBBCF,2023-09-11
B07WJXBBCF,2023-10-09
B07WJXBBCF,2023-11-06
B07WJXBBCF,2023-12-04
B07WJXBBCF,2024-01-01
B07WJXBBCF,2024-01-29
B07WNSQB7Z,2023-02-27
B07WNSQB7Z,2023-03-27
B07WNSQB7Z,2023-04-24
B07WNSQB7Z,2023-05-22
B07WNSQB7Z,2023-06-19
B07WNSQB7Z,2023-07-17
B07WNSQB7Z,2023-08-14
B07WNSQB7Z,2023-09-11
B07WNSQB7Z,2023-10-09
B07WNSQB7Z,2023-11-06
B07WNSQB7Z,2023-12-04
B07WNSQB7Z,2024-01-01
B07WNSQB7Z,2024-01-29
B07WP7MS58,2023-02-27
B07WP7MS58,2023-03-27
B07WP7MS58,2023-04-24
B07WP7MS58,2023-05-22
B07WP7MS58,2023-06-19
B07WP7MS58,2023-07-17
B07WP7MS58,2023-08-14
B07WP7MS58,2023-09-11
B07WP7MS58,2023-10-09
B07WP7MS58,2023-11-06
B07WP7MS58,2023-12-04
B07WP7MS58,2024-01-01
B07WP7MS58,2024-01-29
B07WPSC4QF,2023-02-27
B07WPSC4QF,2023-03-27
B07WPSC4QF,2023-04-24
B07WPSC4QF,2023-05-22
B07WPSC4QF,2023-06-19
B07WPSC4QF,2023-07-17
B07WPSC4QF,2023-08-14
B07WPSC4QF,2023-09-11
B07WPSC4QF,2023-10-09
B07WPSC4QF,2023-11-06
B07WPSC4QF,2023-12-04
B07WPSC4QF,2024-01-01
B07WPSC4QF,2024-01-29
B07WQYVYCR,2023-02-27
B07WQYVYCR,2023-03-27
B07WQYVYCR,2023-04-24
B07WQYVYCR,2023-05-22
B07WQYVYCR,2023-06-19
B07WQYVYCR,2023-07-17
B07WQYVYCR,2023-08-14
B07WQYVYCR,2023-09-11
B07WQYVYCR,2023-10-09
B07WQYVYCR,2023-11-06
B07WQYVYCR,2023-12-04
B07WQYVYCR,2024-01-01
B07WQYVYCR,2024-01-29
B07WR66C6P,2023-02-27
B07WR66C6P,2023-03-27
B07WR66C6P,2023-04-24
B07WR66C6P,2023-05-22
B07WR66C6P,2023-06-19
B07WR66C6P,2023-07-17
B07WR66C6P,2023-08-14
B07WR66C6P,2023-09-11
B07WR66C6P,2023-10-09
B07WR66C6P,2023-11-06
B07WR66C6P,2023-12-04
B07WR66C6P,2024-01-01
B07WR66C6P,2024-01-29
B07WRQLSVZ,2023-02-27
B07WRQLSVZ,2023-03-27
B07WRQLSVZ,2023-04-24
B07WRQLSVZ,2023-05-22
B07WRQLSVZ,2023-06-19
B07WRQLSVZ,2023-07-17
B07WRQLSVZ,2023-08-14
B07WRQLSVZ,2023-09-11
B07WRQLSVZ,2023-10-09
B07WRQLSVZ,2023-11-06
B07WRQLSVZ,2023-12-04
B07WRQLSVZ,2024-01-01
B07WRQLSVZ,2024-01-29
B07WV7RMP1,2023-02-27
B07WV7RMP1,2023-03-27
B07WV7RMP1,2023-04-24
B07WV7RMP1,2023-05-22
B07WV7RMP1,2023-06-19
B07WV7RMP1,2023-07-17
B07WV7RMP1,2023-08-14
B07WV7RMP1,2023-09-11
B07WV7RMP1,2023-10-09
B07WV7RMP1,2023-11-06
B07WV7RMP1,2023-12-04
B07WV7RMP1,2024-01-01
B07WV7RMP1,2024-01-29
B07WZXTBFQ,2023-02-27
B07WZXTBFQ,2023-03-27
B07WZXTBFQ,2023-04-24
B07WZXTBFQ,2023-05-22
B07WZXTBFQ,2023-06-19
B07WZXTBFQ,2023-07-17
B07WZXTBFQ,2023-08-14
B07WZXTBFQ,2023-09-11
B07WZXTBFQ,2023-10-09
B07WZXTBFQ,2023-11-06
B07WZXTBFQ,2023-12-04
B07WZXTBFQ,2024-01-01
B07WZXTBFQ,2024-01-29
B07X2G558L,2023-02-27
B07X2G558L,2023-03-27
B07X2G558L,2023-04-24
B07X2G558L,2023-05-22
B07X2G558L,2023-06-19
B07X2G558L,2023-07-17
B07X2G558L,2023-08-14
B07X2G558L,2023-09-11
B07X2G558L,2023-10-09
B07X2G558L,2023-11-06
B07X2G558L,2023-12-04
B07X2G558L,2024-01-01
B07X2G558L,2024-01-29
B07X2XC1GZ,2023-02-27
B07X2XC1GZ,2023-03-27
B07X2XC1GZ,2023-04-24
B07X2XC1GZ,2023-05-22
B07X2XC1GZ,2023-06-19
B07X2XC1GZ,2023-07-17
B07X2XC1GZ,2023-08-14
B07X2XC1GZ,2023-09-11
B07X2XC1GZ,2023-10-09
B07X2XC1GZ,2023-11-06
B07X2XC1GZ,2023-12-04
B07X2XC1GZ,2024-01-01
B07X2XC1GZ,2024-01-29
B07X4TRYV3,2023-02-27
B07X4TRYV3,2023-03-27
B07X4TRYV3,2023-04-24
B07X4TRYV3,2023-05-22
B07X4TRYV3,2023-06-19
B07X4TRYV3,2023-07-17
B07X4TRYV3,2023-08-14
B07X4TRYV3,2023-09-11
B07X4TRYV3,2023-12-04
B07X4TRYV3,2024-01-01
B07X4TRYV3,2024-01-29
B07X9MGSBY,2023-02-27
B07X9MGSBY,2023-03-27
B07X9MGSBY,2023-04-24
B07X9MGSBY,2023-05-22
B07X9MGSBY,2023-06-19
B07X9MGSBY,2023-07-17
B07X9MGSBY,2023-08-14
B07X9MGSBY,2023-09-11
B07X9MGSBY,2023-10-09
B07X9MGSBY,2023-11-06
B07X9MGSBY,2023-12-04
B07X9MGSBY,2024-01-01
B07X9MGSBY,2024-01-29
B07XC3JBKK,2023-02-27
B07XC3JBKK,2023-03-27
B07XC3JBKK,2023-04-24
B07XC3JBKK,2023-05-22
B07XC3JBKK,2023-06-19
B07XC3JBKK,2023-07-17
B07XC3JBKK,2023-08-14
B07XC3JBKK,2023-09-11
B07XC3JBKK,2023-10-09
B07XC3JBKK,2023-11-06
B07XC3JBKK,2023-12-04
B07XC3JBKK,2024-01-01
B07XC3JBKK,2024-01-29
B07XC8X6RJ,2023-02-27
B07XC8X6RJ,2023-03-27
B07XC8X6RJ,2023-04-24
B07XC8X6RJ,2023-05-22
B07XC8X6RJ,2023-06-19
B07XC8X6RJ,2023-07-17
B07XC8X6RJ,2023-08-14
B07XC8X6RJ,2023-09-11
B07XC8X6RJ,2023-10-09
B07XC8X6RJ,2023-11-06
B07XC8X6RJ,2023-12-04
B07XC8X6RJ,2024-01-01
B07XC8X6RJ,2024-01-29
B07XD6F53G,2023-02-27
B07XD6F53G,2023-03-27
B07XD6F53G,2023-04-24
B07XD6F53G,2023-05-22
B07XD6F53G,2023-06-19
B07XD6F53G,2023-07-17
B07XD6F53G,2023-08-14
B07XD6F53G,2023-09-11
B07XD6F53G,2023-10-09
B07XD6F53G,2023-11-06
B07XD6F53G,2023-12-04
B07XD6F53G,2024-01-01
B07XD6F53G,2024-01-29
B07XG6XRSX,2023-02-27
B07XG6XRSX,2023-03-27
B07XG6XRSX,2023-04-24
B07XG6XRSX,2023-05-22
B07XG6XRSX,2023-06-19
B07XG6XRSX,2023-07-17
B07XG6XRSX,2023-08-14
B07XG6XRSX,2023-09-11
B07XG6XRSX,2023-10-09
B07XG6XRSX,2023-11-06
B07XG6XRSX,2023-12-04
B07XG6XRSX,2024-01-01
B07XG6XRSX,2024-01-29
B07XH1QNXW,2023-07-17
B07XH1QNXW,2023-08-14
B07XH1QNXW,2023-09-11
B07XH1QNXW,2023-10-09
B07XH1QNXW,2023-11-06
B07XH1QNXW,2023-12-04
B07XH1QNXW,2024-01-01
B07XH1QNXW,2024-01-29
B07XRVYJ59,2023-02-27
B07XRVYJ59,2023-03-27
B07XRVYJ59,2023-04-24
B07XRVYJ59,2023-05-22
B07XRVYJ59,2023-06-19
B07XRVYJ59,2023-07-17
B07XRVYJ59,2023-08-14
B07XRVYJ59,2023-09-11
B07XRVYJ59,2023-10-09
B07XRVYJ59,2023-11-06
B07XRVYJ59,2023-12-04
B07XRVYJ59,2024-01-01
B07XRVYJ59,2024-01-29
B07XVXGJND,2023-02-27
B07XVXGJND,2023-03-27
B07XVXGJND,2023-04-24
B07XVXGJND,2023-05-22
B07XVXGJND,2023-06-19
B07XVXGJND,2023-07-17
B07XVXGJND,2023-08-14
B07XVXGJND,2023-09-11
B07XVXGJND,2023-10-09
B07XVXGJND,2023-11-06
B07XVXGJND,2023-12-04
B07XVXGJND,2024-01-01
B07XVXGJND,2024-01-29
B07Y17JMSK,2023-02-27
B07Y17JMSK,2023-03-27
B07Y17JMSK,2023-04-24
B07Y17JMSK,2023-05-22
B07Y17JMSK,2023-06-19
B07Y17JMSK,2023-07-17
B07Y17JMSK,2023-08-14
B07Y17JMSK,2023-09-11
B07Y17JMSK,2023-10-09
B07Y17JMSK,2023-11-06
B07Y17JMSK,2023-12-04
B07Y17JMSK,2024-01-01
B07Y17JMSK,2024-01-29
B07Y3T5Y2B,2023-02-27
B07Y3T5Y2B,2023-03-27
B07Y3T5Y2B,2023-04-24
B07Y3T5Y2B,2023-05-22
B07Y3T5Y2B,2023-06-19
B07Y3T5Y2B,2023-07-17
B07Y3T5Y2B,2023-08-14
B07Y3T5Y2B,2023-09-11
B07Y3T5Y2B,2023-10-09
B07Y3T5Y2B,2023-11-06
B07Y3T5Y2B,2023-12-04
B07Y3T5Y2B,2024-01-01
B07Y3T5Y2B,2024-01-29
B07Y7XJGCR,2023-02-27
B07Y7XJGCR,2023-03-27
B07Y7XJGCR,2023-04-24
B07Y7XJGCR,2023-05-22
B07Y7XJGCR,2023-06-19
B07Y7XJGCR,2023-07-17
B07Y7XJGCR,2023-08-14
B07Y7XJGCR,2023-09-11
B07Y7XJGCR,2023-10-09
B07Y7XJGCR,2023-11-06
B07Y7XJGCR,2023-12-04
B07Y7XJGCR,2024-01-01
B07Y7XJGCR,2024-01-29
B07Y7XMW4W,2023-02-27
B07Y7XMW4W,2023-03-27
B07Y7XMW4W,2023-04-24
B07Y7XMW4W,2023-05-22
B07Y7XMW4W,2023-06-19
B07Y7XMW4W,2023-07-17
B07Y7XMW4W,2023-08-14
B07Y7XMW4W,2023-09-11
B07Y7XMW4W,2023-10-09
B07Y7XMW4W,2023-11-06
B07Y7XMW4W,2023-12-04
B07Y7XMW4W,2024-01-01
B07Y7XMW4W,2024-01-29
B07Y91TBV4,2023-02-27
B07Y91TBV4,2023-03-27
B07Y91TBV4,2023-04-24
B07Y91TBV4,2023-05-22
B07Y91TBV4,2023-06-19
B07Y91TBV4,2023-07-17
B07Y91TBV4,2023-08-14
B07Y91TBV4,2023-09-11
B07Y91TBV4,2023-10-09
B07Y91TBV4,2023-11-06
B07Y91TBV4,2023-12-04
B07Y91TBV4,2024-01-01
B07Y91TBV4,2024-01-29
B07Y91XTKH,2023-02-27
B07Y91XTKH,2023-03-27
B07Y91XTKH,2023-04-24
B07Y91XTKH,2023-05-22
B07Y91XTKH,2023-06-19
B07Y91XTKH,2023-07-17
B07Y91XTKH,2023-08-14
B07Y91XTKH,2023-09-11
B07Y91XTKH,2023-10-09
B07Y91XTKH,2023-11-06
B07Y91XTKH,2023-12-04
B07Y91XTKH,2024-01-01
B07Y91XTKH,2024-01-29
B07Y943LHN,2023-02-27
B07Y943LHN,2023-03-27
B07Y943LHN,2023-04-24
B07Y943LHN,2023-05-22
B07Y943LHN,2023-06-19
B07Y943LHN,2023-07-17
B07Y943LHN,2023-08-14
B07Y943LHN,2023-09-11
B07Y943LHN,2023-10-09
B07Y943LHN,2023-11-06
B07Y943LHN,2023-12-04
B07Y943LHN,2024-01-01
B07Y943LHN,2024-01-29
B07Y94W69D,2023-02-27
B07Y94W69D,2023-03-27
B07Y94W69D,2023-04-24
B07Y94W69D,2023-05-22
B07Y94W69D,2023-06-19
B07Y94W69D,2023-07-17
B07Y94W69D,2023-08-14
B07Y94W69D,2023-09-11
B07Y94W69D,2023-10-09
B07Y94W69D,2023-11-06
B07Y94W69D,2023-12-04
B07Y94W69D,2024-01-01
B07Y94W69D,2024-01-29
B07Y95HPGK,2023-02-27
B07Y95HPGK,2023-03-27
B07Y95HPGK,2023-04-24
B07Y95HPGK,2023-05-22
B07Y95HPGK,2023-06-19
B07Y95HPGK,2023-07-17
B07Y95HPGK,2023-08-14
B07Y95HPGK,2023-09-11
B07Y95HPGK,2023-10-09
B07Y95HPGK,2023-11-06
B07Y95HPGK,2023-12-04
B07Y95HPGK,2024-01-01
B07Y95HPGK,2024-01-29
B07Y95LW1Z,2023-02-27
B07Y95LW1Z,2023-03-27
B07Y95LW1Z,2023-04-24
B07Y95LW1Z,2023-05-22
B07Y95LW1Z,2023-06-19
B07Y95LW1Z,2023-07-17
B07Y95LW1Z,2023-08-14
B07Y95LW1Z,2023-09-11
B07Y95LW1Z,2023-10-09
B07Y95LW1Z,2023-11-06
B07Y95LW1Z,2023-12-04
B07Y95LW1Z,2024-01-01
B07Y95LW1Z,2024-01-29
B07Y95M5ZR,2023-02-27
B07Y95M5ZR,2023-03-27
B07Y95M5ZR,2023-04-24
B07Y95M5ZR,2023-05-22
B07Y95M5ZR,2023-06-19
B07Y95M5ZR,2023-07-17
B07Y95M5ZR,2023-08-14
B07Y95M5ZR,2023-09-11
B07Y95M5ZR,2023-10-09
B07Y95M5ZR,2023-11-06
B07Y95M5ZR,2023-12-04
B07Y95M5ZR,2024-01-01
B07Y95M5ZR,2024-01-29
B07Y9BYY17,2023-03-27
B07Y9BYY17,2023-04-24
B07Y9BYY17,2023-05-22
B07Y9BYY17,2023-06-19
B07Y9BYY17,2023-07-17
B07Y9BYY17,2023-08-14
B07Y9BYY17,2023-09-11
B07Y9BYY17,2023-10-09
B07Y9BYY17,2023-11-06
B07Y9BYY17,2023-12-04
B07Y9BYY17,2024-01-01
B07Y9BYY17,2024-01-29
B07YBMDV2N,2023-02-27
B07YBMDV2N,2023-03-27
B07YBMDV2N,2023-04-24
B07YBMDV2N,2023-05-22
B07YBMDV2N,2023-06-19
B07YBMDV2N,2023-07-17
B07YBMDV2N,2023-08-14
B07YBMDV2N,2023-09-11
B07YBMDV2N,2023-10-09
B07YBMDV2N,2023-11-06
B07YBMDV2N,2023-12-04
B07YBMDV2N,2024-01-01
B07YBMDV2N,2024-01-29
B07YBMVWJL,2023-02-27
B07YBMVWJL,2023-03-27
B07YBMVWJL,2023-04-24
B07YBMVWJL,2023-05-22
B07YBMVWJL,2023-06-19
B07YBMVWJL,2023-07-17
B07YBMVWJL,2023-08-14
B07YBMVWJL,2023-09-11
B07YBMVWJL,2023-10-09
B07YBMVWJL,2023-11-06
B07YBMVWJL,2023-12-04
B07YBMVWJL,2024-01-01
B07YBMVWJL,2024-01-29
B07YCMKQ8D,2023-02-27
B07YCMKQ8D,2023-03-27
B07YCMKQ8D,2023-04-24
B07YCMKQ8D,2023-05-22
B07YCMKQ8D,2023-06-19
B07YCMKQ8D,2023-07-17
B07YCMKQ8D,2023-08-14
B07YCMKQ8D,2023-09-11
B07YCMKQ8D,2023-10-09
B07YCMKQ8D,2023-11-06
B07YCMKQ8D,2023-12-04
B07YCMKQ8D,2024-01-01
B07YCMKQ8D,2024-01-29
B07YCQFV7N,2023-02-27
B07YCQFV7N,2023-03-27
B07YCQFV7N,2023-04-24
B07YCQFV7N,2023-05-22
B07YCQFV7N,2023-06-19
B07YCQFV7N,2023-07-17
B07YCQFV7N,2023-08-14
B07YCQFV7N,2023-09-11
B07YCQFV7N,2023-10-09
B07YCQFV7N,2023-11-06
B07YCQFV7N,2023-12-04
B07YCQFV7N,2024-01-01
B07YCQFV7N,2024-01-29
B07YKMK3NY,2023-02-27
B07YKMK3NY,2023-03-27
B07YKMK3NY,2023-04-24
B07YKMK3NY,2023-05-22
B07YKMK3NY,2023-06-19
B07YKMK3NY,2023-07-17
B07YKMK3NY,2023-08-14
B07YKMK3NY,2023-09-11
B07YKMK3NY,2023-10-09
B07YKMK3NY,2023-11-06
B07YKMK3NY,2023-12-04
B07YKMK3NY,2024-01-01
B07YKMK3NY,2024-01-29
B07YKN9N3Z,2023-02-27
B07YKN9N3Z,2023-03-27
B07YKN9N3Z,2023-04-24
B07YKN9N3Z,2023-05-22
B07YKN9N3Z,2023-06-19
B07YKN9N3Z,2023-07-17
B07YKN9N3Z,2023-08-14
B07YKN9N3Z,2023-09-11
B07YKN9N3Z,2023-10-09
B07YKN9N3Z,2023-11-06
B07YKN9N3Z,2023-12-04
B07YKN9N3Z,2024-01-01
B07YKN9N3Z,2024-01-29
B07YL7XRWT,2023-03-27
B07YL7XRWT,2023-04-24
B07YL7XRWT,2023-05-22
B07YL7XRWT,2023-06-19
B07YL7XRWT,2023-07-17
B07YL7XRWT,2023-08-14
B07YL7XRWT,2023-09-11
B07YL7XRWT,2023-10-09
B07YL7XRWT,2023-11-06
B07YL7XRWT,2023-12-04
B07YL7XRWT,2024-01-01
B07YL7XRWT,2024-01-29
B07YLBJ567,2023-02-27
B07YLBJ567,2023-03-27
B07YLBJ567,2023-04-24
B07YLBJ567,2023-05-22
B07YLBJ567,2023-06-19
B07YLBJ567,2023-07-17
B07YLBJ567,2023-08-14
B07YLBJ567,2023-09-11
B07YLBJ567,2023-10-09
B07YLBJ567,2023-11-06
B07YLBJ567,2023-12-04
B07YLBJ567,2024-01-01
B07YLBJ567,2024-01-29
B07YLJMJD6,2023-02-27
B07YLJMJD6,2023-03-27
B07YLJMJD6,2023-04-24
B07YLJMJD6,2023-05-22
B07YLJMJD6,2023-06-19
B07YLJMJD6,2023-07-17
B07YLJMJD6,2023-08-14
B07YLJMJD6,2023-09-11
B07YLJMJD6,2023-10-09
B07YLJMJD6,2023-11-06
B07YLJMJD6,2023-12-04
B07YLJMJD6,2024-01-01
B07YLJMJD6,2024-01-29
B07YNBRVFN,2023-02-27
B07YNBRVFN,2023-03-27
B07YNBRVFN,2023-04-24
B07YNBRVFN,2023-05-22
B07YNBRVFN,2023-06-19
B07YNBRVFN,2023-07-17
B07YNBRVFN,2023-08-14
B07YNBRVFN,2023-09-11
B07YNBRVFN,2023-10-09
B07YNBRVFN,2023-11-06
B07YNBRVFN,2023-12-04
B07YNBRVFN,2024-01-01
B07YNBRVFN,2024-01-29
B07YNV7FH6,2023-11-06
B07YNV7FH6,2023-12-04
B07YNV7FH6,2024-01-01
B07YNV7FH6,2024-01-29
B07YNXZPSC,2023-02-27
B07YNXZPSC,2023-03-27
B07YNXZPSC,2023-04-24
B07YNXZPSC,2023-05-22
B07YNXZPSC,2023-06-19
B07YNXZPSC,2023-07-17
B07YNXZPSC,2023-08-14
B07YNXZPSC,2023-09-11
B07YNXZPSC,2023-10-09
B07YNXZPSC,2023-11-06
B07YNXZPSC,2023-12-04
B07YNXZPSC,2024-01-01
B07YNXZPSC,2024-01-29
B07YT7PN6N,2023-02-27
B07YT7PN6N,2023-03-27
B07YT7PN6N,2023-04-24
B07YT7PN6N,2023-05-22
B07YT7PN6N,2023-06-19
B07YT7PN6N,2023-07-17
B07YT7PN6N,2023-08-14
B07YT7PN6N,2023-09-11
B07YT7PN6N,2023-10-09
B07YT7PN6N,2023-11-06
B07YT7PN6N,2023-12-04
B07YT7PN6N,2024-01-01
B07YT7PN6N,2024-01-29
B07YTC5XF7,2023-02-27
B07YTC5XF7,2023-03-27
B07YTC5XF7,2023-04-24
B07YTC5XF7,2023-05-22
B07YTC5XF7,2023-06-19
B07YTC5XF7,2023-07-17
B07YTC5XF7,2023-08-14
B07YTC5XF7,2023-09-11
B07YTC5XF7,2023-10-09
B07YTC5XF7,2023-11-06
B07YTC5XF7,2023-12-04
B07YTC5XF7,2024-01-01
B07YTC5XF7,2024-01-29
B07YV5451R,2023-10-09
B07YV5451R,2023-11-06
B07YV5451R,2023-12-04
B07YV5451R,2024-01-01
B07YV5451R,2024-01-29
B07YV58BVF,2023-02-27
B07YV58BVF,2023-03-27
B07YV58BVF,2023-04-24
B07YV58BVF,2023-05-22
B07YV58BVF,2023-06-19
B07YV58BVF,2023-07-17
B07YV58BVF,2023-08-14
B07YV58BVF,2023-09-11
B07YV58BVF,2023-10-09
B07YV58BVF,2023-11-06
B07YV58BVF,2023-12-04
B07YV58BVF,2024-01-01
B07YV58BVF,2024-01-29
B07Z38H3NS,2023-02-27
B07Z38H3NS,2023-03-27
B07Z38H3NS,2023-04-24
B07Z38H3NS,2023-05-22
B07Z38H3NS,2023-06-19
B07Z38H3NS,2023-07-17
B07Z38H3NS,2023-08-14
B07Z38H3NS,2023-09-11
B07Z38H3NS,2023-10-09
B07Z38H3NS,2023-11-06
B07Z38H3NS,2023-12-04
B07Z38H3NS,2024-01-01
B07Z38H3NS,2024-01-29
B07Z3PTFBZ,2023-02-27
B07Z3PTFBZ,2023-03-27
B07Z3PTFBZ,2023-04-24
B07Z3PTFBZ,2023-05-22
B07Z3PTFBZ,2023-06-19
B07Z3PTFBZ,2023-07-17
B07Z3PTFBZ,2023-08-14
B07Z3PTFBZ,2023-09-11
B07Z3PTFBZ,2023-10-09
B07Z3PTFBZ,2023-11-06
B07Z3PTFBZ,2023-12-04
B07Z3PTFBZ,2024-01-01
B07Z3PTFBZ,2024-01-29
B07Z5JGBHC,2023-02-27
B07Z5JGBHC,2023-03-27
B07Z5JGBHC,2023-04-24
B07Z5JGBHC,2023-05-22
B07Z5JGBHC,2023-06-19
B07Z5JGBHC,2023-07-17
B07Z5JGBHC,2023-08-14
B07Z5JGBHC,2023-09-11
B07Z5JGBHC,2023-10-09
B07Z5JGBHC,2023-11-06
B07Z5JGBHC,2023-12-04
B07Z5JGBHC,2024-01-01
B07Z5JGBHC,2024-01-29
B07ZN6FXYK,2023-02-27
B07ZN6FXYK,2023-03-27
B07ZN6FXYK,2023-04-24
B07ZN6FXYK,2023-05-22
B07ZN6FXYK,2023-06-19
B07ZN6FXYK,2023-07-17
B07ZN6FXYK,2023-08-14
B07ZN6FXYK,2023-09-11
B07ZN6FXYK,2023-10-09
B07ZN6FXYK,2023-11-06
B07ZN6FXYK,2023-12-04
B07ZN6FXYK,2024-01-01
B07ZN6FXYK,2024-01-29
B07ZPG89K1,2023-02-27
B07ZPG89K1,2023-03-27
B07ZPG89K1,2023-04-24
B07ZPG89K1,2023-05-22
B07ZPG89K1,2023-06-19
B07ZPG89K1,2023-07-17
B07ZPG89K1,2023-08-14
B07ZPG89K1,2023-09-11
B07ZPG89K1,2023-10-09
B07ZPG89K1,2023-11-06
B07ZPG89K1,2023-12-04
B07ZPG89K1,2024-01-01
B07ZPG89K1,2024-01-29
B07ZPL3M12,2023-02-27
B07ZPL3M12,2023-03-27
B07ZPL3M12,2023-04-24
B07ZPL3M12,2023-05-22
B07ZPL3M12,2023-06-19
B07ZPL3M12,2023-07-17
B07ZPL3M12,2023-08-14
B07ZPL3M12,2023-09-11
B07ZPL3M12,2023-10-09
B07ZPL3M12,2023-11-06
B07ZPL3M12,2023-12-04
B07ZPL3M12,2024-01-01
B07ZPL3M12,2024-01-29
B07ZQ2YS5B,2023-02-27
B07ZQ2YS5B,2023-03-27
B07ZQ2YS5B,2023-04-24
B07ZQ2YS5B,2023-05-22
B07ZQ2YS5B,2023-06-19
B07ZQ2YS5B,2023-07-17
B07ZQ2YS5B,2023-08-14
B07ZQ2YS5B,2023-09-11
B07ZQ2YS5B,2023-10-09
B07ZQ2YS5B,2023-11-06
B07ZQ2YS5B,2023-12-04
B07ZQ2YS5B,2024-01-01
B07ZQ2YS5B,2024-01-29
B07ZRKBVRL,2023-02-27
B07ZRKBVRL,2023-03-27
B07ZRKBVRL,2023-04-24
B07ZRKBVRL,2023-05-22
B07ZRKBVRL,2023-06-19
B07ZRKBVRL,2023-07-17
B07ZRKBVRL,2023-08-14
B07ZRKBVRL,2023-09-11
B07ZRKBVRL,2023-10-09
B07ZRKBVRL,2023-11-06
B07ZRKBVRL,2023-12-04
B07ZRKBVRL,2024-01-01
B07ZRKBVRL,2024-01-29
B07ZS6WM9D,2023-02-27
B07ZS6WM9D,2023-03-27
B07ZS6WM9D,2023-04-24
B07ZS6WM9D,2023-05-22
B07ZS6WM9D,2023-06-19
B07ZS6WM9D,2023-07-17
B07ZS6WM9D,2023-08-14
B07ZS6WM9D,2023-09-11
B07ZS6WM9D,2023-10-09
B07ZS6WM9D,2023-11-06
B07ZS6WM9D,2023-12-04
B07ZS6WM9D,2024-01-01
B07ZS6WM9D,2024-01-29
B07ZS93PVL,2023-02-27
B07ZS93PVL,2023-03-27
B07ZS93PVL,2023-04-24
B07ZS93PVL,2023-05-22
B07ZS93PVL,2023-06-19
B07ZS93PVL,2023-07-17
B07ZS93PVL,2023-08-14
B07ZS93PVL,2023-09-11
B07ZS93PVL,2023-10-09
B07ZS93PVL,2023-11-06
B07ZS93PVL,2023-12-04
B07ZS93PVL,2024-01-01
B07ZS93PVL,2024-01-29
B0812JY92W,2023-02-27
B0812JY92W,2023-03-27
B0812JY92W,2023-04-24
B0812JY92W,2023-05-22
B0812JY92W,2023-06-19
B0812JY92W,2023-07-17
B0812JY92W,2023-08-14
B0812JY92W,2023-09-11
B0812JY92W,2023-10-09
B0812JY92W,2023-11-06
B0812JY92W,2023-12-04
B0812JY92W,2024-01-01
B0812JY92W,2024-01-29
B0813TX5F3,2023-02-27
B0813TX5F3,2023-03-27
B0813TX5F3,2023-04-24
B0813TX5F3,2023-05-22
B0813TX5F3,2023-06-19
B0813TX5F3,2023-07-17
B0813TX5F3,2023-08-14
B0813TX5F3,2023-09-11
B0813TX5F3,2023-10-09
B0813TX5F3,2023-11-06
B0813TX5F3,2023-12-04
B0813TX5F3,2024-01-01
B0813TX5F3,2024-01-29
B0817699JF,2023-02-27
B0817699JF,2023-03-27
B0817699JF,2023-04-24
B0817699JF,2023-05-22
B0817699JF,2023-06-19
B0817699JF,2023-07-17
B0817699JF,2023-08-14
B0817699JF,2023-09-11
B0817699JF,2023-10-09
B0817699JF,2023-11-06
B0817699JF,2023-12-04
B0817699JF,2024-01-01
B0817699JF,2024-01-29
B08178SXHG,2023-02-27
B08178SXHG,2023-03-27
B08178SXHG,2023-04-24
B08178SXHG,2023-05-22
B08178SXHG,2023-06-19
B08178SXHG,2023-07-17
B08178SXHG,2023-08-14
B08178SXHG,2023-09-11
B08178SXHG,2023-10-09
B08178SXHG,2023-11-06
B08178SXHG,2023-12-04
B08178SXHG,2024-01-01
B08178SXHG,2024-01-29
B08179N787,2023-02-27
B08179N787,2023-03-27
B08179N787,2023-04-24
B08179N787,2023-05-22
B08179N787,2023-06-19
B08179N787,2023-07-17
B08179N787,2023-08-14
B08179N787,2023-09-11
B08179N787,2023-10-09
B08179N787,2023-11-06
B08179N787,2023-12-04
B08179N787,2024-01-01
B08179N787,2024-01-29
B0817CBQSZ,2023-02-27
B0817CBQSZ,2023-03-27
B0817CBQSZ,2023-04-24
B0817CBQSZ,2023-05-22
B0817CBQSZ,2023-06-19
B0817CBQSZ,2023-07-17
B0817CBQSZ,2023-08-14
B0817CBQSZ,2023-09-11
B0817CBQSZ,2023-10-09
B0817CBQSZ,2023-11-06
B0817CBQSZ,2023-12-04
B0817CBQSZ,2024-01-01
B0817CBQSZ,2024-01-29
B081BHMM1P,2023-02-27
B081BHMM1P,2023-03-27
B081BHMM1P,2023-04-24
B081BHMM1P,2023-05-22
B081BHMM1P,2023-06-19
B081BHMM1P,2023-07-17
B081BHMM1P,2023-08-14
B081BHMM1P,2023-09-11
B081BHMM1P,2023-10-09
B081BHMM1P,2023-11-06
B081BHMM1P,2023-12-04
B081BHMM1P,2024-01-01
B081BHMM1P,2024-01-29
B081DYRLKG,2023-02-27
B081DYRLKG,2023-03-27
B081DYRLKG,2023-04-24
B081DYRLKG,2023-05-22
B081DYRLKG,2023-06-19
B081DYRLKG,2023-07-17
B081DYRLKG,2023-08-14
B081DYRLKG,2023-09-11
B081DYRLKG,2023-10-09
B081DYRLKG,2023-11-06
B081DYRLKG,2023-12-04
B081DYRLKG,2024-01-01
B081DYRLKG,2024-01-29
B081DZ1HVL,2023-02-27
B081DZ1HVL,2023-03-27
B081DZ1HVL,2023-04-24
B081DZ1HVL,2023-05-22
B081DZ1HVL,2023-06-19
B081DZ1HVL,2023-07-17
B081DZ1HVL,2023-08-14
B081DZ1HVL,2023-09-11
B081DZ1HVL,2023-10-09
B081DZ1HVL,2023-11-06
B081DZ1HVL,2023-12-04
B081DZ1HVL,2024-01-01
B081DZ1HVL,2024-01-29
B081DZDLMJ,2023-02-27
B081DZDLMJ,2023-03-27
B081DZDLMJ,2023-04-24
B081DZDLMJ,2023-05-22
B081DZDLMJ,2023-06-19
B081DZDLMJ,2023-07-17
B081DZDLMJ,2023-08-14
B081DZDLMJ,2023-09-11
B081DZDLMJ,2023-10-09
B081DZDLMJ,2023-11-06
B081DZDLMJ,2023-12-04
B081DZDLMJ,2024-01-01
B081DZDLMJ,2024-01-29
B081KWB6HX,2023-02-27
B081KWB6HX,2023-03-27
B081KWB6HX,2023-04-24
B081KWB6HX,2023-05-22
B081KWB6HX,2023-06-19
B081KWB6HX,2023-07-17
B081KWB6HX,2023-08-14
B081KWB6HX,2023-09-11
B081KWB6HX,2023-10-09
B081KWB6HX,2023-11-06
B081KWB6HX,2023-12-04
B081KWB6HX,2024-01-01
B081KWB6HX,2024-01-29
B081PRTJQC,2023-09-11
B081PRTJQC,2023-10-09
B081PRTJQC,2023-11-06
B081PRTJQC,2023-12-04
B081PRTJQC,2024-01-01
B081PRTJQC,2024-01-29
B081VVJ33X,2023-02-27
B081VVJ33X,2023-03-27
B081VVJ33X,2023-04-24
B081VVJ33X,2023-05-22
B081VVJ33X,2023-06-19
B081VVJ33X,2023-07-17
B081VVJ33X,2023-08-14
B081VVJ33X,2023-09-11
B081VVJ33X,2023-10-09
B081VVJ33X,2023-11-06
B081VVJ33X,2023-12-04
B081VVJ33X,2024-01-01
B081VVJ33X,2024-01-29
B081YKVW1L,2023-11-06
B081YKVW1L,2023-12-04
B081YKVW1L,2024-01-01
B081YKVW1L,2024-01-29
B0826LRRHV,2023-02-27
B0826LRRHV,2023-03-27
B0826LRRHV,2023-04-24
B0826LRRHV,2023-05-22
B0826LRRHV,2023-06-19
B0826LRRHV,2023-07-17
B0826LRRHV,2023-08-14
B0826LRRHV,2023-09-11
B0826LRRHV,2023-10-09
B0826LRRHV,2023-11-06
B0826LRRHV,2023-12-04
B0826LRRHV,2024-01-01
B0826LRRHV,2024-01-29
B0828LN54D,2023-02-27
B0828LN54D,2023-03-27
B0828LN54D,2023-04-24
B0828LN54D,2023-05-22
B0828LN54D,2023-06-19
B0828LN54D,2023-07-17
B0828LN54D,2023-08-14
B0828LN54D,2023-09-11
B0828LN54D,2023-10-09
B0828LN54D,2023-11-06
B0828LN54D,2023-12-04
B0828LN54D,2024-01-01
B0828LN54D,2024-01-29
B0828LSJKK,2023-02-27
B0828LSJKK,2023-03-27
B0828LSJKK,2023-04-24
B0828LSJKK,2023-05-22
B0828LSJKK,2023-06-19
B0828LSJKK,2023-07-17
B0828LSJKK,2023-08-14
B0828LSJKK,2023-09-11
B0828LSJKK,2023-10-09
B0828LSJKK,2023-11-06
B0828LSJKK,2023-12-04
B0828LSJKK,2024-01-01
B0828LSJKK,2024-01-29
B0828MDJ5X,2023-02-27
B0828MDJ5X,2023-03-27
B0828MDJ5X,2023-04-24
B0828MDJ5X,2023-05-22
B0828MDJ5X,2023-06-19
B0828MDJ5X,2023-07-17
B0828MDJ5X,2023-08-14
B0828MDJ5X,2023-09-11
B0828MDJ5X,2023-10-09
B0828MDJ5X,2023-11-06
B0828MDJ5X,2023-12-04
B0828MDJ5X,2024-01-01
B0828MDJ5X,2024-01-29
B0828MDYL2,2023-02-27
B0828MDYL2,2023-03-27
B0828MDYL2,2023-04-24
B0828MDYL2,2023-05-22
B0828MDYL2,2023-06-19
B0828MDYL2,2023-07-17
B0828MDYL2,2023-08-14
B0828MDYL2,2023-09-11
B0828MDYL2,2023-10-09
B0828MDYL2,2023-11-06
B0828MDYL2,2023-12-04
B0828MDYL2,2024-01-01
B0828MDYL2,2024-01-29
B0828MJ517,2023-02-27
B0828MJ517,2023-03-27
B0828MJ517,2023-04-24
B0828MJ517,2023-05-22
B0828MJ517,2023-06-19
B0828MJ517,2023-07-17
B0828MJ517,2023-08-14
B0828MJ517,2023-09-11
B0828MJ517,2023-10-09
B0828MJ517,2023-11-06
B0828MJ517,2023-12-04
B0828MJ517,2024-01-01
B0828MJ517,2024-01-29
B082CLHJ7V,2023-02-27
B082CLHJ7V,2023-03-27
B082CLHJ7V,2023-04-24
B082CLHJ7V,2023-05-22
B082CLHJ7V,2023-06-19
B082CLHJ7V,2023-07-17
B082CLHJ7V,2023-08-14
B082CLHJ7V,2023-09-11
B082CLHJ7V,2023-10-09
B082CLHJ7V,2023-11-06
B082CLHJ7V,2023-12-04
B082CLHJ7V,2024-01-01
B082CLHJ7V,2024-01-29
B082DFQ1N4,2023-02-27
B082DFQ1N4,2023-03-27
B082DFQ1N4,2023-04-24
B082DFQ1N4,2023-05-22
B082DFQ1N4,2023-06-19
B082DFQ1N4,2023-07-17
B082DFQ1N4,2023-08-14
B082DFQ1N4,2023-09-11
B082DFQ1N4,2023-10-09
B082DFQ1N4,2023-11-06
B082DFQ1N4,2023-12-04
B082DFQ1N4,2024-01-01
B082DFQ1N4,2024-01-29
B082FYM2WR,2023-03-27
B082FYM2WR,2023-04-24
B082FYM2WR,2023-05-22
B082FYM2WR,2023-06-19
B082FYM2WR,2023-07-17
B082FYM2WR,2023-08-14
B082FYM2WR,2023-09-11
B082FYM2WR,2023-10-09
B082FYM2WR,2023-11-06
B082FYM2WR,2023-12-04
B082FYM2WR,2024-01-01
B082FYM2WR,2024-01-29
B082H2BMDH,2023-02-27
B082H2BMDH,2023-03-27
B082H2BMDH,2023-04-24
B082H2BMDH,2023-05-22
B082H2BMDH,2023-06-19
B082H2BMDH,2023-07-17
B082H2BMDH,2023-08-14
B082H2BMDH,2023-09-11
B082H2BMDH,2023-10-09
B082H2BMDH,2023-11-06
B082H2BMDH,2023-12-04
B082H2BMDH,2024-01-01
B082H2BMDH,2024-01-29
B082HDSYR5,2023-02-27
B082HDSYR5,2023-03-27
B082HDSYR5,2023-04-24
B082HDSYR5,2023-05-22
B082HDSYR5,2023-06-19
B082HDSYR5,2023-07-17
B082HDSYR5,2023-08-14
B082HDSYR5,2023-09-11
B082HDSYR5,2023-10-09
B082HDSYR5,2023-11-06
B082HDSYR5,2023-12-04
B082HDSYR5,2024-01-01
B082HDSYR5,2024-01-29
B082KJPFHX,2023-02-27
B082KJPFHX,2023-03-27
B082KJPFHX,2023-04-24
B082KJPFHX,2023-05-22
B082KJPFHX,2023-06-19
B082KJPFHX,2023-07-17
B082KJPFHX,2023-08-14
B082KJPFHX,2023-09-11
B082KJPFHX,2023-10-09
B082KJPFHX,2023-11-06
B082KJPFHX,2023-12-04
B082KJPFHX,2024-01-01
B082KJPFHX,2024-01-29
B082S4JCX8,2023-06-19
B082S4JCX8,2023-07-17
B082S4JCX8,2023-08-14
B082S4JCX8,2023-09-11
B082S4JCX8,2023-10-09
B082S4JCX8,2023-11-06
B082S4JCX8,2023-12-04
B082S4JCX8,2024-01-01
B082S4JCX8,2024-01-29
B082T5J671,2023-02-27
B082T5J671,2023-03-27
B082T5J671,2023-04-24
B082T5J671,2023-05-22
B082T5J671,2023-06-19
B082T5J671,2023-07-17
B082T5J671,2023-08-14
B082T5J671,2023-09-11
B082T5J671,2023-10-09
B082T5J671,2023-11-06
B082T5J671,2023-12-04
B082T5J671,2024-01-01
B082T5J671,2024-01-29
B082VXJ8TZ,2023-02-27
B082VXJ8TZ,2023-03-27
B082VXJ8TZ,2023-06-19
B082VXJ8TZ,2023-07-17
B082VXJ8TZ,2023-08-14
B082VXJ8TZ,2023-09-11
B082VXJ8TZ,2023-10-09
B082VXJ8TZ,2023-11-06
B082VXJ8TZ,2023-12-04
B082VXJ8TZ,2024-01-01
B082VXJ8TZ,2024-01-29
B082VY1447,2023-02-27
B082VY1447,2023-03-27
B082VY1447,2023-04-24
B082VY1447,2023-05-22
B082VY1447,2023-06-19
B082VY1447,2023-07-17
B082VY1447,2023-08-14
B082VY1447,2023-09-11
B082VY1447,2023-10-09
B082VY1447,2023-11-06
B082VY1447,2023-12-04
B082VY1447,2024-01-01
B082VY1447,2024-01-29
B082YSQZ5W,2023-02-27
B082YSQZ5W,2023-03-27
B082YSQZ5W,2023-04-24
B082YSQZ5W,2023-05-22
B082YSQZ5W,2023-06-19
B082YSQZ5W,2023-07-17
B082YSQZ5W,2023-08-14
B082YSQZ5W,2023-09-11
B082YSQZ5W,2023-10-09
B082YSQZ5W,2023-11-06
B082YSQZ5W,2023-12-04
B082YSQZ5W,2024-01-01
B082YSQZ5W,2024-01-29
B0831Q7X94,2023-02-27
B0831Q7X94,2023-03-27
B0831Q7X94,2023-04-24
B0831Q7X94,2023-05-22
B0831Q7X94,2023-06-19
B0831Q7X94,2023-07-17
B0831Q7X94,2023-08-14
B0831Q7X94,2023-09-11
B0831Q7X94,2023-10-09
B0831Q7X94,2023-11-06
B0831Q7X94,2023-12-04
B0831Q7X94,2024-01-01
B0831Q7X94,2024-01-29
B0834FTR83,2023-02-27
B0834FTR83,2023-03-27
B0834FTR83,2023-04-24
B0834FTR83,2023-05-22
B0834FTR83,2023-06-19
B0834FTR83,2023-07-17
B0834FTR83,2023-08-14
B0834FTR83,2023-09-11
B0834FTR83,2023-10-09
B0834FTR83,2023-11-06
B0834FTR83,2023-12-04
B0834FTR83,2024-01-01
B0834FTR83,2024-01-29
B083CDXV8Q,2023-02-27
B083CDXV8Q,2023-03-27
B083CDXV8Q,2023-04-24
B083CDXV8Q,2023-05-22
B083CDXV8Q,2023-06-19
B083CDXV8Q,2023-07-17
B083CDXV8Q,2023-08-14
B083CDXV8Q,2023-09-11
B083CDXV8Q,2023-10-09
B083CDXV8Q,2023-11-06
B083CDXV8Q,2023-12-04
B083CDXV8Q,2024-01-01
B083CDXV8Q,2024-01-29
B083D6YLT8,2023-02-27
B083D6YLT8,2023-03-27
B083D6YLT8,2023-04-24
B083D6YLT8,2023-05-22
B083D6YLT8,2023-06-19
B083D6YLT8,2023-07-17
B083D6YLT8,2023-08-14
B083D6YLT8,2023-09-11
B083D6YLT8,2023-10-09
B083D6YLT8,2023-11-06
B083D6YLT8,2023-12-04
B083D6YLT8,2024-01-01
B083D6YLT8,2024-01-29
B083D82HZG,2023-02-27
B083D82HZG,2023-03-27
B083D82HZG,2023-04-24
B083D82HZG,2023-05-22
B083D82HZG,2023-06-19
B083D82HZG,2023-07-17
B083D82HZG,2023-08-14
B083D82HZG,2023-09-11
B083D82HZG,2023-10-09
B083D82HZG,2023-11-06
B083D82HZG,2023-12-04
B083D82HZG,2024-01-01
B083D82HZG,2024-01-29
B083F3P57S,2023-02-27
B083F3P57S,2023-03-27
B083F3P57S,2023-04-24
B083F3P57S,2023-05-22
B083F3P57S,2023-06-19
B083F3P57S,2023-07-17
B083F3P57S,2023-08-14
B083F3P57S,2023-09-11
B083F3P57S,2023-10-09
B083F3P57S,2023-11-06
B083F3P57S,2023-12-04
B083F3P57S,2024-01-01
B083F3P57S,2024-01-29
B083GDQLG3,2023-02-27
B083GDQLG3,2023-03-27
B083GDQLG3,2023-04-24
B083GDQLG3,2023-05-22
B083GDQLG3,2023-06-19
B083GDQLG3,2023-07-17
B083GDQLG3,2023-08-14
B083GDQLG3,2023-09-11
B083GDQLG3,2023-10-09
B083GDQLG3,2023-11-06
B083GDQLG3,2023-12-04
B083GDQLG3,2024-01-01
B083GDQLG3,2024-01-29
B083GDSPPT,2023-02-27
B083GDSPPT,2023-03-27
B083GDSPPT,2023-04-24
B083GDSPPT,2023-05-22
B083GDSPPT,2023-06-19
B083GDSPPT,2023-07-17
B083GDSPPT,2023-08-14
B083GDSPPT,2023-09-11
B083GDSPPT,2023-10-09
B083GDSPPT,2023-11-06
B083GDSPPT,2023-12-04
B083GDSPPT,2024-01-01
B083GDSPPT,2024-01-29
B083K6TLPW,2023-02-27
B083K6TLPW,2023-03-27
B083K6TLPW,2023-04-24
B083K6TLPW,2023-05-22
B083K6TLPW,2023-06-19
B083K6TLPW,2023-07-17
B083K6TLPW,2023-08-14
B083K6TLPW,2023-09-11
B083K6TLPW,2023-10-09
B083K6TLPW,2023-11-06
B083K6TLPW,2023-12-04
B083K6TLPW,2024-01-01
B083K6TLPW,2024-01-29
B083N2HLJR,2023-02-27
B083N2HLJR,2023-03-27
B083N2HLJR,2023-04-24
B083N2HLJR,2023-05-22
B083N2HLJR,2023-06-19
B083N2HLJR,2023-07-17
B083N2HLJR,2023-08-14
B083N2HLJR,2023-09-11
B083N2HLJR,2023-10-09
B083N2HLJR,2023-11-06
B083N2HLJR,2023-12-04
B083N2HLJR,2024-01-01
B083N2HLJR,2024-01-29
B083TJ78HP,2023-02-27
B083TJ78HP,2023-03-27
B083TJ78HP,2023-04-24
B083TJ78HP,2023-05-22
B083TJ78HP,2023-06-19
B083TJ78HP,2023-07-17
B083TJ78HP,2023-08-14
B083TJ78HP,2023-09-11
B083TJ78HP,2023-10-09
B083TJ78HP,2023-11-06
B083TJ78HP,2023-12-04
B083TJ78HP,2024-01-01
B083TJ78HP,2024-01-29
B083V796Y8,2023-02-27
B083V796Y8,2023-03-27
B083V796Y8,2023-04-24
B083V796Y8,2023-05-22
B083V796Y8,2023-06-19
B083V796Y8,2023-07-17
B083V796Y8,2023-08-14
B083V796Y8,2023-09-11
B083V796Y8,2023-10-09
B083V796Y8,2023-11-06
B083V796Y8,2023-12-04
B083V796Y8,2024-01-01
B083V796Y8,2024-01-29
B083W22G83,2023-02-27
B083W22G83,2023-03-27
B083W22G83,2023-04-24
B083W22G83,2023-05-22
B083W22G83,2023-06-19
B083W22G83,2023-07-17
B083W22G83,2023-08-14
B083W22G83,2023-09-11
B083W22G83,2023-10-09
B083W22G83,2023-11-06
B083W22G83,2023-12-04
B083W22G83,2024-01-01
B083W22G83,2024-01-29
B083YX9HW9,2023-02-27
B083YX9HW9,2023-03-27
B083YX9HW9,2023-04-24
B083YX9HW9,2023-05-22
B083YX9HW9,2023-06-19
B083YX9HW9,2023-07-17
B083YX9HW9,2023-08-14
B083YX9HW9,2023-09-11
B083YX9HW9,2023-10-09
B083YX9HW9,2023-11-06
B083YX9HW9,2023-12-04
B083YX9HW9,2024-01-01
B083YX9HW9,2024-01-29
B08463YH9T,2023-02-27
B08463YH9T,2023-03-27
B08463YH9T,2023-04-24
B08463YH9T,2023-05-22
B08463YH9T,2023-06-19
B08463YH9T,2023-07-17
B08463YH9T,2023-08-14
B08463YH9T,2023-09-11
B08463YH9T,2023-10-09
B08463YH9T,2023-11-06
B08463YH9T,2023-12-04
B08463YH9T,2024-01-01
B08463YH9T,2024-01-29
B0846QKN1V,2023-02-27
B0846QKN1V,2023-03-27
B0846QKN1V,2023-04-24
B0846QKN1V,2023-05-22
B0846QKN1V,2023-06-19
B0846QKN1V,2023-07-17
B0846QKN1V,2023-08-14
B0846QKN1V,2023-09-11
B0846QKN1V,2023-10-09
B0846QKN1V,2023-11-06
B0846QKN1V,2023-12-04
B0846QKN1V,2024-01-01
B0846QKN1V,2024-01-29
B0846QWSPV,2023-02-27
B0846QWSPV,2023-03-27
B0846QWSPV,2023-04-24
B0846QWSPV,2023-05-22
B0846QWSPV,2023-06-19
B0846QWSPV,2023-07-17
B0846QWSPV,2023-08-14
B0846QWSPV,2023-09-11
B0846QWSPV,2023-10-09
B0846QWSPV,2023-11-06
B0846QWSPV,2023-12-04
B0846QWSPV,2024-01-01
B0846QWSPV,2024-01-29
B084BKFWWQ,2023-02-27
B084BKFWWQ,2023-03-27
B084BKFWWQ,2023-04-24
B084BKFWWQ,2023-05-22
B084BKFWWQ,2023-06-19
B084BKFWWQ,2023-07-17
B084BKFWWQ,2023-08-14
B084BKFWWQ,2023-09-11
B084BKFWWQ,2023-10-09
B084BKFWWQ,2023-11-06
B084BKFWWQ,2023-12-04
B084BKFWWQ,2024-01-01
B084BKFWWQ,2024-01-29
B084BKTJW1,2023-02-27
B084BKTJW1,2023-03-27
B084BKTJW1,2023-04-24
B084BKTJW1,2023-05-22
B084BKTJW1,2023-06-19
B084BKTJW1,2023-07-17
B084BKTJW1,2023-08-14
B084BKTJW1,2023-09-11
B084BKTJW1,2023-10-09
B084BKTJW1,2023-11-06
B084BKTJW1,2023-12-04
B084BKTJW1,2024-01-01
B084BKTJW1,2024-01-29
B084BMVRV9,2023-02-27
B084BMVRV9,2023-03-27
B084BMVRV9,2023-04-24
B084BMVRV9,2023-05-22
B084BMVRV9,2023-06-19
B084BMVRV9,2023-07-17
B084BMVRV9,2023-08-14
B084BMVRV9,2023-09-11
B084BMVRV9,2023-10-09
B084BMVRV9,2023-11-06
B084BMVRV9,2023-12-04
B084BMVRV9,2024-01-01
B084BMVRV9,2024-01-29
B084CJ412J,2023-02-27
B084CJ412J,2023-03-27
B084CJ412J,2023-04-24
B084CJ412J,2023-05-22
B084CJ412J,2023-06-19
B084CJ412J,2023-07-17
B084CJ412J,2023-08-14
B084CJ412J,2023-09-11
B084CJ412J,2023-10-09
B084CJ412J,2023-11-06
B084CJ412J,2023-12-04
B084CJ412J,2024-01-01
B084CJ412J,2024-01-29
B084CJH49Z,2023-02-27
B084CJH49Z,2023-03-27
B084CJH49Z,2023-04-24
B084CJH49Z,2023-05-22
B084CJH49Z,2023-06-19
B084CJH49Z,2023-07-17
B084CJH49Z,2023-08-14
B084CJH49Z,2023-09-11
B084CJH49Z,2023-10-09
B084CJH49Z,2023-11-06
B084CJH49Z,2023-12-04
B084CJH49Z,2024-01-01
B084CJH49Z,2024-01-29
B084DXQLXM,2023-02-27
B084DXQLXM,2023-03-27
B084DXQLXM,2023-04-24
B084DXQLXM,2023-05-22
B084DXQLXM,2023-06-19
B084DXQLXM,2023-07-17
B084DXQLXM,2023-08-14
B084DXQLXM,2023-09-11
B084DXQLXM,2023-10-09
B084DXQLXM,2023-11-06
B084DXQLXM,2023-12-04
B084DXQLXM,2024-01-01
B084DXQLXM,2024-01-29
B084FXDWL4,2023-02-27
B084FXDWL4,2023-03-27
B084FXDWL4,2023-04-24
B084FXDWL4,2023-05-22
B084FXDWL4,2023-06-19
B084FXDWL4,2023-07-17
B084FXDWL4,2023-08-14
B084FXDWL4,2023-09-11
B084FXDWL4,2023-10-09
B084FXDWL4,2023-11-06
B084FXDWL4,2023-12-04
B084FXDWL4,2024-01-01
B084FXDWL4,2024-01-29
B084HL483L,2023-02-27
B084HL483L,2023-03-27
B084HL483L,2023-04-24
B084HL483L,2023-05-22
B084HL483L,2023-06-19
B084HL483L,2023-07-17
B084HL483L,2023-08-14
B084HL483L,2023-09-11
B084HL483L,2023-10-09
B084HL483L,2023-11-06
B084HL483L,2023-12-04
B084HL483L,2024-01-01
B084HL483L,2024-01-29
B084HPBC3L,2023-02-27
B084HPBC3L,2023-03-27
B084HPBC3L,2023-04-24
B084HPBC3L,2023-05-22
B084HPBC3L,2023-06-19
B084HPBC3L,2023-07-17
B084HPBC3L,2023-08-14
B084HPBC3L,2023-09-11
B084HPBC3L,2023-10-09
B084HPBC3L,2023-11-06
B084HPBC3L,2023-12-04
B084HPBC3L,2024-01-01
B084HPBC3L,2024-01-29
B084JLP88Y,2023-03-27
B084JLP88Y,2023-04-24
B084JLP88Y,2023-05-22
B084JLP88Y,2023-06-19
B084JLP88Y,2023-07-17
B084JLP88Y,2023-08-14
B084JLP88Y,2023-09-11
B084JLP88Y,2023-10-09
B084JLP88Y,2023-11-06
B084JLP88Y,2023-12-04
B084JLP88Y,2024-01-01
B084JLP88Y,2024-01-29
B084LN4Q5P,2023-02-27
B084LN4Q5P,2023-03-27
B084LN4Q5P,2023-04-24
B084LN4Q5P,2023-05-22
B084LN4Q5P,2023-06-19
B084LN4Q5P,2023-07-17
B084LN4Q5P,2023-08-14
B084LN4Q5P,2023-09-11
B084LN4Q5P,2023-10-09
B084LN4Q5P,2023-11-06
B084LN4Q5P,2023-12-04
B084LN4Q5P,2024-01-01
B084LN4Q5P,2024-01-29
B084LN57M7,2023-02-27
B084LN57M7,2023-03-27
B084LN57M7,2023-04-24
B084LN57M7,2023-05-22
B084LN57M7,2023-06-19
B084LN57M7,2023-07-17
B084LN57M7,2023-08-14
B084LN57M7,2023-09-11
B084LN57M7,2023-10-09
B084LN57M7,2023-11-06
B084LN57M7,2023-12-04
B084LN57M7,2024-01-01
B084LN57M7,2024-01-29
B084MM8C6B,2023-07-17
B084MM8C6B,2023-08-14
B084MM8C6B,2023-09-11
B084MM8C6B,2023-10-09
B084MM8C6B,2023-11-06
B084MM8C6B,2023-12-04
B084MM8C6B,2024-01-01
B084MM8C6B,2024-01-29
B084NV7HHL,2023-02-27
B084NV7HHL,2023-03-27
B084NV7HHL,2023-04-24
B084NV7HHL,2023-05-22
B084NV7HHL,2023-06-19
B084NV7HHL,2023-07-17
B084NV7HHL,2023-08-14
B084NV7HHL,2023-09-11
B084NV7HHL,2023-10-09
B084NV7HHL,2023-11-06
B084NV7HHL,2023-12-04
B084NV7HHL,2024-01-01
B084NV7HHL,2024-01-29
B084P72RNL,2023-02-27
B084P72RNL,2023-03-27
B084P72RNL,2023-04-24
B084P72RNL,2023-05-22
B084P72RNL,2023-06-19
B084P72RNL,2023-07-17
B084P72RNL,2023-08-14
B084P72RNL,2023-09-11
B084P72RNL,2023-10-09
B084P72RNL,2023-11-06
B084P72RNL,2023-12-04
B084P72RNL,2024-01-01
B084P72RNL,2024-01-29
B084PB6Y91,2023-02-27
B084PB6Y91,2023-03-27
B084PB6Y91,2023-04-24
B084PB6Y91,2023-05-22
B084PB6Y91,2023-06-19
B084PB6Y91,2023-07-17
B084PB6Y91,2023-08-14
B084PB6Y91,2023-09-11
B084PB6Y91,2023-10-09
B084PB6Y91,2023-11-06
B084PB6Y91,2023-12-04
B084PB6Y91,2024-01-01
B084PB6Y91,2024-01-29
B084PD39HC,2023-04-24
B084PD39HC,2023-05-22
B084PD39HC,2023-06-19
B084PD39HC,2023-07-17
B084PD39HC,2023-08-14
B084PD39HC,2023-09-11
B084PD39HC,2023-10-09
B084PD39HC,2023-11-06
B084PD39HC,2023-12-04
B084PD39HC,2024-01-01
B084PD39HC,2024-01-29
B084QDV3SQ,2023-02-27
B084QDV3SQ,2023-03-27
B084QDV3SQ,2023-04-24
B084QDV3SQ,2023-05-22
B084QDV3SQ,2023-06-19
B084QDV3SQ,2023-07-17
B084QDV3SQ,2023-08-14
B084QDV3SQ,2023-09-11
B084QDV3SQ,2023-10-09
B084QDV3SQ,2023-11-06
B084QDV3SQ,2023-12-04
B084QDV3SQ,2024-01-01
B084QDV3SQ,2024-01-29
B084T5HGFB,2023-02-27
B084T5HGFB,2023-03-27
B084T5HGFB,2023-04-24
B084T5HGFB,2023-05-22
B084T5HGFB,2023-06-19
B084T5HGFB,2023-07-17
B084T5HGFB,2023-08-14
B084T5HGFB,2023-09-11
B084T5HGFB,2023-10-09
B084T5HGFB,2023-11-06
B084T5HGFB,2023-12-04
B084T5HGFB,2024-01-01
B084T5HGFB,2024-01-29
B084T726ZQ,2023-02-27
B084T726ZQ,2023-03-27
B084T726ZQ,2023-04-24
B084T726ZQ,2023-05-22
B084T726ZQ,2023-06-19
B084T726ZQ,2023-07-17
B084T726ZQ,2023-08-14
B084T726ZQ,2023-09-11
B084T726ZQ,2023-10-09
B084T726ZQ,2023-11-06
B084T726ZQ,2023-12-04
B084T726ZQ,2024-01-01
B084T726ZQ,2024-01-29
B084T7278Y,2023-02-27
B084T7278Y,2023-03-27
B084T7278Y,2023-04-24
B084T7278Y,2023-05-22
B084T7278Y,2023-06-19
B084T7278Y,2023-07-17
B084T7278Y,2023-08-14
B084T7278Y,2023-09-11
B084T7278Y,2023-10-09
B084T7278Y,2023-11-06
B084T7278Y,2023-12-04
B084T7278Y,2024-01-01
B084T7278Y,2024-01-29
B084TQWYKM,2023-02-27
B084TQWYKM,2023-03-27
B084TQWYKM,2023-04-24
B084TQWYKM,2023-05-22
B084TQWYKM,2023-06-19
B084TQWYKM,2023-07-17
B084TQWYKM,2023-08-14
B084TQWYKM,2023-09-11
B084TQWYKM,2023-10-09
B084TQWYKM,2023-11-06
B084TQWYKM,2023-12-04
B084TQWYKM,2024-01-01
B084TQWYKM,2024-01-29
B084WH9NCK,2023-02-27
B084WH9NCK,2023-03-27
B084WH9NCK,2023-04-24
B084WH9NCK,2023-05-22
B084WH9NCK,2023-06-19
B084WH9NCK,2023-07-17
B084WH9NCK,2023-08-14
B084WH9NCK,2023-09-11
B084WH9NCK,2023-10-09
B084WH9NCK,2023-11-06
B084WH9NCK,2023-12-04
B084WH9NCK,2024-01-01
B084WH9NCK,2024-01-29
B084ZC8FWJ,2023-02-27
B084ZC8FWJ,2023-03-27
B084ZC8FWJ,2023-04-24
B084ZC8FWJ,2023-05-22
B084ZC8FWJ,2023-06-19
B084ZC8FWJ,2023-07-17
B084ZC8FWJ,2023-08-14
B084ZC8FWJ,2023-09-11
B084ZC8FWJ,2023-10-09
B084ZC8FWJ,2023-11-06
B084ZC8FWJ,2023-12-04
B084ZC8FWJ,2024-01-01
B084ZC8FWJ,2024-01-29
B084ZCS3S7,2023-02-27
B084ZCS3S7,2023-03-27
B084ZCS3S7,2023-04-24
B084ZCS3S7,2023-05-22
B084ZCS3S7,2023-06-19
B084ZCS3S7,2023-07-17
B084ZCS3S7,2023-08-14
B084ZCS3S7,2023-09-11
B084ZCS3S7,2023-10-09
B084ZCS3S7,2023-11-06
B084ZCS3S7,2023-12-04
B084ZCS3S7,2024-01-01
B084ZCS3S7,2024-01-29
B0851258F4,2023-02-27
B0851258F4,2023-03-27
B0851258F4,2023-04-24
B0851258F4,2023-05-22
B0851258F4,2023-06-19
B0851258F4,2023-07-17
B0851258F4,2023-08-14
B0851258F4,2023-09-11
B0851258F4,2023-10-09
B0851258F4,2023-11-06
B0851258F4,2023-12-04
B0851258F4,2024-01-01
B0851258F4,2024-01-29
B085126LHT,2023-02-27
B085126LHT,2023-03-27
B085126LHT,2023-04-24
B085126LHT,2023-05-22
B085126LHT,2023-06-19
B085126LHT,2023-07-17
B085126LHT,2023-08-14
B085126LHT,2023-09-11
B085126LHT,2023-10-09
B085126LHT,2023-11-06
B085126LHT,2023-12-04
B085126LHT,2024-01-01
B085126LHT,2024-01-29
B085218FQX,2023-02-27
B085218FQX,2023-03-27
B085218FQX,2023-04-24
B085218FQX,2023-05-22
B085218FQX,2023-06-19
B085218FQX,2023-07-17
B085218FQX,2023-08-14
B085218FQX,2023-09-11
B085218FQX,2023-10-09
B085218FQX,2023-11-06
B085218FQX,2023-12-04
B085218FQX,2024-01-01
B085218FQX,2024-01-29
B08555ZMC9,2023-02-27
B08555ZMC9,2023-03-27
B08555ZMC9,2023-04-24
B08555ZMC9,2023-05-22
B08555ZMC9,2023-06-19
B08555ZMC9,2023-07-17
B08555ZMC9,2023-08-14
B08555ZMC9,2023-09-11
B08555ZMC9,2023-10-09
B08555ZMC9,2023-11-06
B08555ZMC9,2023-12-04
B08555ZMC9,2024-01-01
B08555ZMC9,2024-01-29
B0855FHCYL,2023-02-27
B0855FHCYL,2023-03-27
B0855FHCYL,2023-04-24
B0855FHCYL,2023-05-22
B0855FHCYL,2023-06-19
B0855FHCYL,2023-07-17
B0855FHCYL,2023-08-14
B0855FHCYL,2023-09-11
B0855FHCYL,2023-10-09
B0855FHCYL,2023-11-06
B0855FHCYL,2023-12-04
B0855FHCYL,2024-01-01
B0855FHCYL,2024-01-29
B0855ZYM6J,2023-02-27
B0855ZYM6J,2023-03-27
B0855ZYM6J,2023-04-24
B0855ZYM6J,2023-05-22
B0855ZYM6J,2023-06-19
B0855ZYM6J,2023-07-17
B0855ZYM6J,2023-08-14
B0855ZYM6J,2023-09-11
B0855ZYM6J,2023-10-09
B0855ZYM6J,2023-11-06
B0855ZYM6J,2023-12-04
B0855ZYM6J,2024-01-01
B0855ZYM6J,2024-01-29
B08561DYB2,2023-02-27
B08561DYB2,2023-03-27
B08561DYB2,2023-04-24
B08561DYB2,2023-05-22
B08561DYB2,2023-06-19
B08561DYB2,2023-07-17
B08561DYB2,2023-08-14
B08561DYB2,2023-09-11
B08561DYB2,2023-10-09
B08561DYB2,2023-11-06
B08561DYB2,2023-12-04
B08561DYB2,2024-01-01
B08561DYB2,2024-01-29
B0857655QZ,2023-02-27
B0857655QZ,2023-03-27
B0857655QZ,2023-04-24
B0857655QZ,2023-05-22
B0857655QZ,2023-06-19
B0857655QZ,2023-07-17
B0857655QZ,2023-08-14
B0857655QZ,2023-09-11
B0857655QZ,2023-10-09
B0857655QZ,2023-11-06
B0857655QZ,2023-12-04
B0857655QZ,2024-01-01
B0857655QZ,2024-01-29
B0859XT83S,2023-02-27
B0859XT83S,2023-03-27
B0859XT83S,2023-04-24
B0859XT83S,2023-05-22
B0859XT83S,2023-06-19
B0859XT83S,2023-07-17
B0859XT83S,2023-08-14
B0859XT83S,2023-09-11
B0859XT83S,2023-10-09
B0859XT83S,2023-11-06
B0859XT83S,2023-12-04
B0859XT83S,2024-01-01
B0859XT83S,2024-01-29
B085DJB8F5,2023-02-27
B085DJB8F5,2023-03-27
B085DJB8F5,2023-04-24
B085DJB8F5,2023-05-22
B085DJB8F5,2023-06-19
B085DJB8F5,2023-07-17
B085DJB8F5,2023-08-14
B085DJB8F5,2023-09-11
B085DJB8F5,2023-10-09
B085DJB8F5,2023-11-06
B085DJB8F5,2023-12-04
B085DJB8F5,2024-01-01
B085DJB8F5,2024-01-29
B085DKTCQC,2023-02-27
B085DKTCQC,2023-03-27
B085DKTCQC,2023-04-24
B085DKTCQC,2023-05-22
B085DKTCQC,2023-06-19
B085DKTCQC,2023-07-17
B085DKTCQC,2023-08-14
B085DKTCQC,2023-09-11
B085DKTCQC,2023-10-09
B085DKTCQC,2023-11-06
B085DKTCQC,2023-12-04
B085DKTCQC,2024-01-01
B085DKTCQC,2024-01-29
B085DTPJK6,2023-02-27
B085DTPJK6,2023-03-27
B085DTPJK6,2023-04-24
B085DTPJK6,2023-05-22
B085DTPJK6,2023-06-19
B085DTPJK6,2023-07-17
B085DTPJK6,2023-08-14
B085DTPJK6,2023-09-11
B085DTPJK6,2023-10-09
B085DTPJK6,2023-11-06
B085DTPJK6,2023-12-04
B085DTPJK6,2024-01-01
B085DTPJK6,2024-01-29
B085DTRKMG,2023-02-27
B085DTRKMG,2023-03-27
B085DTRKMG,2023-04-24
B085DTRKMG,2023-05-22
B085DTRKMG,2023-06-19
B085DTRKMG,2023-07-17
B085DTRKMG,2023-08-14
B085DTRKMG,2023-09-11
B085DTRKMG,2023-10-09
B085DTRKMG,2023-11-06
B085DTRKMG,2023-12-04
B085DTRKMG,2024-01-01
B085DTRKMG,2024-01-29
B085DTS3KD,2023-02-27
B085DTS3KD,2023-03-27
B085DTS3KD,2023-04-24
B085DTS3KD,2023-05-22
B085DTS3KD,2023-06-19
B085DTS3KD,2023-07-17
B085DTS3KD,2023-08-14
B085DTS3KD,2023-09-11
B085DTS3KD,2023-10-09
B085DTS3KD,2023-11-06
B085DTS3KD,2023-12-04
B085DTS3KD,2024-01-01
B085DTS3KD,2024-01-29
B085DTSLJ6,2023-02-27
B085DTSLJ6,2023-03-27
B085DTSLJ6,2023-04-24
B085DTSLJ6,2023-05-22
B085DTSLJ6,2023-06-19
B085DTSLJ6,2023-07-17
B085DTSLJ6,2023-08-14
B085DTSLJ6,2023-09-11
B085DTSLJ6,2023-10-09
B085DTSLJ6,2023-11-06
B085DTSLJ6,2023-12-04
B085DTSLJ6,2024-01-01
B085DTSLJ6,2024-01-29
B085HPBXSD,2023-02-27
B085HPBXSD,2023-03-27
B085HPBXSD,2023-04-24
B085HPBXSD,2023-05-22
B085HPBXSD,2023-06-19
B085HPBXSD,2023-07-17
B085HPBXSD,2023-08-14
B085HPBXSD,2023-09-11
B085HPBXSD,2023-10-09
B085HPBXSD,2023-11-06
B085HPBXSD,2023-12-04
B085HPBXSD,2024-01-01
B085HPBXSD,2024-01-29
B085M86VRQ,2023-02-27
B085M86VRQ,2023-03-27
B085M86VRQ,2023-04-24
B085M86VRQ,2023-05-22
B085M86VRQ,2023-06-19
B085M86VRQ,2023-07-17
B085M86VRQ,2023-08-14
B085M86VRQ,2023-09-11
B085M86VRQ,2023-10-09
B085M86VRQ,2023-11-06
B085M86VRQ,2023-12-04
B085M86VRQ,2024-01-01
B085M86VRQ,2024-01-29
B085M8F24L,2023-02-27
B085M8F24L,2023-03-27
B085M8F24L,2023-04-24
B085M8F24L,2023-05-22
B085M8F24L,2023-06-19
B085M8F24L,2023-07-17
B085M8F24L,2023-08-14
B085M8F24L,2023-09-11
B085M8F24L,2023-10-09
B085M8F24L,2023-11-06
B085M8F24L,2023-12-04
B085M8F24L,2024-01-01
B085M8F24L,2024-01-29
B085M8QHZN,2023-02-27
B085M8QHZN,2023-03-27
B085M8QHZN,2023-04-24
B085M8QHZN,2023-05-22
B085M8QHZN,2023-06-19
B085M8QHZN,2023-07-17
B085M8QHZN,2023-08-14
B085M8QHZN,2023-09-11
B085M8QHZN,2023-10-09
B085M8QHZN,2023-11-06
B085M8QHZN,2023-12-04
B085M8QHZN,2024-01-01
B085M8QHZN,2024-01-29
B085NLWTMW,2023-02-27
B085NLWTMW,2023-03-27
B085NLWTMW,2023-04-24
B085NLWTMW,2023-05-22
B085NLWTMW,2023-06-19
B085NLWTMW,2023-07-17
B085NLWTMW,2023-08-14
B085NLWTMW,2023-09-11
B085NLWTMW,2023-10-09
B085NLWTMW,2023-11-06
B085NLWTMW,2023-12-04
B085NLWTMW,2024-01-01
B085NLWTMW,2024-01-29
B085QNZBS2,2023-02-27
B085QNZBS2,2023-03-27
B085QNZBS2,2023-04-24
B085QNZBS2,2023-05-22
B085QNZBS2,2023-08-14
B085QNZBS2,2023-09-11
B085QNZBS2,2023-10-09
B085QNZBS2,2023-11-06
B085QNZBS2,2023-12-04
B085QNZBS2,2024-01-01
B085QNZBS2,2024-01-29
B085QP12PX,2023-02-27
B085QP12PX,2023-03-27
B085QP12PX,2023-04-24
B085QP12PX,2023-05-22
B085QP12PX,2023-06-19
B085QP12PX,2023-07-17
B085QP12PX,2023-08-14
B085QP12PX,2023-09-11
B085QP12PX,2023-10-09
B085QP12PX,2023-11-06
B085QP12PX,2023-12-04
B085QP12PX,2024-01-01
B085QP12PX,2024-01-29
B085T8TL4R,2023-02-27
B085T8TL4R,2023-03-27
B085T8TL4R,2023-04-24
B085T8TL4R,2023-05-22
B085T8TL4R,2023-06-19
B085T8TL4R,2023-07-17
B085T8TL4R,2023-08-14
B085T8TL4R,2023-09-11
B085T8TL4R,2023-10-09
B085T8TL4R,2023-11-06
B085T8TL4R,2023-12-04
B085T8TL4R,2024-01-01
B085T8TL4R,2024-01-29
B0861FWYT5,2023-02-27
B0861FWYT5,2023-03-27
B0861FWYT5,2023-04-24
B0861FWYT5,2023-05-22
B0861FWYT5,2023-06-19
B0861FWYT5,2023-07-17
B0861FWYT5,2023-08-14
B0861FWYT5,2023-09-11
B0861FWYT5,2023-10-09
B0861FWYT5,2023-11-06
B0861FWYT5,2023-12-04
B0861FWYT5,2024-01-01
B0861FWYT5,2024-01-29
B0861WYDMW,2023-02-27
B0861WYDMW,2023-03-27
B0861WYDMW,2023-04-24
B0861WYDMW,2023-05-22
B0861WYDMW,2023-06-19
B0861WYDMW,2023-07-17
B0861WYDMW,2023-08-14
B0861WYDMW,2023-09-11
B0861WYDMW,2023-10-09
B0861WYDMW,2023-11-06
B0861WYDMW,2023-12-04
B0861WYDMW,2024-01-01
B0861WYDMW,2024-01-29
B08659RX8Y,2023-02-27
B08659RX8Y,2023-03-27
B08659RX8Y,2023-04-24
B08659RX8Y,2023-05-22
B08659RX8Y,2023-06-19
B08659RX8Y,2023-07-17
B08659RX8Y,2023-08-14
B08659RX8Y,2023-09-11
B08659RX8Y,2023-10-09
B08659RX8Y,2023-11-06
B08659RX8Y,2023-12-04
B08659RX8Y,2024-01-01
B08659RX8Y,2024-01-29
B0866471VN,2023-02-27
B0866471VN,2023-03-27
B0866471VN,2023-04-24
B0866471VN,2023-05-22
B0866471VN,2023-06-19
B0866471VN,2023-07-17
B0866471VN,2023-08-14
B0866471VN,2023-09-11
B0866471VN,2023-10-09
B0866471VN,2023-11-06
B0866471VN,2023-12-04
B0866471VN,2024-01-01
B0866471VN,2024-01-29
B0868WGNDV,2023-02-27
B0868WGNDV,2023-03-27
B0868WGNDV,2023-04-24
B0868WGNDV,2023-05-22
B0868WGNDV,2023-06-19
B0868WGNDV,2023-07-17
B0868WGNDV,2023-08-14
B0868WGNDV,2023-09-11
B0868WGNDV,2023-10-09
B0868WGNDV,2023-11-06
B0868WGNDV,2023-12-04
B0868WGNDV,2024-01-01
B0868WGNDV,2024-01-29
B086DC6ZKR,2023-02-27
B086DC6ZKR,2023-03-27
B086DC6ZKR,2023-04-24
B086DC6ZKR,2023-05-22
B086DC6ZKR,2023-06-19
B086DC6ZKR,2023-07-17
B086DC6ZKR,2023-08-14
B086DC6ZKR,2023-09-11
B086DC6ZKR,2023-10-09
B086DC6ZKR,2023-11-06
B086DC6ZKR,2023-12-04
B086DC6ZKR,2024-01-01
B086DC6ZKR,2024-01-29
B086DWHYQH,2024-01-01
B086DWHYQH,2024-01-29
B086FJV9ZL,2023-02-27
B086FJV9ZL,2023-03-27
B086FJV9ZL,2023-04-24
B086FJV9ZL,2023-05-22
B086FJV9ZL,2023-06-19
B086FJV9ZL,2023-07-17
B086FJV9ZL,2023-08-14
B086FJV9ZL,2023-09-11
B086FJV9ZL,2023-10-09
B086FJV9ZL,2023-11-06
B086FJV9ZL,2023-12-04
B086FJV9ZL,2024-01-01
B086FJV9ZL,2024-01-29
B086FVNM95,2023-03-27
B086FVNM95,2023-04-24
B086FVNM95,2023-05-22
B086FVNM95,2023-06-19
B086FVNM95,2023-07-17
B086FVNM95,2023-08-14
B086FVNM95,2023-09-11
B086FVNM95,2023-10-09
B086FVNM95,2023-11-06
B086FVNM95,2023-12-04
B086FVNM95,2024-01-01
B086FVNM95,2024-01-29
B086FZLDFB,2023-03-27
B086FZLDFB,2023-04-24
B086FZLDFB,2023-05-22
B086FZLDFB,2023-06-19
B086FZLDFB,2023-07-17
B086FZLDFB,2023-08-14
B086FZLDFB,2023-09-11
B086FZLDFB,2023-10-09
B086FZLDFB,2023-11-06
B086FZLDFB,2023-12-04
B086FZLDFB,2024-01-01
B086FZLDFB,2024-01-29
B086G1YVVN,2023-02-27
B086G1YVVN,2023-03-27
B086G1YVVN,2023-04-24
B086G1YVVN,2023-05-22
B086G1YVVN,2023-06-19
B086G1YVVN,2023-07-17
B086G1YVVN,2023-08-14
B086G1YVVN,2023-09-11
B086G1YVVN,2023-10-09
B086G1YVVN,2023-11-06
B086G1YVVN,2023-12-04
B086G1YVVN,2024-01-01
B086G1YVVN,2024-01-29
B086GT7GRT,2023-02-27
B086GT7GRT,2023-03-27
B086GT7GRT,2023-04-24
B086GT7GRT,2023-05-22
B086GT7GRT,2023-06-19
B086GT7GRT,2023-07-17
B086GT7GRT,2023-08-14
B086GT7GRT,2023-09-11
B086GT7GRT,2023-10-09
B086GT7GRT,2023-11-06
B086GT7GRT,2023-12-04
B086GT7GRT,2024-01-01
B086GT7GRT,2024-01-29
B086GVK3QG,2023-02-27
B086GVK3QG,2023-03-27
B086GVK3QG,2023-04-24
B086GVK3QG,2023-05-22
B086GVK3QG,2023-06-19
B086GVK3QG,2023-07-17
B086GVK3QG,2023-08-14
B086GVK3QG,2023-09-11
B086GVK3QG,2023-10-09
B086GVK3QG,2023-11-06
B086GVK3QG,2023-12-04
B086GVK3QG,2024-01-01
B086GVK3QG,2024-01-29
B086QB1C48,2023-02-27
B086QB1C48,2023-03-27
B086QB1C48,2023-04-24
B086QB1C48,2023-05-22
B086QB1C48,2023-06-19
B086QB1C48,2023-07-17
B086QB1C48,2023-08-14
B086QB1C48,2023-09-11
B086QB1C48,2023-10-09
B086QB1C48,2023-11-06
B086QB1C48,2023-12-04
B086QB1C48,2024-01-01
B086QB1C48,2024-01-29
B086QXV9FS,2023-02-27
B086QXV9FS,2023-03-27
B086QXV9FS,2023-04-24
B086QXV9FS,2023-05-22
B086QXV9FS,2023-06-19
B086QXV9FS,2023-07-17
B086QXV9FS,2023-08-14
B086QXV9FS,2023-09-11
B086QXV9FS,2023-10-09
B086QXV9FS,2023-11-06
B086QXV9FS,2023-12-04
B086QXV9FS,2024-01-01
B086QXV9FS,2024-01-29
B086W9CMCS,2023-02-27
B086W9CMCS,2023-03-27
B086W9CMCS,2023-04-24
B086W9CMCS,2023-05-22
B086W9CMCS,2023-06-19
B086W9CMCS,2023-07-17
B086W9CMCS,2023-08-14
B086W9CMCS,2023-09-11
B086W9CMCS,2023-10-09
B086W9CMCS,2023-11-06
B086W9CMCS,2023-12-04
B086W9CMCS,2024-01-01
B086W9CMCS,2024-01-29
B086XVZMRM,2023-02-27
B086XVZMRM,2023-03-27
B086XVZMRM,2023-04-24
B086XVZMRM,2023-05-22
B086XVZMRM,2023-06-19
B086XVZMRM,2023-07-17
B086XVZMRM,2023-08-14
B086XVZMRM,2023-09-11
B086XVZMRM,2023-10-09
B086XVZMRM,2023-11-06
B086XVZMRM,2023-12-04
B086XVZMRM,2024-01-01
B086XVZMRM,2024-01-29
B086XWHXP2,2023-02-27
B086XWHXP2,2023-03-27
B086XWHXP2,2023-04-24
B086XWHXP2,2023-05-22
B086XWHXP2,2023-06-19
B086XWHXP2,2023-07-17
B086XWHXP2,2023-08-14
B086XWHXP2,2023-09-11
B086XWHXP2,2023-10-09
B086XWHXP2,2023-11-06
B086XWHXP2,2023-12-04
B086XWHXP2,2024-01-01
B086XWHXP2,2024-01-29
B086ZJZB7D,2023-02-27
B086ZJZB7D,2023-03-27
B086ZJZB7D,2023-04-24
B086ZJZB7D,2023-05-22
B086ZJZB7D,2023-06-19
B086ZJZB7D,2023-07-17
B086ZJZB7D,2023-08-14
B086ZJZB7D,2023-09-11
B086ZJZB7D,2023-10-09
B086ZJZB7D,2023-11-06
B086ZJZB7D,2023-12-04
B086ZJZB7D,2024-01-01
B086ZJZB7D,2024-01-29
B08711SBPS,2023-02-27
B08711SBPS,2023-03-27
B08711SBPS,2023-04-24
B08711SBPS,2023-05-22
B08711SBPS,2023-06-19
B08711SBPS,2023-07-17
B08711SBPS,2023-08-14
B08711SBPS,2023-09-11
B08711SBPS,2023-10-09
B08711SBPS,2023-11-06
B08711SBPS,2023-12-04
B08711SBPS,2024-01-01
B08711SBPS,2024-01-29
B08723D9T4,2023-02-27
B08723D9T4,2023-03-27
B08723D9T4,2023-04-24
B08723D9T4,2023-05-22
B08723D9T4,2023-06-19
B08723D9T4,2023-07-17
B08723D9T4,2023-08-14
B08723D9T4,2023-09-11
B08723D9T4,2023-10-09
B08723D9T4,2023-11-06
B08723D9T4,2023-12-04
B08723D9T4,2024-01-01
B08723D9T4,2024-01-29
B0872DLQDZ,2023-02-27
B0872DLQDZ,2023-03-27
B0872DLQDZ,2023-04-24
B0872DLQDZ,2023-05-22
B0872DLQDZ,2023-06-19
B0872DLQDZ,2023-07-17
B0872DLQDZ,2023-08-14
B0872DLQDZ,2023-09-11
B0872DLQDZ,2023-10-09
B0872DLQDZ,2023-11-06
B0872DLQDZ,2023-12-04
B0872DLQDZ,2024-01-01
B0872DLQDZ,2024-01-29
B08739YTL5,2023-02-27
B08739YTL5,2023-03-27
B08739YTL5,2023-04-24
B08739YTL5,2023-05-22
B08739YTL5,2023-06-19
B08739YTL5,2023-07-17
B08739YTL5,2023-08-14
B08739YTL5,2023-09-11
B08739YTL5,2023-10-09
B08739YTL5,2023-11-06
B08739YTL5,2023-12-04
B08739YTL5,2024-01-01
B08739YTL5,2024-01-29
B0873B1WS5,2023-02-27
B0873B1WS5,2023-03-27
B0873B1WS5,2023-04-24
B0873B1WS5,2023-05-22
B0873B1WS5,2023-06-19
B0873B1WS5,2023-07-17
B0873B1WS5,2023-08-14
B0873B1WS5,2023-09-11
B0873B1WS5,2023-10-09
B0873B1WS5,2023-11-06
B0873B1WS5,2023-12-04
B0873B1WS5,2024-01-01
B0873B1WS5,2024-01-29
B0876TP8PL,2023-02-27
B0876TP8PL,2023-03-27
B0876TP8PL,2023-04-24
B0876TP8PL,2023-05-22
B0876TP8PL,2023-06-19
B0876TP8PL,2023-07-17
B0876TP8PL,2023-08-14
B0876TP8PL,2023-09-11
B0876TP8PL,2023-10-09
B0876TP8PL,2023-11-06
B0876TP8PL,2023-12-04
B0876TP8PL,2024-01-01
B0876TP8PL,2024-01-29
B087CKPBVC,2023-02-27
B087CKPBVC,2023-03-27
B087CKPBVC,2023-04-24
B087CKPBVC,2023-05-22
B087CKPBVC,2023-06-19
B087CKPBVC,2023-07-17
B087CKPBVC,2023-08-14
B087CKPBVC,2023-09-11
B087CKPBVC,2023-10-09
B087CKPBVC,2023-11-06
B087CKPBVC,2023-12-04
B087CKPBVC,2024-01-01
B087CKPBVC,2024-01-29
B087CSTNHH,2023-02-27
B087CSTNHH,2023-03-27
B087CSTNHH,2023-04-24
B087CSTNHH,2023-05-22
B087CSTNHH,2023-06-19
B087CSTNHH,2023-07-17
B087CSTNHH,2023-08-14
B087CSTNHH,2023-09-11
B087CSTNHH,2023-10-09
B087CSTNHH,2023-11-06
B087CSTNHH,2023-12-04
B087CSTNHH,2024-01-01
B087CSTNHH,2024-01-29
B087FB9SLZ,2023-02-27
B087FB9SLZ,2023-03-27
B087FB9SLZ,2023-04-24
B087FB9SLZ,2023-05-22
B087FB9SLZ,2023-06-19
B087FB9SLZ,2023-07-17
B087FB9SLZ,2023-08-14
B087FB9SLZ,2023-09-11
B087FB9SLZ,2023-10-09
B087FB9SLZ,2023-11-06
B087FB9SLZ,2023-12-04
B087FB9SLZ,2024-01-01
B087FB9SLZ,2024-01-29
B087FTYHST,2023-02-27
B087FTYHST,2023-03-27
B087FTYHST,2023-04-24
B087FTYHST,2023-05-22
B087FTYHST,2023-06-19
B087FTYHST,2023-07-17
B087FTYHST,2023-08-14
B087FTYHST,2023-09-11
B087FTYHST,2023-10-09
B087FTYHST,2023-11-06
B087FTYHST,2023-12-04
B087FTYHST,2024-01-01
B087FTYHST,2024-01-29
B087JKLLT9,2023-02-27
B087JKLLT9,2023-03-27
B087JKLLT9,2023-04-24
B087JKLLT9,2023-05-22
B087JKLLT9,2023-06-19
B087JKLLT9,2023-07-17
B087JKLLT9,2023-08-14
B087JKLLT9,2023-09-11
B087JKLLT9,2023-10-09
B087JKLLT9,2023-11-06
B087JKLLT9,2023-12-04
B087JKLLT9,2024-01-01
B087JKLLT9,2024-01-29
B087MJMW26,2023-12-04
B087MJMW26,2024-01-01
B087MJMW26,2024-01-29
B087QT45X5,2023-02-27
B087QT45X5,2023-03-27
B087QT45X5,2023-04-24
B087QT45X5,2023-05-22
B087QT45X5,2023-06-19
B087QT45X5,2023-07-17
B087QT45X5,2023-08-14
B087QT45X5,2023-09-11
B087QT45X5,2023-10-09
B087QT45X5,2023-11-06
B087QT45X5,2023-12-04
B087QT45X5,2024-01-01
B087QT45X5,2024-01-29
B087TQC21Y,2023-02-27
B087TQC21Y,2023-03-27
B087TQC21Y,2023-04-24
B087TQC21Y,2023-05-22
B087TQC21Y,2023-06-19
B087TQC21Y,2023-07-17
B087TQC21Y,2023-08-14
B087TQC21Y,2023-09-11
B087TQC21Y,2023-10-09
B087TQC21Y,2023-11-06
B087TQC21Y,2023-12-04
B087TQC21Y,2024-01-01
B087TQC21Y,2024-01-29
B087W59FL5,2023-02-27
B087W59FL5,2023-03-27
B087W59FL5,2023-04-24
B087W59FL5,2023-05-22
B087W59FL5,2023-06-19
B087W59FL5,2023-07-17
B087W59FL5,2023-08-14
B087W59FL5,2023-09-11
B087W59FL5,2023-10-09
B087W59FL5,2023-11-06
B087W59FL5,2023-12-04
B087W59FL5,2024-01-01
B087W59FL5,2024-01-29
B087YZ86ZT,2023-02-27
B087YZ86ZT,2023-03-27
B087YZ86ZT,2023-04-24
B087YZ86ZT,2023-05-22
B087YZ86ZT,2023-06-19
B087YZ86ZT,2023-07-17
B087YZ86ZT,2023-08-14
B087YZ86ZT,2023-09-11
B087YZ86ZT,2023-10-09
B087YZ86ZT,2023-11-06
B087YZ86ZT,2023-12-04
B087YZ86ZT,2024-01-01
B087YZ86ZT,2024-01-29
B0881GKPHR,2023-02-27
B0881GKPHR,2023-03-27
B0881GKPHR,2023-04-24
B0881GKPHR,2023-05-22
B0881GKPHR,2023-06-19
B0881GKPHR,2023-07-17
B0881GKPHR,2023-08-14
B0881GKPHR,2023-09-11
B0881GKPHR,2023-10-09
B0881GKPHR,2023-11-06
B0881GKPHR,2023-12-04
B0881GKPHR,2024-01-01
B0881GKPHR,2024-01-29
B0881GYNC9,2023-02-27
B0881GYNC9,2023-03-27
B0881GYNC9,2023-04-24
B0881GYNC9,2023-05-22
B0881GYNC9,2023-06-19
B0881GYNC9,2023-07-17
B0881GYNC9,2023-08-14
B0881GYNC9,2023-09-11
B0881GYNC9,2023-10-09
B0881GYNC9,2023-11-06
B0881GYNC9,2023-12-04
B0881GYNC9,2024-01-01
B0881GYNC9,2024-01-29
B0881MV5CB,2023-02-27
B0881MV5CB,2023-03-27
B0881MV5CB,2023-04-24
B0881MV5CB,2023-05-22
B0881MV5CB,2023-06-19
B0881MV5CB,2023-07-17
B0881MV5CB,2023-08-14
B0881MV5CB,2023-09-11
B0881MV5CB,2023-10-09
B0881MV5CB,2023-11-06
B0881MV5CB,2023-12-04
B0881MV5CB,2024-01-01
B0881MV5CB,2024-01-29
B0881S7FPP,2023-02-27
B0881S7FPP,2023-03-27
B0881S7FPP,2023-04-24
B0881S7FPP,2023-05-22
B0881S7FPP,2023-06-19
B0881S7FPP,2023-07-17
B0881S7FPP,2023-08-14
B0881S7FPP,2023-09-11
B0881S7FPP,2023-10-09
B0881S7FPP,2023-11-06
B0881S7FPP,2023-12-04
B0881S7FPP,2024-01-01
B0881S7FPP,2024-01-29
B0881ZTXQF,2023-02-27
B0881ZTXQF,2023-03-27
B0881ZTXQF,2023-04-24
B0881ZTXQF,2023-05-22
B0881ZTXQF,2023-06-19
B0881ZTXQF,2023-07-17
B0881ZTXQF,2023-08-14
B0881ZTXQF,2023-09-11
B0881ZTXQF,2023-10-09
B0881ZTXQF,2023-11-06
B0881ZTXQF,2023-12-04
B0881ZTXQF,2024-01-01
B0881ZTXQF,2024-01-29
B08821JCTQ,2023-02-27
B08821JCTQ,2023-03-27
B08821JCTQ,2023-04-24
B08821JCTQ,2023-05-22
B08821JCTQ,2023-06-19
B08821JCTQ,2023-07-17
B08821JCTQ,2023-08-14
B08821JCTQ,2023-09-11
B08821JCTQ,2023-10-09
B08821JCTQ,2023-11-06
B08821JCTQ,2023-12-04
B08821JCTQ,2024-01-01
B08821JCTQ,2024-01-29
B08821XPL4,2023-02-27
B08821XPL4,2023-03-27
B08821XPL4,2023-04-24
B08821XPL4,2023-05-22
B08821XPL4,2023-06-19
B08821XPL4,2023-07-17
B08821XPL4,2023-08-14
B08821XPL4,2023-09-11
B08821XPL4,2023-10-09
B08821XPL4,2023-11-06
B08821XPL4,2023-12-04
B08821XPL4,2024-01-01
B08821XPL4,2024-01-29
B088671MFJ,2023-02-27
B088671MFJ,2023-03-27
B088671MFJ,2023-04-24
B088671MFJ,2023-05-22
B088671MFJ,2023-06-19
B088671MFJ,2023-07-17
B088671MFJ,2023-08-14
B088671MFJ,2023-09-11
B088671MFJ,2023-10-09
B088671MFJ,2023-11-06
B088671MFJ,2023-12-04
B088671MFJ,2024-01-01
B088671MFJ,2024-01-29
B08882BV91,2023-02-27
B08882BV91,2023-03-27
B08882BV91,2023-04-24
B08882BV91,2023-05-22
B08882BV91,2023-06-19
B08882BV91,2023-07-17
B08882BV91,2023-08-14
B08882BV91,2023-09-11
B08882BV91,2023-10-09
B08882BV91,2023-11-06
B08882BV91,2023-12-04
B08882BV91,2024-01-01
B08882BV91,2024-01-29
B08888KG2M,2023-02-27
B08888KG2M,2023-03-27
B08888KG2M,2023-04-24
B08888KG2M,2023-05-22
B08888KG2M,2023-06-19
B08888KG2M,2023-07-17
B08888KG2M,2023-08-14
B08888KG2M,2023-09-11
B08888KG2M,2023-10-09
B08888KG2M,2023-11-06
B08888KG2M,2023-12-04
B08888KG2M,2024-01-01
B08888KG2M,2024-01-29
B08889CD62,2023-02-27
B08889CD62,2023-03-27
B08889CD62,2023-04-24
B08889CD62,2023-05-22
B08889CD62,2023-06-19
B08889CD62,2023-07-17
B08889CD62,2023-08-14
B08889CD62,2023-09-11
B08889CD62,2023-10-09
B08889CD62,2023-11-06
B08889CD62,2023-12-04
B08889CD62,2024-01-01
B08889CD62,2024-01-29
B088GS2CKN,2023-02-27
B088GS2CKN,2023-03-27
B088GS2CKN,2023-04-24
B088GS2CKN,2023-05-22
B088GS2CKN,2023-06-19
B088GS2CKN,2023-07-17
B088GS2CKN,2023-08-14
B088GS2CKN,2023-09-11
B088GS2CKN,2023-10-09
B088GS2CKN,2023-11-06
B088GS2CKN,2023-12-04
B088GS2CKN,2024-01-01
B088GS2CKN,2024-01-29
B088GSYKV6,2023-02-27
B088GSYKV6,2023-03-27
B088GSYKV6,2023-04-24
B088GSYKV6,2023-05-22
B088GSYKV6,2023-06-19
B088GSYKV6,2023-07-17
B088GSYKV6,2023-08-14
B088GSYKV6,2023-09-11
B088GSYKV6,2023-10-09
B088GSYKV6,2023-11-06
B088GSYKV6,2023-12-04
B088GSYKV6,2024-01-01
B088GSYKV6,2024-01-29
B088K657KY,2023-02-27
B088K657KY,2023-03-27
B088K657KY,2023-04-24
B088K657KY,2023-05-22
B088K657KY,2023-06-19
B088K657KY,2023-07-17
B088K657KY,2023-08-14
B088K657KY,2023-09-11
B088K657KY,2023-10-09
B088K657KY,2023-11-06
B088K657KY,2023-12-04
B088K657KY,2024-01-01
B088K657KY,2024-01-29
B088LTDW45,2023-02-27
B088LTDW45,2023-03-27
B088LTDW45,2023-04-24
B088LTDW45,2023-05-22
B088LTDW45,2023-06-19
B088LTDW45,2023-07-17
B088LTDW45,2023-08-14
B088LTDW45,2023-09-11
B088LTDW45,2023-10-09
B088LTDW45,2023-11-06
B088LTDW45,2023-12-04
B088LTDW45,2024-01-01
B088LTDW45,2024-01-29
B088MK6941,2023-06-19
B088MK6941,2023-07-17
B088MK6941,2023-08-14
B088MK6941,2023-09-11
B088MK6941,2023-10-09
B088MK6941,2023-11-06
B088MK6941,2023-12-04
B088MK6941,2024-01-01
B088MK6941,2024-01-29
B088P5M1GC,2023-02-27
B088P5M1GC,2023-03-27
B088P5M1GC,2023-04-24
B088P5M1GC,2023-05-22
B088P5M1GC,2023-06-19
B088P5M1GC,2023-07-17
B088P5M1GC,2023-08-14
B088P5M1GC,2023-09-11
B088P5M1GC,2023-10-09
B088P5M1GC,2023-11-06
B088P5M1GC,2023-12-04
B088P5M1GC,2024-01-01
B088P5M1GC,2024-01-29
B088PLGGXT,2023-02-27
B088PLGGXT,2023-03-27
B088PLGGXT,2023-04-24
B088PLGGXT,2023-05-22
B088PLGGXT,2023-06-19
B088PLGGXT,2023-07-17
B088PLGGXT,2023-08-14
B088PLGGXT,2023-09-11
B088PLGGXT,2023-10-09
B088PLGGXT,2023-11-06
B088PLGGXT,2023-12-04
B088PLGGXT,2024-01-01
B088PLGGXT,2024-01-29
B088W79N4S,2023-02-27
B088W79N4S,2023-03-27
B088W79N4S,2023-04-24
B088W79N4S,2023-05-22
B088W79N4S,2023-06-19
B088W79N4S,2023-07-17
B088W79N4S,2023-08-14
B088W79N4S,2023-09-11
B088W79N4S,2023-10-09
B088W79N4S,2023-11-06
B088W79N4S,2023-12-04
B088W79N4S,2024-01-01
B088W79N4S,2024-01-29
B088W8HLDL,2023-02-27
B088W8HLDL,2023-03-27
B088W8HLDL,2023-04-24
B088W8HLDL,2023-05-22
B088W8HLDL,2023-06-19
B088W8HLDL,2023-07-17
B088W8HLDL,2023-08-14
B088W8HLDL,2023-09-11
B088W8HLDL,2023-10-09
B088W8HLDL,2023-11-06
B088W8HLDL,2023-12-04
B088W8HLDL,2024-01-01
B088W8HLDL,2024-01-29
B08923S27S,2023-02-27
B08923S27S,2023-03-27
B08923S27S,2023-04-24
B08923S27S,2023-05-22
B08923S27S,2023-06-19
B08923S27S,2023-07-17
B08923S27S,2023-08-14
B08923S27S,2023-09-11
B08923S27S,2023-10-09
B08923S27S,2023-11-06
B08923S27S,2023-12-04
B08923S27S,2024-01-01
B08923S27S,2024-01-29
B08924RQB7,2023-02-27
B08924RQB7,2023-03-27
B08924RQB7,2023-04-24
B08924RQB7,2023-05-22
B08924RQB7,2023-06-19
B08924RQB7,2023-07-17
B08924RQB7,2023-08-14
B08924RQB7,2023-09-11
B08924RQB7,2023-10-09
B08924RQB7,2023-11-06
B08924RQB7,2023-12-04
B08924RQB7,2024-01-01
B08924RQB7,2024-01-29
B08925LQ47,2023-02-27
B08925LQ47,2023-03-27
B08925LQ47,2023-04-24
B08925LQ47,2023-05-22
B08925LQ47,2023-06-19
B08925LQ47,2023-07-17
B08925LQ47,2023-08-14
B08925LQ47,2023-09-11
B08925LQ47,2023-10-09
B08925LQ47,2023-11-06
B08925LQ47,2023-12-04
B08925LQ47,2024-01-01
B08925LQ47,2024-01-29
B0892JMHXY,2023-02-27
B0892JMHXY,2023-03-27
B0892JMHXY,2023-04-24
B0892JMHXY,2023-05-22
B0892JMHXY,2023-06-19
B0892JMHXY,2023-07-17
B0892JMHXY,2023-08-14
B0892JMHXY,2023-09-11
B0892JMHXY,2023-10-09
B0892JMHXY,2023-11-06
B0892JMHXY,2023-12-04
B0892JMHXY,2024-01-01
B0892JMHXY,2024-01-29
B0892PTVJP,2023-02-27
B0892PTVJP,2023-03-27
B0892PTVJP,2023-04-24
B0892PTVJP,2023-05-22
B0892PTVJP,2023-06-19
B0892PTVJP,2023-07-17
B0892PTVJP,2023-08-14
B0892PTVJP,2023-09-11
B0892PTVJP,2023-10-09
B0892PTVJP,2023-11-06
B0892PTVJP,2023-12-04
B0892PTVJP,2024-01-01
B0892PTVJP,2024-01-29
B0897YVMZK,2023-02-27
B0897YVMZK,2023-03-27
B0897YVMZK,2023-04-24
B0897YVMZK,2023-05-22
B0897YVMZK,2023-06-19
B0897YVMZK,2023-07-17
B0897YVMZK,2023-08-14
B0897YVMZK,2023-09-11
B0897YVMZK,2023-10-09
B0897YVMZK,2023-11-06
B0897YVMZK,2023-12-04
B0897YVMZK,2024-01-01
B0897YVMZK,2024-01-29
B089FBJ8T6,2023-02-27
B089FBJ8T6,2023-03-27
B089FBJ8T6,2023-04-24
B089FBJ8T6,2023-05-22
B089FBJ8T6,2023-06-19
B089FBJ8T6,2023-07-17
B089FBJ8T6,2023-08-14
B089FBJ8T6,2023-09-11
B089FBJ8T6,2023-10-09
B089FBJ8T6,2023-11-06
B089FBJ8T6,2023-12-04
B089FBJ8T6,2024-01-01
B089FBJ8T6,2024-01-29
B089FD9GNV,2023-02-27
B089FD9GNV,2023-03-27
B089FD9GNV,2023-04-24
B089FD9GNV,2023-05-22
B089FD9GNV,2023-06-19
B089FD9GNV,2023-07-17
B089FD9GNV,2023-08-14
B089FD9GNV,2023-09-11
B089FD9GNV,2023-10-09
B089FD9GNV,2023-11-06
B089FD9GNV,2023-12-04
B089FD9GNV,2024-01-01
B089FD9GNV,2024-01-29
B089GHT8FQ,2023-02-27
B089GHT8FQ,2023-03-27
B089GHT8FQ,2023-04-24
B089GHT8FQ,2023-05-22
B089GHT8FQ,2023-06-19
B089GHT8FQ,2023-07-17
B089GHT8FQ,2023-08-14
B089GHT8FQ,2023-09-11
B089GHT8FQ,2023-10-09
B089GHT8FQ,2023-11-06
B089GHT8FQ,2023-12-04
B089GHT8FQ,2024-01-01
B089GHT8FQ,2024-01-29
B089KHRWQ6,2023-02-27
B089KHRWQ6,2023-03-27
B089KHRWQ6,2023-04-24
B089KHRWQ6,2023-05-22
B089KHRWQ6,2023-06-19
B089KHRWQ6,2023-07-17
B089KHRWQ6,2023-08-14
B089KHRWQ6,2023-09-11
B089KHRWQ6,2023-10-09
B089KHRWQ6,2023-11-06
B089KHRWQ6,2023-12-04
B089KHRWQ6,2024-01-01
B089KHRWQ6,2024-01-29
B089LNHYNF,2023-02-27
B089LNHYNF,2023-03-27
B089LNHYNF,2023-04-24
B089LNHYNF,2023-05-22
B089LNHYNF,2023-06-19
B089LNHYNF,2023-07-17
B089LNHYNF,2023-08-14
B089LNHYNF,2023-09-11
B089LNHYNF,2023-10-09
B089LNHYNF,2023-11-06
B089LNHYNF,2023-12-04
B089LNHYNF,2024-01-01
B089LNHYNF,2024-01-29
B089T5RW5X,2023-02-27
B089T5RW5X,2023-03-27
B089T5RW5X,2023-04-24
B089T5RW5X,2023-05-22
B089T5RW5X,2023-06-19
B089T5RW5X,2023-07-17
B089T5RW5X,2023-08-14
B089T5RW5X,2023-09-11
B089T5RW5X,2023-10-09
B089T5RW5X,2023-11-06
B089T5RW5X,2023-12-04
B089T5RW5X,2024-01-01
B089T5RW5X,2024-01-29
B089W28K6J,2023-02-27
B089W28K6J,2023-03-27
B089W28K6J,2023-04-24
B089W28K6J,2023-05-22
B089W28K6J,2023-06-19
B089W28K6J,2023-07-17
B089W28K6J,2023-08-14
B089W28K6J,2023-09-11
B089W28K6J,2023-10-09
B089W28K6J,2023-11-06
B089W28K6J,2023-12-04
B089W28K6J,2024-01-01
B089W28K6J,2024-01-29
B089Y3BZCY,2023-02-27
B089Y3BZCY,2023-03-27
B089Y3BZCY,2023-04-24
B089Y3BZCY,2023-05-22
B089Y3BZCY,2023-06-19
B089Y3BZCY,2023-07-17
B089Y3BZCY,2023-08-14
B089Y3BZCY,2023-09-11
B089Y3BZCY,2023-10-09
B089Y3BZCY,2023-11-06
B089Y3BZCY,2023-12-04
B089Y3BZCY,2024-01-01
B089Y3BZCY,2024-01-29
B08B1QPR3P,2023-02-27
B08B1QPR3P,2023-03-27
B08B1QPR3P,2023-04-24
B08B1QPR3P,2023-05-22
B08B1QPR3P,2023-06-19
B08B1QPR3P,2023-07-17
B08B1QPR3P,2023-08-14
B08B1QPR3P,2023-09-11
B08B1QPR3P,2023-10-09
B08B1QPR3P,2023-11-06
B08B1QPR3P,2023-12-04
B08B1QPR3P,2024-01-01
B08B1QPR3P,2024-01-29
B08B349KX7,2023-02-27
B08B349KX7,2023-03-27
B08B349KX7,2023-04-24
B08B349KX7,2023-05-22
B08B349KX7,2023-06-19
B08B349KX7,2023-07-17
B08B349KX7,2023-08-14
B08B349KX7,2023-09-11
B08B349KX7,2023-10-09
B08B349KX7,2023-11-06
B08B349KX7,2023-12-04
B08B349KX7,2024-01-01
B08B349KX7,2024-01-29
B08B3H27K4,2023-02-27
B08B3H27K4,2023-03-27
B08B3H27K4,2023-04-24
B08B3H27K4,2023-05-22
B08B3H27K4,2023-06-19
B08B3H27K4,2023-07-17
B08B3H27K4,2023-08-14
B08B3H27K4,2023-09-11
B08B3H27K4,2023-10-09
B08B3H27K4,2023-11-06
B08B3H27K4,2023-12-04
B08B3H27K4,2024-01-01
B08B3H27K4,2024-01-29
B08BB9RWFK,2023-02-27
B08BB9RWFK,2023-03-27
B08BB9RWFK,2023-04-24
B08BB9RWFK,2023-05-22
B08BB9RWFK,2023-06-19
B08BB9RWFK,2023-07-17
B08BB9RWFK,2023-08-14
B08BB9RWFK,2023-09-11
B08BB9RWFK,2023-10-09
B08BB9RWFK,2023-11-06
B08BB9RWFK,2023-12-04
B08BB9RWFK,2024-01-01
B08BB9RWFK,2024-01-29
B08BBJHJJ3,2023-02-27
B08BBJHJJ3,2023-03-27
B08BBJHJJ3,2023-04-24
B08BBJHJJ3,2023-05-22
B08BBJHJJ3,2023-06-19
B08BBJHJJ3,2023-07-17
B08BBJHJJ3,2023-08-14
B08BBJHJJ3,2023-09-11
B08BBJHJJ3,2023-10-09
B08BBJHJJ3,2023-11-06
B08BBJHJJ3,2023-12-04
B08BBJHJJ3,2024-01-01
B08BBJHJJ3,2024-01-29
B08BJ9HBCR,2023-02-27
B08BJ9HBCR,2023-03-27
B08BJ9HBCR,2023-04-24
B08BJ9HBCR,2023-05-22
B08BJ9HBCR,2023-06-19
B08BJ9HBCR,2023-07-17
B08BJ9HBCR,2023-08-14
B08BJ9HBCR,2023-09-11
B08BJ9HBCR,2023-10-09
B08BJ9HBCR,2023-11-06
B08BJ9HBCR,2023-12-04
B08BJ9HBCR,2024-01-01
B08BJ9HBCR,2024-01-29
B08BK6V9YZ,2023-02-27
B08BK6V9YZ,2023-03-27
B08BK6V9YZ,2023-04-24
B08BK6V9YZ,2023-05-22
B08BK6V9YZ,2023-06-19
B08BK6V9YZ,2023-07-17
B08BK6V9YZ,2023-08-14
B08BK6V9YZ,2023-09-11
B08BK6V9YZ,2023-10-09
B08BK6V9YZ,2023-11-06
B08BK6V9YZ,2023-12-04
B08BK6V9YZ,2024-01-01
B08BK6V9YZ,2024-01-29
B08BK7661Q,2023-02-27
B08BK7661Q,2023-03-27
B08BK7661Q,2023-04-24
B08BK7661Q,2023-05-22
B08BK7661Q,2023-06-19
B08BK7661Q,2023-07-17
B08BK7661Q,2023-08-14
B08BK7661Q,2023-09-11
B08BK7661Q,2023-10-09
B08BK7661Q,2023-11-06
B08BK7661Q,2023-12-04
B08BK7661Q,2024-01-01
B08BK7661Q,2024-01-29
B08BL79FCN,2023-02-27
B08BL79FCN,2023-03-27
B08BL79FCN,2023-04-24
B08BL79FCN,2023-05-22
B08BL79FCN,2023-06-19
B08BL79FCN,2023-07-17
B08BL79FCN,2023-08-14
B08BL79FCN,2023-09-11
B08BL79FCN,2023-10-09
B08BL79FCN,2023-11-06
B08BL79FCN,2023-12-04
B08BL79FCN,2024-01-01
B08BL79FCN,2024-01-29
B08BLBJVNY,2023-02-27
B08BLBJVNY,2023-03-27
B08BLBJVNY,2023-04-24
B08BLBJVNY,2023-05-22
B08BLBJVNY,2023-06-19
B08BLBJVNY,2023-07-17
B08BLBJVNY,2023-08-14
B08BLBJVNY,2023-09-11
B08BLBJVNY,2023-10-09
B08BLBJVNY,2023-11-06
B08BLBJVNY,2023-12-04
B08BLBJVNY,2024-01-01
B08BLBJVNY,2024-01-29
B08BLFH4TX,2023-02-27
B08BLFH4TX,2023-03-27
B08BLFH4TX,2023-04-24
B08BLFH4TX,2023-05-22
B08BLFH4TX,2023-06-19
B08BLFH4TX,2023-07-17
B08BLFH4TX,2023-08-14
B08BLFH4TX,2023-09-11
B08BLFH4TX,2023-10-09
B08BLFH4TX,2023-11-06
B08BLFH4TX,2023-12-04
B08BLFH4TX,2024-01-01
B08BLFH4TX,2024-01-29
B08BLSH5K1,2023-02-27
B08BLSH5K1,2023-03-27
B08BLSH5K1,2023-04-24
B08BLSH5K1,2023-05-22
B08BLSH5K1,2023-06-19
B08BLSH5K1,2023-07-17
B08BLSH5K1,2023-08-14
B08BLSH5K1,2023-09-11
B08BLSH5K1,2023-10-09
B08BLSH5K1,2023-11-06
B08BLSH5K1,2023-12-04
B08BLSH5K1,2024-01-01
B08BLSH5K1,2024-01-29
B08BS5QKKM,2023-02-27
B08BS5QKKM,2023-03-27
B08BS5QKKM,2023-04-24
B08BS5QKKM,2023-05-22
B08BS5QKKM,2023-06-19
B08BS5QKKM,2023-07-17
B08BS5QKKM,2023-08-14
B08BS5QKKM,2023-09-11
B08BS5QKKM,2023-10-09
B08BS5QKKM,2023-11-06
B08BS5QKKM,2023-12-04
B08BS5QKKM,2024-01-01
B08BS5QKKM,2024-01-29
B08BX2B9HF,2023-02-27
B08BX2B9HF,2023-03-27
B08BX2B9HF,2023-04-24
B08BX2B9HF,2023-05-22
B08BX2B9HF,2023-06-19
B08BX2B9HF,2023-07-17
B08BX2B9HF,2023-08-14
B08BX2B9HF,2023-09-11
B08BX2B9HF,2023-10-09
B08BX2B9HF,2023-11-06
B08BX2B9HF,2023-12-04
B08BX2B9HF,2024-01-01
B08BX2B9HF,2024-01-29
B08BZGVWL6,2023-02-27
B08BZGVWL6,2023-03-27
B08BZGVWL6,2023-04-24
B08BZGVWL6,2023-05-22
B08BZGVWL6,2023-06-19
B08BZGVWL6,2023-07-17
B08BZGVWL6,2023-08-14
B08BZGVWL6,2023-09-11
B08BZGVWL6,2023-10-09
B08BZGVWL6,2023-11-06
B08BZGVWL6,2023-12-04
B08BZGVWL6,2024-01-01
B08BZGVWL6,2024-01-29
B08C5DRSR3,2023-02-27
B08C5DRSR3,2023-03-27
B08C5DRSR3,2023-04-24
B08C5DRSR3,2023-05-22
B08C5DRSR3,2023-06-19
B08C5DRSR3,2023-07-17
B08C5DRSR3,2023-08-14
B08C5DRSR3,2023-09-11
B08C5DRSR3,2023-10-09
B08C5DRSR3,2023-11-06
B08C5DRSR3,2023-12-04
B08C5DRSR3,2024-01-01
B08C5DRSR3,2024-01-29
B08C661B29,2023-02-27
B08C661B29,2023-03-27
B08C661B29,2023-04-24
B08C661B29,2023-05-22
B08C661B29,2023-06-19
B08C661B29,2023-07-17
B08C661B29,2023-08-14
B08C661B29,2023-09-11
B08C661B29,2023-10-09
B08C661B29,2023-11-06
B08C661B29,2023-12-04
B08C661B29,2024-01-01
B08C661B29,2024-01-29
B08CM3B52M,2023-02-27
B08CM3B52M,2023-03-27
B08CM3B52M,2023-04-24
B08CM3B52M,2023-05-22
B08CM3B52M,2023-06-19
B08CM3B52M,2023-07-17
B08CM3B52M,2023-08-14
B08CM3B52M,2023-09-11
B08CM3B52M,2023-10-09
B08CM3B52M,2023-11-06
B08CM3B52M,2023-12-04
B08CM3B52M,2024-01-01
B08CM3B52M,2024-01-29
B08CM528C1,2023-02-27
B08CM528C1,2023-03-27
B08CM528C1,2023-04-24
B08CM528C1,2023-05-22
B08CM528C1,2023-06-19
B08CM528C1,2023-07-17
B08CM528C1,2023-08-14
B08CM528C1,2023-09-11
B08CM528C1,2023-10-09
B08CM528C1,2023-11-06
B08CM528C1,2023-12-04
B08CM528C1,2024-01-01
B08CM528C1,2024-01-29
B08CM8NC8F,2023-02-27
B08CM8NC8F,2023-03-27
B08CM8NC8F,2023-04-24
B08CM8NC8F,2023-05-22
B08CM8NC8F,2023-06-19
B08CM8NC8F,2023-07-17
B08CM8NC8F,2023-08-14
B08CM8NC8F,2023-09-11
B08CM8NC8F,2023-10-09
B08CM8NC8F,2023-11-06
B08CM8NC8F,2023-12-04
B08CM8NC8F,2024-01-01
B08CM8NC8F,2024-01-29
B08CTC4GXW,2023-02-27
B08CTC4GXW,2023-03-27
B08CTC4GXW,2023-04-24
B08CTC4GXW,2023-05-22
B08CTC4GXW,2023-06-19
B08CTC4GXW,2023-07-17
B08CTC4GXW,2023-08-14
B08CTC4GXW,2023-09-11
B08CTC4GXW,2023-10-09
B08CTC4GXW,2023-11-06
B08CTC4GXW,2023-12-04
B08CTC4GXW,2024-01-01
B08CTC4GXW,2024-01-29
B08CTV8GPD,2023-02-27
B08CTV8GPD,2023-03-27
B08CTV8GPD,2023-04-24
B08CTV8GPD,2023-05-22
B08CTV8GPD,2023-06-19
B08CTV8GPD,2023-07-17
B08CTV8GPD,2023-08-14
B08CTV8GPD,2023-09-11
B08CTV8GPD,2023-10-09
B08CTV8GPD,2023-11-06
B08CTV8GPD,2023-12-04
B08CTV8GPD,2024-01-01
B08CTV8GPD,2024-01-29
B08CTWCV45,2023-02-27
B08CTWCV45,2023-03-27
B08CTWCV45,2023-04-24
B08CTWCV45,2023-05-22
B08CTWCV45,2023-06-19
B08CTWCV45,2023-07-17
B08CTWCV45,2023-08-14
B08CTWCV45,2023-09-11
B08CTWCV45,2023-10-09
B08CTWCV45,2023-11-06
B08CTWCV45,2023-12-04
B08CTWCV45,2024-01-01
B08CTWCV45,2024-01-29
B08CV8X6TG,2023-02-27
B08CV8X6TG,2023-03-27
B08CV8X6TG,2023-04-24
B08CV8X6TG,2023-05-22
B08CV8X6TG,2023-06-19
B08CV8X6TG,2023-07-17
B08CV8X6TG,2023-08-14
B08CV8X6TG,2023-09-11
B08CV8X6TG,2023-10-09
B08CV8X6TG,2023-11-06
B08CV8X6TG,2023-12-04
B08CV8X6TG,2024-01-01
B08CV8X6TG,2024-01-29
B08CVGWFVR,2023-02-27
B08CVGWFVR,2023-03-27
B08CVGWFVR,2023-04-24
B08CVGWFVR,2023-05-22
B08CVGWFVR,2023-06-19
B08CVGWFVR,2023-07-17
B08CVGWFVR,2023-08-14
B08CVGWFVR,2023-09-11
B08CVGWFVR,2023-10-09
B08CVGWFVR,2023-11-06
B08CVGWFVR,2023-12-04
B08CVGWFVR,2024-01-01
B08CVGWFVR,2024-01-29
B08CVSNV2N,2023-02-27
B08CVSNV2N,2023-03-27
B08CVSNV2N,2023-04-24
B08CVSNV2N,2023-05-22
B08CVSNV2N,2023-06-19
B08CVSNV2N,2023-07-17
B08CVSNV2N,2023-08-14
B08CVSNV2N,2023-09-11
B08CVSNV2N,2023-10-09
B08CVSNV2N,2023-11-06
B08CVSNV2N,2023-12-04
B08CVSNV2N,2024-01-01
B08CVSNV2N,2024-01-29
B08CWGQVSP,2023-02-27
B08CWGQVSP,2023-03-27
B08CWGQVSP,2023-04-24
B08CWGQVSP,2023-05-22
B08CWGQVSP,2023-06-19
B08CWGQVSP,2023-07-17
B08CWGQVSP,2023-08-14
B08CWGQVSP,2023-09-11
B08CWGQVSP,2023-10-09
B08CWGQVSP,2023-11-06
B08CWGQVSP,2023-12-04
B08CWGQVSP,2024-01-01
B08CWGQVSP,2024-01-29
B08CXX2HC8,2023-02-27
B08CXX2HC8,2023-03-27
B08CXX2HC8,2023-04-24
B08CXX2HC8,2023-05-22
B08CXX2HC8,2023-06-19
B08CXX2HC8,2023-07-17
B08CXX2HC8,2023-08-14
B08CXX2HC8,2023-09-11
B08CXX2HC8,2023-10-09
B08CXX2HC8,2023-11-06
B08CXX2HC8,2023-12-04
B08CXX2HC8,2024-01-01
B08CXX2HC8,2024-01-29
B08CZDFHGB,2023-02-27
B08CZDFHGB,2023-03-27
B08CZDFHGB,2023-04-24
B08CZDFHGB,2023-05-22
B08CZDFHGB,2023-06-19
B08CZDFHGB,2023-07-17
B08CZDFHGB,2023-08-14
B08CZDFHGB,2023-09-11
B08CZDFHGB,2023-10-09
B08CZDFHGB,2023-11-06
B08CZDFHGB,2023-12-04
B08CZDFHGB,2024-01-01
B08CZDFHGB,2024-01-29
B08CZHVTNL,2023-02-27
B08CZHVTNL,2023-03-27
B08CZHVTNL,2023-04-24
B08CZHVTNL,2023-05-22
B08CZHVTNL,2023-06-19
B08CZHVTNL,2023-07-17
B08CZHVTNL,2023-08-14
B08CZHVTNL,2023-09-11
B08CZHVTNL,2023-10-09
B08CZHVTNL,2023-11-06
B08CZHVTNL,2023-12-04
B08CZHVTNL,2024-01-01
B08CZHVTNL,2024-01-29
B08CZZ4SV6,2023-02-27
B08CZZ4SV6,2023-03-27
B08CZZ4SV6,2023-04-24
B08CZZ4SV6,2023-05-22
B08CZZ4SV6,2023-06-19
B08CZZ4SV6,2023-07-17
B08CZZ4SV6,2023-08-14
B08CZZ4SV6,2023-09-11
B08CZZ4SV6,2023-10-09
B08CZZ4SV6,2023-11-06
B08CZZ4SV6,2023-12-04
B08CZZ4SV6,2024-01-01
B08CZZ4SV6,2024-01-29
B08D3P4NF8,2023-02-27
B08D3P4NF8,2023-03-27
B08D3P4NF8,2023-04-24
B08D3P4NF8,2023-05-22
B08D3P4NF8,2023-06-19
B08D3P4NF8,2023-07-17
B08D3P4NF8,2023-08-14
B08D3P4NF8,2023-09-11
B08D3P4NF8,2023-10-09
B08D3P4NF8,2023-11-06
B08D3P4NF8,2023-12-04
B08D3P4NF8,2024-01-01
B08D3P4NF8,2024-01-29
B08D3THHKV,2023-02-27
B08D3THHKV,2023-03-27
B08D3THHKV,2023-04-24
B08D3THHKV,2023-05-22
B08D3THHKV,2023-06-19
B08D3THHKV,2023-07-17
B08D3THHKV,2023-08-14
B08D3THHKV,2023-09-11
B08D3THHKV,2023-10-09
B08D3THHKV,2023-11-06
B08D3THHKV,2023-12-04
B08D3THHKV,2024-01-01
B08D3THHKV,2024-01-29
B08DBQZLJ2,2023-02-27
B08DBQZLJ2,2023-03-27
B08DBQZLJ2,2023-04-24
B08DBQZLJ2,2023-05-22
B08DBQZLJ2,2023-06-19
B08DBQZLJ2,2023-07-17
B08DBQZLJ2,2023-08-14
B08DBQZLJ2,2023-09-11
B08DBQZLJ2,2023-10-09
B08DBQZLJ2,2023-11-06
B08DBQZLJ2,2023-12-04
B08DBQZLJ2,2024-01-01
B08DBQZLJ2,2024-01-29
B08DBW5Z4J,2023-02-27
B08DBW5Z4J,2023-03-27
B08DBW5Z4J,2023-04-24
B08DBW5Z4J,2023-05-22
B08DBW5Z4J,2023-06-19
B08DBW5Z4J,2023-07-17
B08DBW5Z4J,2023-08-14
B08DBW5Z4J,2023-09-11
B08DBW5Z4J,2023-10-09
B08DBW5Z4J,2023-11-06
B08DBW5Z4J,2023-12-04
B08DBW5Z4J,2024-01-01
B08DBW5Z4J,2024-01-29
B08DC16HHH,2023-02-27
B08DC16HHH,2023-03-27
B08DC16HHH,2023-04-24
B08DC16HHH,2023-05-22
B08DC16HHH,2023-06-19
B08DC16HHH,2023-07-17
B08DC16HHH,2023-08-14
B08DC16HHH,2023-09-11
B08DC16HHH,2023-10-09
B08DC16HHH,2023-11-06
B08DC16HHH,2023-12-04
B08DC16HHH,2024-01-01
B08DC16HHH,2024-01-29
B08DDJVYB9,2023-02-27
B08DDJVYB9,2023-03-27
B08DDJVYB9,2023-04-24
B08DDJVYB9,2023-05-22
B08DDJVYB9,2023-06-19
B08DDJVYB9,2023-07-17
B08DDJVYB9,2023-08-14
B08DDJVYB9,2023-09-11
B08DDJVYB9,2023-10-09
B08DDJVYB9,2023-11-06
B08DDJVYB9,2023-12-04
B08DDJVYB9,2024-01-01
B08DDJVYB9,2024-01-29
B08DFQ12NZ,2023-02-27
B08DFQ12NZ,2023-03-27
B08DFQ12NZ,2023-04-24
B08DFQ12NZ,2023-05-22
B08DFQ12NZ,2023-06-19
B08DFQ12NZ,2023-07-17
B08DFQ12NZ,2023-08-14
B08DFQ12NZ,2023-09-11
B08DFQ12NZ,2023-10-09
B08DFQ12NZ,2023-11-06
B08DFQ12NZ,2023-12-04
B08DFQ12NZ,2024-01-01
B08DFQ12NZ,2024-01-29
B08DL94PHL,2023-02-27
B08DL94PHL,2023-03-27
B08DL94PHL,2023-04-24
B08DL94PHL,2023-05-22
B08DL94PHL,2023-06-19
B08DL94PHL,2023-07-17
B08DL94PHL,2023-08-14
B08DL94PHL,2023-09-11
B08DL94PHL,2023-10-09
B08DL94PHL,2023-11-06
B08DL94PHL,2023-12-04
B08DL94PHL,2024-01-01
B08DL94PHL,2024-01-29
B08DLTL8M2,2023-02-27
B08DLTL8M2,2023-03-27
B08DLTL8M2,2023-04-24
B08DLTL8M2,2023-05-22
B08DLTL8M2,2023-06-19
B08DLTL8M2,2023-07-17
B08DLTL8M2,2023-08-14
B08DLTL8M2,2023-09-11
B08DLTL8M2,2023-10-09
B08DLTL8M2,2023-11-06
B08DLTL8M2,2023-12-04
B08DLTL8M2,2024-01-01
B08DLTL8M2,2024-01-29
B08DQRGW3Z,2023-02-27
B08DQRGW3Z,2023-03-27
B08DQRGW3Z,2023-04-24
B08DQRGW3Z,2023-05-22
B08DQRGW3Z,2023-06-19
B08DQRGW3Z,2023-07-17
B08DQRGW3Z,2023-08-14
B08DQRGW3Z,2023-09-11
B08DQRGW3Z,2023-10-09
B08DQRGW3Z,2023-11-06
B08DQRGW3Z,2023-12-04
B08DQRGW3Z,2024-01-01
B08DQRGW3Z,2024-01-29
B08DQRMNC2,2023-02-27
B08DQRMNC2,2023-03-27
B08DQRMNC2,2023-04-24
B08DQRMNC2,2023-05-22
B08DQRMNC2,2023-06-19
B08DQRMNC2,2023-07-17
B08DQRMNC2,2023-08-14
B08DQRMNC2,2023-09-11
B08DQRMNC2,2023-10-09
B08DQRMNC2,2023-11-06
B08DQRMNC2,2023-12-04
B08DQRMNC2,2024-01-01
B08DQRMNC2,2024-01-29
B08DR8T7FG,2023-02-27
B08DR8T7FG,2023-03-27
B08DR8T7FG,2023-04-24
B08DR8T7FG,2023-05-22
B08DR8T7FG,2023-06-19
B08DR8T7FG,2023-07-17
B08DR8T7FG,2023-08-14
B08DR8T7FG,2023-09-11
B08DR8T7FG,2023-10-09
B08DR8T7FG,2023-11-06
B08DR8T7FG,2023-12-04
B08DR8T7FG,2024-01-01
B08DR8T7FG,2024-01-29
B08DRCYP2F,2023-02-27
B08DRCYP2F,2023-03-27
B08DRCYP2F,2023-04-24
B08DRCYP2F,2023-05-22
B08DRCYP2F,2023-06-19
B08DRCYP2F,2023-07-17
B08DRCYP2F,2023-08-14
B08DRCYP2F,2023-09-11
B08DRCYP2F,2023-10-09
B08DRCYP2F,2023-11-06
B08DRCYP2F,2023-12-04
B08DRCYP2F,2024-01-01
B08DRCYP2F,2024-01-29
B08F5BB8NV,2023-02-27
B08F5BB8NV,2023-03-27
B08F5BB8NV,2023-04-24
B08F5BB8NV,2023-05-22
B08F5BB8NV,2023-06-19
B08F5BB8NV,2023-07-17
B08F5BB8NV,2023-08-14
B08F5BB8NV,2023-09-11
B08F5BB8NV,2023-10-09
B08F5BB8NV,2023-11-06
B08F5BB8NV,2023-12-04
B08F5BB8NV,2024-01-01
B08F5BB8NV,2024-01-29
B08F713Y2M,2023-02-27
B08F713Y2M,2023-03-27
B08F713Y2M,2023-04-24
B08F713Y2M,2023-05-22
B08F713Y2M,2023-06-19
B08F713Y2M,2023-07-17
B08F713Y2M,2023-08-14
B08F713Y2M,2023-09-11
B08F713Y2M,2023-10-09
B08F713Y2M,2023-11-06
B08F713Y2M,2023-12-04
B08F713Y2M,2024-01-01
B08F713Y2M,2024-01-29
B08FBGG9N9,2023-02-27
B08FBGG9N9,2023-03-27
B08FBGG9N9,2023-04-24
B08FBGG9N9,2023-05-22
B08FBGG9N9,2023-06-19
B08FBGG9N9,2023-07-17
B08FBGG9N9,2023-08-14
B08FBGG9N9,2023-09-11
B08FBGG9N9,2023-10-09
B08FBGG9N9,2023-11-06
B08FBGG9N9,2023-12-04
B08FBGG9N9,2024-01-01
B08FBGG9N9,2024-01-29
B08FCQ2FJW,2023-02-27
B08FCQ2FJW,2023-03-27
B08FCQ2FJW,2023-04-24
B08FCQ2FJW,2023-05-22
B08FCQ2FJW,2023-06-19
B08FCQ2FJW,2023-07-17
B08FCQ2FJW,2023-08-14
B08FCQ2FJW,2023-09-11
B08FCQ2FJW,2023-10-09
B08FCQ2FJW,2023-11-06
B08FCQ2FJW,2023-12-04
B08FCQ2FJW,2024-01-01
B08FCQ2FJW,2024-01-29
B08FCSD49W,2023-02-27
B08FCSD49W,2023-03-27
B08FCSD49W,2023-04-24
B08FCSD49W,2023-05-22
B08FCSD49W,2023-06-19
B08FCSD49W,2023-07-17
B08FCSD49W,2023-08-14
B08FCSD49W,2023-09-11
B08FCSD49W,2023-10-09
B08FCSD49W,2023-11-06
B08FCSD49W,2023-12-04
B08FCSD49W,2024-01-01
B08FCSD49W,2024-01-29
B08FCW2H32,2023-02-27
B08FCW2H32,2023-03-27
B08FCW2H32,2023-04-24
B08FCW2H32,2023-05-22
B08FCW2H32,2023-06-19
B08FCW2H32,2023-07-17
B08FCW2H32,2023-08-14
B08FCW2H32,2023-09-11
B08FCW2H32,2023-10-09
B08FCW2H32,2023-11-06
B08FCW2H32,2023-12-04
B08FCW2H32,2024-01-01
B08FCW2H32,2024-01-29
B08FKDLYGL,2023-02-27
B08FKDLYGL,2023-03-27
B08FKDLYGL,2023-04-24
B08FKDLYGL,2023-05-22
B08FKDLYGL,2023-06-19
B08FKDLYGL,2023-07-17
B08FKDLYGL,2023-08-14
B08FKDLYGL,2023-09-11
B08FKDLYGL,2023-10-09
B08FKDLYGL,2023-11-06
B08FKDLYGL,2023-12-04
B08FKDLYGL,2024-01-01
B08FKDLYGL,2024-01-29
B08FV8MCWX,2023-02-27
B08FV8MCWX,2023-03-27
B08FV8MCWX,2023-04-24
B08FV8MCWX,2023-05-22
B08FV8MCWX,2023-06-19
B08FV8MCWX,2023-07-17
B08FV8MCWX,2023-08-14
B08FV8MCWX,2023-09-11
B08FV8MCWX,2023-10-09
B08FV8MCWX,2023-11-06
B08FV8MCWX,2023-12-04
B08FV8MCWX,2024-01-01
B08FV8MCWX,2024-01-29
B08FWPF272,2023-02-27
B08FWPF272,2023-03-27
B08FWPF272,2023-04-24
B08FWPF272,2023-05-22
B08FWPF272,2023-06-19
B08FWPF272,2023-07-17
B08FWPF272,2023-08-14
B08FWPF272,2023-09-11
B08FWPF272,2023-10-09
B08FWPF272,2023-11-06
B08FWPF272,2023-12-04
B08FWPF272,2024-01-01
B08FWPF272,2024-01-29
B08G1YFTBW,2023-02-27
B08G1YFTBW,2023-03-27
B08G1YFTBW,2023-04-24
B08G1YFTBW,2023-05-22
B08G1YFTBW,2023-06-19
B08G1YFTBW,2023-07-17
B08G1YFTBW,2023-08-14
B08G1YFTBW,2023-09-11
B08G1YFTBW,2023-10-09
B08G1YFTBW,2023-11-06
B08G1YFTBW,2023-12-04
B08G1YFTBW,2024-01-01
B08G1YFTBW,2024-01-29
B08G2MQZ7B,2023-02-27
B08G2MQZ7B,2023-03-27
B08G2MQZ7B,2023-04-24
B08G2MQZ7B,2023-05-22
B08G2MQZ7B,2023-06-19
B08G2MQZ7B,2023-07-17
B08G2MQZ7B,2023-08-14
B08G2MQZ7B,2023-09-11
B08G2MQZ7B,2023-10-09
B08G2MQZ7B,2023-11-06
B08G2MQZ7B,2023-12-04
B08G2MQZ7B,2024-01-01
B08G2MQZ7B,2024-01-29
B08G3FF6MH,2023-02-27
B08G3FF6MH,2023-03-27
B08G3FF6MH,2023-04-24
B08G3FF6MH,2023-05-22
B08G3FF6MH,2023-06-19
B08G3FF6MH,2023-07-17
B08G3FF6MH,2023-08-14
B08G3FF6MH,2023-09-11
B08G3FF6MH,2023-10-09
B08G3FF6MH,2023-11-06
B08G3FF6MH,2023-12-04
B08G3FF6MH,2024-01-01
B08G3FF6MH,2024-01-29
B08G3RMLM2,2023-02-27
B08G3RMLM2,2023-03-27
B08G3RMLM2,2023-04-24
B08G3RMLM2,2023-05-22
B08G3RMLM2,2023-06-19
B08G3RMLM2,2023-07-17
B08G3RMLM2,2023-08-14
B08G3RMLM2,2023-09-11
B08G3RMLM2,2023-10-09
B08G3RMLM2,2023-11-06
B08G3RMLM2,2023-12-04
B08G3RMLM2,2024-01-01
B08G3RMLM2,2024-01-29
B08G48L55K,2023-02-27
B08G48L55K,2023-03-27
B08G48L55K,2023-04-24
B08G48L55K,2023-05-22
B08G48L55K,2023-06-19
B08G48L55K,2023-07-17
B08G48L55K,2023-08-14
B08G48L55K,2023-09-11
B08G48L55K,2023-10-09
B08G48L55K,2023-11-06
B08G48L55K,2023-12-04
B08G48L55K,2024-01-01
B08G48L55K,2024-01-29
B08G8Y5MHG,2023-02-27
B08G8Y5MHG,2023-03-27
B08G8Y5MHG,2023-04-24
B08G8Y5MHG,2023-05-22
B08G8Y5MHG,2023-06-19
B08G8Y5MHG,2023-07-17
B08G8Y5MHG,2023-08-14
B08G8Y5MHG,2023-09-11
B08G8Y5MHG,2023-10-09
B08G8Y5MHG,2023-11-06
B08G8Y5MHG,2023-12-04
B08G8Y5MHG,2024-01-01
B08G8Y5MHG,2024-01-29
B08G9WL189,2023-07-17
B08G9WL189,2023-08-14
B08G9WL189,2023-09-11
B08G9WL189,2023-10-09
B08G9WL189,2023-11-06
B08G9WL189,2023-12-04
B08G9WL189,2024-01-01
B08G9WL189,2024-01-29
B08GC8KP2B,2023-02-27
B08GC8KP2B,2023-03-27
B08GC8KP2B,2023-04-24
B08GC8KP2B,2023-05-22
B08GC8KP2B,2023-06-19
B08GC8KP2B,2023-07-17
B08GC8KP2B,2023-08-14
B08GC8KP2B,2023-09-11
B08GC8KP2B,2023-10-09
B08GC8KP2B,2023-11-06
B08GC8KP2B,2023-12-04
B08GC8KP2B,2024-01-01
B08GC8KP2B,2024-01-29
B08GG8RZ39,2023-02-27
B08GG8RZ39,2023-03-27
B08GG8RZ39,2023-04-24
B08GG8RZ39,2023-05-22
B08GG8RZ39,2023-06-19
B08GG8RZ39,2023-07-17
B08GG8RZ39,2023-08-14
B08GG8RZ39,2023-09-11
B08GG8RZ39,2023-10-09
B08GG8RZ39,2023-11-06
B08GG8RZ39,2023-12-04
B08GG8RZ39,2024-01-01
B08GG8RZ39,2024-01-29
B08GGBNRS4,2023-02-27
B08GGBNRS4,2023-03-27
B08GGBNRS4,2023-04-24
B08GGBNRS4,2023-05-22
B08GGBNRS4,2023-06-19
B08GGBNRS4,2023-07-17
B08GGBNRS4,2023-08-14
B08GGBNRS4,2023-09-11
B08GGBNRS4,2023-10-09
B08GGBNRS4,2023-11-06
B08GGBNRS4,2023-12-04
B08GGBNRS4,2024-01-01
B08GGBNRS4,2024-01-29
B08GGBPM1Q,2023-02-27
B08GGBPM1Q,2023-03-27
B08GGBPM1Q,2023-04-24
B08GGBPM1Q,2023-05-22
B08GGBPM1Q,2023-06-19
B08GGBPM1Q,2023-07-17
B08GGBPM1Q,2023-08-14
B08GGBPM1Q,2023-09-11
B08GGBPM1Q,2023-10-09
B08GGBPM1Q,2023-11-06
B08GGBPM1Q,2023-12-04
B08GGBPM1Q,2024-01-01
B08GGBPM1Q,2024-01-29
B08GGDGP6J,2023-02-27
B08GGDGP6J,2023-03-27
B08GGDGP6J,2023-04-24
B08GGDGP6J,2023-05-22
B08GGDGP6J,2023-06-19
B08GGDGP6J,2023-07-17
B08GGDGP6J,2023-08-14
B08GGDGP6J,2023-09-11
B08GGDGP6J,2023-10-09
B08GGDGP6J,2023-11-06
B08GGDGP6J,2023-12-04
B08GGDGP6J,2024-01-01
B08GGDGP6J,2024-01-29
B08GGFN2Q1,2023-02-27
B08GGFN2Q1,2023-03-27
B08GGFN2Q1,2023-04-24
B08GGFN2Q1,2023-05-22
B08GGFN2Q1,2023-06-19
B08GGFN2Q1,2023-07-17
B08GGFN2Q1,2023-08-14
B08GGFN2Q1,2023-09-11
B08GGFN2Q1,2023-10-09
B08GGFN2Q1,2023-11-06
B08GGFN2Q1,2023-12-04
B08GGFN2Q1,2024-01-01
B08GGFN2Q1,2024-01-29
B08GKB2VQM,2023-05-22
B08GKB2VQM,2023-06-19
B08GKB2VQM,2023-07-17
B08GKB2VQM,2023-08-14
B08GKB2VQM,2023-09-11
B08GKB2VQM,2023-10-09
B08GKB2VQM,2023-11-06
B08GKB2VQM,2023-12-04
B08GKB2VQM,2024-01-01
B08GKB2VQM,2024-01-29
B08GLJJ61J,2023-02-27
B08GLJJ61J,2023-03-27
B08GLJJ61J,2023-04-24
B08GLJJ61J,2023-05-22
B08GLJJ61J,2023-06-19
B08GLJJ61J,2023-07-17
B08GLJJ61J,2023-08-14
B08GLJJ61J,2023-09-11
B08GLJJ61J,2023-10-09
B08GLJJ61J,2023-11-06
B08GLJJ61J,2023-12-04
B08GLJJ61J,2024-01-01
B08GLJJ61J,2024-01-29
B08GLYRZS9,2023-02-27
B08GLYRZS9,2023-03-27
B08GLYRZS9,2023-04-24
B08GLYRZS9,2023-05-22
B08GLYRZS9,2023-06-19
B08GLYRZS9,2023-07-17
B08GLYRZS9,2023-08-14
B08GLYRZS9,2023-09-11
B08GLYRZS9,2023-10-09
B08GLYRZS9,2023-11-06
B08GLYRZS9,2023-12-04
B08GLYRZS9,2024-01-01
B08GLYRZS9,2024-01-29
B08GQZ7TCB,2023-02-27
B08GQZ7TCB,2023-03-27
B08GQZ7TCB,2023-04-24
B08GQZ7TCB,2023-05-22
B08GQZ7TCB,2023-06-19
B08GQZ7TCB,2023-07-17
B08GQZ7TCB,2023-08-14
B08GQZ7TCB,2023-09-11
B08GQZ7TCB,2023-10-09
B08GQZ7TCB,2023-11-06
B08GQZ7TCB,2023-12-04
B08GQZ7TCB,2024-01-01
B08GQZ7TCB,2024-01-29
B08GR85DGQ,2023-02-27
B08GR85DGQ,2023-03-27
B08GR85DGQ,2023-04-24
B08GR85DGQ,2023-05-22
B08GR85DGQ,2023-06-19
B08GR85DGQ,2023-07-17
B08GR85DGQ,2023-08-14
B08GR85DGQ,2023-09-11
B08GR85DGQ,2023-10-09
B08GR85DGQ,2023-11-06
B08GR85DGQ,2023-12-04
B08GR85DGQ,2024-01-01
B08GR85DGQ,2024-01-29
B08H1NRN36,2023-02-27
B08H1NRN36,2023-03-27
B08H1NRN36,2023-04-24
B08H1NRN36,2023-05-22
B08H1NRN36,2023-06-19
B08H1NRN36,2023-07-17
B08H1NRN36,2023-08-14
B08H1NRN36,2023-09-11
B08H1NRN36,2023-10-09
B08H1NRN36,2023-11-06
B08H1NRN36,2023-12-04
B08H1NRN36,2024-01-01
B08H1NRN36,2024-01-29
B08H1PQVBF,2023-02-27
B08H1PQVBF,2023-03-27
B08H1PQVBF,2023-04-24
B08H1PQVBF,2023-05-22
B08H1PQVBF,2023-06-19
B08H1PQVBF,2023-07-17
B08H1PQVBF,2023-08-14
B08H1PQVBF,2023-09-11
B08H1PQVBF,2023-10-09
B08H1PQVBF,2023-11-06
B08H1PQVBF,2023-12-04
B08H1PQVBF,2024-01-01
B08H1PQVBF,2024-01-29
B08H247KKP,2023-02-27
B08H247KKP,2023-03-27
B08H247KKP,2023-04-24
B08H247KKP,2023-05-22
B08H247KKP,2023-06-19
B08H247KKP,2023-07-17
B08H247KKP,2023-08-14
B08H247KKP,2023-09-11
B08H247KKP,2023-10-09
B08H247KKP,2023-11-06
B08H247KKP,2023-12-04
B08H247KKP,2024-01-01
B08H247KKP,2024-01-29
B08H3KL4G2,2023-02-27
B08H3KL4G2,2023-03-27
B08H3KL4G2,2023-04-24
B08H3KL4G2,2023-05-22
B08H3KL4G2,2023-06-19
B08H3KL4G2,2023-07-17
B08H3KL4G2,2023-08-14
B08H3KL4G2,2023-09-11
B08H3KL4G2,2023-10-09
B08H3KL4G2,2023-11-06
B08H3KL4G2,2023-12-04
B08H3KL4G2,2024-01-01
B08H3KL4G2,2024-01-29
B08H5VSV3G,2023-02-27
B08H5VSV3G,2023-03-27
B08H5VSV3G,2023-04-24
B08H5VSV3G,2023-05-22
B08H5VSV3G,2023-06-19
B08H5VSV3G,2023-07-17
B08H5VSV3G,2023-08-14
B08H5VSV3G,2023-09-11
B08H5VSV3G,2023-10-09
B08H5VSV3G,2023-11-06
B08H5VSV3G,2023-12-04
B08H5VSV3G,2024-01-01
B08H5VSV3G,2024-01-29
B08H72RTZV,2023-02-27
B08H72RTZV,2023-03-27
B08H72RTZV,2023-04-24
B08H72RTZV,2023-05-22
B08H72RTZV,2023-06-19
B08H72RTZV,2023-07-17
B08H72RTZV,2023-08-14
B08H72RTZV,2023-09-11
B08H72RTZV,2023-10-09
B08H72RTZV,2023-11-06
B08H72RTZV,2023-12-04
B08H72RTZV,2024-01-01
B08H72RTZV,2024-01-29
B08HB3597L,2023-02-27
B08HB3597L,2023-03-27
B08HB3597L,2023-04-24
B08HB3597L,2023-05-22
B08HB3597L,2023-06-19
B08HB3597L,2023-07-17
B08HB3597L,2023-08-14
B08HB3597L,2023-09-11
B08HB3597L,2023-10-09
B08HB3597L,2023-11-06
B08HB3597L,2023-12-04
B08HB3597L,2024-01-01
B08HB3597L,2024-01-29
B08HBH2CZC,2023-02-27
B08HBH2CZC,2023-03-27
B08HBH2CZC,2023-04-24
B08HBH2CZC,2023-05-22
B08HBH2CZC,2023-06-19
B08HBH2CZC,2023-07-17
B08HBH2CZC,2023-08-14
B08HBH2CZC,2023-09-11
B08HBH2CZC,2023-10-09
B08HBH2CZC,2023-11-06
B08HBH2CZC,2023-12-04
B08HBH2CZC,2024-01-01
B08HBH2CZC,2024-01-29
B08HJ5R7B5,2023-02-27
B08HJ5R7B5,2023-03-27
B08HJ5R7B5,2023-04-24
B08HJ5R7B5,2023-05-22
B08HJ5R7B5,2023-06-19
B08HJ5R7B5,2023-07-17
B08HJ5R7B5,2023-08-14
B08HJ5R7B5,2023-09-11
B08HJ5R7B5,2023-10-09
B08HJ5R7B5,2023-11-06
B08HJ5R7B5,2023-12-04
B08HJ5R7B5,2024-01-01
B08HJ5R7B5,2024-01-29
B08HLXK9D3,2023-02-27
B08HLXK9D3,2023-03-27
B08HLXK9D3,2023-04-24
B08HLXK9D3,2023-05-22
B08HLXK9D3,2023-06-19
B08HLXK9D3,2023-07-17
B08HLXK9D3,2023-08-14
B08HLXK9D3,2023-09-11
B08HLXK9D3,2023-10-09
B08HLXK9D3,2023-11-06
B08HLXK9D3,2023-12-04
B08HLXK9D3,2024-01-01
B08HLXK9D3,2024-01-29
B08HLYQ4MB,2023-02-27
B08HLYQ4MB,2023-03-27
B08HLYQ4MB,2023-04-24
B08HLYQ4MB,2023-05-22
B08HLYQ4MB,2023-06-19
B08HLYQ4MB,2023-07-17
B08HLYQ4MB,2023-08-14
B08HLYQ4MB,2023-09-11
B08HLYQ4MB,2023-10-09
B08HLYQ4MB,2023-11-06
B08HLYQ4MB,2023-12-04
B08HLYQ4MB,2024-01-01
B08HLYQ4MB,2024-01-29
B08HM14RXT,2023-08-14
B08HM14RXT,2023-09-11
B08HM14RXT,2023-10-09
B08HM14RXT,2023-11-06
B08HM14RXT,2023-12-04
B08HM14RXT,2024-01-01
B08HM14RXT,2024-01-29
B08HP6WYV7,2023-02-27
B08HP6WYV7,2023-03-27
B08HP6WYV7,2023-04-24
B08HP6WYV7,2023-05-22
B08HP6WYV7,2023-06-19
B08HP6WYV7,2023-07-17
B08HP6WYV7,2023-08-14
B08HP6WYV7,2023-09-11
B08HP6WYV7,2023-10-09
B08HP6WYV7,2023-11-06
B08HP6WYV7,2023-12-04
B08HP6WYV7,2024-01-01
B08HP6WYV7,2024-01-29
B08HR7Q84G,2023-02-27
B08HR7Q84G,2023-03-27
B08HR7Q84G,2023-04-24
B08HR7Q84G,2023-05-22
B08HR7Q84G,2023-06-19
B08HR7Q84G,2023-07-17
B08HR7Q84G,2023-08-14
B08HR7Q84G,2023-09-11
B08HR7Q84G,2023-10-09
B08HR7Q84G,2023-11-06
B08HR7Q84G,2023-12-04
B08HR7Q84G,2024-01-01
B08HR7Q84G,2024-01-29
B08HV87F9S,2023-02-27
B08HV87F9S,2023-03-27
B08HV87F9S,2023-04-24
B08HV87F9S,2023-05-22
B08HV87F9S,2023-06-19
B08HV87F9S,2023-07-17
B08HV87F9S,2023-08-14
B08HV87F9S,2023-09-11
B08HV87F9S,2023-10-09
B08HV87F9S,2023-11-06
B08HV87F9S,2023-12-04
B08HV87F9S,2024-01-01
B08HV87F9S,2024-01-29
B08HVGFTGM,2023-02-27
B08HVGFTGM,2023-03-27
B08HVGFTGM,2023-04-24
B08HVGFTGM,2023-05-22
B08HVGFTGM,2023-06-19
B08HVGFTGM,2023-07-17
B08HVGFTGM,2023-08-14
B08HVGFTGM,2023-09-11
B08HVGFTGM,2023-10-09
B08HVGFTGM,2023-11-06
B08HVGFTGM,2023-12-04
B08HVGFTGM,2024-01-01
B08HVGFTGM,2024-01-29
B08HVJNG16,2023-02-27
B08HVJNG16,2023-03-27
B08HVJNG16,2023-04-24
B08HVJNG16,2023-05-22
B08HVJNG16,2023-06-19
B08HVJNG16,2023-07-17
B08HVJNG16,2023-08-14
B08HVJNG16,2023-09-11
B08HVJNG16,2023-10-09
B08HVJNG16,2023-11-06
B08HVJNG16,2023-12-04
B08HVJNG16,2024-01-01
B08HVJNG16,2024-01-29
B08HVVFZBQ,2023-02-27
B08HVVFZBQ,2023-03-27
B08HVVFZBQ,2023-04-24
B08HVVFZBQ,2023-05-22
B08HVVFZBQ,2023-06-19
B08HVVFZBQ,2023-07-17
B08HVVFZBQ,2023-08-14
B08HVVFZBQ,2023-09-11
B08HVVFZBQ,2023-10-09
B08HVVFZBQ,2023-11-06
B08HVVFZBQ,2023-12-04
B08HVVFZBQ,2024-01-01
B08HVVFZBQ,2024-01-29
B08HVX4QRJ,2023-02-27
B08HVX4QRJ,2023-03-27
B08HVX4QRJ,2023-04-24
B08HVX4QRJ,2023-05-22
B08HVX4QRJ,2023-06-19
B08HVX4QRJ,2023-07-17
B08HVX4QRJ,2023-08-14
B08HVX4QRJ,2023-09-11
B08HVX4QRJ,2023-10-09
B08HVX4QRJ,2023-11-06
B08HVX4QRJ,2023-12-04
B08HVX4QRJ,2024-01-01
B08HVX4QRJ,2024-01-29
B08HVX6BGN,2023-02-27
B08HVX6BGN,2023-03-27
B08HVX6BGN,2023-04-24
B08HVX6BGN,2023-05-22
B08HVX6BGN,2023-06-19
B08HVX6BGN,2023-07-17
B08HVX6BGN,2023-08-14
B08HVX6BGN,2023-09-11
B08HVX6BGN,2023-10-09
B08HVX6BGN,2023-11-06
B08HVX6BGN,2023-12-04
B08HVX6BGN,2024-01-01
B08HVX6BGN,2024-01-29
B08HWSGRW4,2023-02-27
B08HWSGRW4,2023-03-27
B08HWSGRW4,2023-04-24
B08HWSGRW4,2023-05-22
B08HWSGRW4,2023-06-19
B08HWSGRW4,2023-07-17
B08HWSGRW4,2023-08-14
B08HWSGRW4,2023-09-11
B08HWSGRW4,2023-10-09
B08HWSGRW4,2023-11-06
B08HWSGRW4,2023-12-04
B08HWSGRW4,2024-01-01
B08HWSGRW4,2024-01-29
B08HWSKR3R,2023-02-27
B08HWSKR3R,2023-03-27
B08HWSKR3R,2023-04-24
B08HWSKR3R,2023-05-22
B08HWSKR3R,2023-06-19
B08HWSKR3R,2023-07-17
B08HWSKR3R,2023-08-14
B08HWSKR3R,2023-09-11
B08HWSKR3R,2023-10-09
B08HWSKR3R,2023-11-06
B08HWSKR3R,2023-12-04
B08HWSKR3R,2024-01-01
B08HWSKR3R,2024-01-29
B08HXT5W8M,2023-02-27
B08HXT5W8M,2023-03-27
B08HXT5W8M,2023-04-24
B08HXT5W8M,2023-05-22
B08HXT5W8M,2023-06-19
B08HXT5W8M,2023-07-17
B08HXT5W8M,2023-08-14
B08HXT5W8M,2023-09-11
B08HXT5W8M,2023-10-09
B08HXT5W8M,2023-11-06
B08HXT5W8M,2023-12-04
B08HXT5W8M,2024-01-01
B08HXT5W8M,2024-01-29
B08HZBJHJN,2023-02-27
B08HZBJHJN,2023-03-27
B08HZBJHJN,2023-04-24
B08HZBJHJN,2023-05-22
B08HZBJHJN,2023-06-19
B08HZBJHJN,2023-07-17
B08HZBJHJN,2023-08-14
B08HZBJHJN,2023-09-11
B08HZBJHJN,2023-10-09
B08HZBJHJN,2023-11-06
B08HZBJHJN,2023-12-04
B08HZBJHJN,2024-01-01
B08HZBJHJN,2024-01-29
B08J4FJ63D,2023-02-27
B08J4FJ63D,2023-03-27
B08J4FJ63D,2023-04-24
B08J4FJ63D,2023-05-22
B08J4FJ63D,2023-06-19
B08J4FJ63D,2023-07-17
B08J4FJ63D,2023-08-14
B08J4FJ63D,2023-09-11
B08J4FJ63D,2023-10-09
B08J4FJ63D,2023-11-06
B08J4FJ63D,2023-12-04
B08J4FJ63D,2024-01-01
B08J4FJ63D,2024-01-29
B08J4FNVJW,2023-02-27
B08J4FNVJW,2023-03-27
B08J4FNVJW,2023-04-24
B08J4FNVJW,2023-05-22
B08J4FNVJW,2023-06-19
B08J4FNVJW,2023-07-17
B08J4FNVJW,2023-08-14
B08J4FNVJW,2023-09-11
B08J4FNVJW,2023-10-09
B08J4FNVJW,2023-11-06
B08J4FNVJW,2023-12-04
B08J4FNVJW,2024-01-01
B08J4FNVJW,2024-01-29
B08J4GGNKR,2023-02-27
B08J4GGNKR,2023-03-27
B08J4GGNKR,2023-04-24
B08J4GGNKR,2023-05-22
B08J4GGNKR,2023-06-19
B08J4GGNKR,2023-07-17
B08J4GGNKR,2023-08-14
B08J4GGNKR,2023-09-11
B08J4GGNKR,2023-10-09
B08J4GGNKR,2023-11-06
B08J4GGNKR,2023-12-04
B08J4GGNKR,2024-01-01
B08J4GGNKR,2024-01-29
B08J4GMVVY,2023-02-27
B08J4GMVVY,2023-03-27
B08J4GMVVY,2023-04-24
B08J4GMVVY,2023-05-22
B08J4GMVVY,2023-06-19
B08J4GMVVY,2023-07-17
B08J4GMVVY,2023-08-14
B08J4GMVVY,2023-09-11
B08J4GMVVY,2023-10-09
B08J4GMVVY,2023-11-06
B08J4GMVVY,2023-12-04
B08J4GMVVY,2024-01-01
B08J4GMVVY,2024-01-29
B08J4GTP7B,2023-02-27
B08J4GTP7B,2023-03-27
B08J4GTP7B,2023-04-24
B08J4GTP7B,2023-05-22
B08J4GTP7B,2023-06-19
B08J4GTP7B,2023-07-17
B08J4GTP7B,2023-08-14
B08J4GTP7B,2023-09-11
B08J4GTP7B,2023-10-09
B08J4GTP7B,2023-11-06
B08J4GTP7B,2023-12-04
B08J4GTP7B,2024-01-01
B08J4GTP7B,2024-01-29
B08J4H1KF4,2023-02-27
B08J4H1KF4,2023-03-27
B08J4H1KF4,2023-04-24
B08J4H1KF4,2023-05-22
B08J4H1KF4,2023-06-19
B08J4H1KF4,2023-07-17
B08J4H1KF4,2023-08-14
B08J4H1KF4,2023-09-11
B08J4H1KF4,2023-10-09
B08J4H1KF4,2023-11-06
B08J4H1KF4,2023-12-04
B08J4H1KF4,2024-01-01
B08J4H1KF4,2024-01-29
B08J4H1VYP,2023-02-27
B08J4H1VYP,2023-03-27
B08J4H1VYP,2023-04-24
B08J4H1VYP,2023-05-22
B08J4H1VYP,2023-06-19
B08J4H1VYP,2023-07-17
B08J4H1VYP,2023-08-14
B08J4H1VYP,2023-09-11
B08J4H1VYP,2023-10-09
B08J4H1VYP,2023-11-06
B08J4H1VYP,2023-12-04
B08J4H1VYP,2024-01-01
B08J4H1VYP,2024-01-29
B08J4H82W7,2023-02-27
B08J4H82W7,2023-03-27
B08J4H82W7,2023-04-24
B08J4H82W7,2023-05-22
B08J4H82W7,2023-06-19
B08J4H82W7,2023-07-17
B08J4H82W7,2023-08-14
B08J4H82W7,2023-09-11
B08J4H82W7,2023-10-09
B08J4H82W7,2023-11-06
B08J4H82W7,2023-12-04
B08J4H82W7,2024-01-01
B08J4H82W7,2024-01-29
B08J4HBX43,2023-02-27
B08J4HBX43,2023-03-27
B08J4HBX43,2023-04-24
B08J4HBX43,2023-05-22
B08J4HBX43,2023-06-19
B08J4HBX43,2023-07-17
B08J4HBX43,2023-08-14
B08J4HBX43,2023-09-11
B08J4HBX43,2023-10-09
B08J4HBX43,2023-11-06
B08J4HBX43,2023-12-04
B08J4HBX43,2024-01-01
B08J4HBX43,2024-01-29
B08J4HYH3C,2023-02-27
B08J4HYH3C,2023-03-27
B08J4HYH3C,2023-04-24
B08J4HYH3C,2023-05-22
B08J4HYH3C,2023-06-19
B08J4HYH3C,2023-07-17
B08J4HYH3C,2023-08-14
B08J4HYH3C,2023-09-11
B08J4HYH3C,2023-10-09
B08J4HYH3C,2023-11-06
B08J4HYH3C,2023-12-04
B08J4HYH3C,2024-01-01
B08J4HYH3C,2024-01-29
B08J4HZJGD,2023-02-27
B08J4HZJGD,2023-03-27
B08J4HZJGD,2023-04-24
B08J4HZJGD,2023-05-22
B08J4HZJGD,2023-06-19
B08J4HZJGD,2023-07-17
B08J4HZJGD,2023-08-14
B08J4HZJGD,2023-09-11
B08J4HZJGD,2023-10-09
B08J4HZJGD,2023-11-06
B08J4HZJGD,2023-12-04
B08J4HZJGD,2024-01-01
B08J4HZJGD,2024-01-29
B08J4J3GKH,2023-02-27
B08J4J3GKH,2023-03-27
B08J4J3GKH,2023-04-24
B08J4J3GKH,2023-05-22
B08J4J3GKH,2023-06-19
B08J4J3GKH,2023-07-17
B08J4J3GKH,2023-08-14
B08J4J3GKH,2023-09-11
B08J4J3GKH,2023-10-09
B08J4J3GKH,2023-11-06
B08J4J3GKH,2023-12-04
B08J4J3GKH,2024-01-01
B08J4J3GKH,2024-01-29
B08J4J6HK2,2023-02-27
B08J4J6HK2,2023-03-27
B08J4J6HK2,2023-04-24
B08J4J6HK2,2023-05-22
B08J4J6HK2,2023-06-19
B08J4J6HK2,2023-07-17
B08J4J6HK2,2023-08-14
B08J4J6HK2,2023-09-11
B08J4J6HK2,2023-10-09
B08J4J6HK2,2023-11-06
B08J4J6HK2,2023-12-04
B08J4J6HK2,2024-01-01
B08J4J6HK2,2024-01-29
B08J4JC2MJ,2023-02-27
B08J4JC2MJ,2023-03-27
B08J4JC2MJ,2023-04-24
B08J4JC2MJ,2023-05-22
B08J4JC2MJ,2023-06-19
B08J4JC2MJ,2023-07-17
B08J4JC2MJ,2023-08-14
B08J4JC2MJ,2023-09-11
B08J4JC2MJ,2023-10-09
B08J4JC2MJ,2023-11-06
B08J4JC2MJ,2023-12-04
B08J4JC2MJ,2024-01-01
B08J4JC2MJ,2024-01-29
B08J4K2PF5,2023-02-27
B08J4K2PF5,2023-03-27
B08J4K2PF5,2023-04-24
B08J4K2PF5,2023-05-22
B08J4K2PF5,2023-06-19
B08J4K2PF5,2023-07-17
B08J4K2PF5,2023-08-14
B08J4K2PF5,2023-09-11
B08J4K2PF5,2023-10-09
B08J4K2PF5,2023-11-06
B08J4K2PF5,2023-12-04
B08J4K2PF5,2024-01-01
B08J4K2PF5,2024-01-29
B08J5JJB7L,2023-02-27
B08J5JJB7L,2023-03-27
B08J5JJB7L,2023-04-24
B08J5JJB7L,2023-05-22
B08J5JJB7L,2023-06-19
B08J5JJB7L,2023-07-17
B08J5JJB7L,2023-08-14
B08J5JJB7L,2023-09-11
B08J5JJB7L,2023-10-09
B08J5JJB7L,2023-11-06
B08J5JJB7L,2023-12-04
B08J5JJB7L,2024-01-01
B08J5JJB7L,2024-01-29
B08J5S15Q1,2023-02-27
B08J5S15Q1,2023-03-27
B08J5S15Q1,2023-04-24
B08J5S15Q1,2023-05-22
B08J5S15Q1,2023-06-19
B08J5S15Q1,2023-07-17
B08J5S15Q1,2023-08-14
B08J5S15Q1,2023-09-11
B08J5S15Q1,2023-10-09
B08J5S15Q1,2023-11-06
B08J5S15Q1,2023-12-04
B08J5S15Q1,2024-01-01
B08J5S15Q1,2024-01-29
B08JBPT41G,2023-02-27
B08JBPT41G,2023-03-27
B08JBPT41G,2023-04-24
B08JBPT41G,2023-05-22
B08JBPT41G,2023-06-19
B08JBPT41G,2023-07-17
B08JBPT41G,2023-08-14
B08JBPT41G,2023-09-11
B08JBPT41G,2023-10-09
B08JBPT41G,2023-11-06
B08JBPT41G,2023-12-04
B08JBPT41G,2024-01-01
B08JBPT41G,2024-01-29
B08JFYRJD1,2023-02-27
B08JFYRJD1,2023-03-27
B08JFYRJD1,2023-04-24
B08JFYRJD1,2023-05-22
B08JFYRJD1,2023-06-19
B08JFYRJD1,2023-07-17
B08JFYRJD1,2023-08-14
B08JFYRJD1,2023-09-11
B08JFYRJD1,2023-10-09
B08JFYRJD1,2023-11-06
B08JFYRJD1,2023-12-04
B08JFYRJD1,2024-01-01
B08JFYRJD1,2024-01-29
B08JLRXGZ7,2023-02-27
B08JLRXGZ7,2023-03-27
B08JLRXGZ7,2023-04-24
B08JLRXGZ7,2023-05-22
B08JLRXGZ7,2023-06-19
B08JLRXGZ7,2023-07-17
B08JLRXGZ7,2023-08-14
B08JLRXGZ7,2023-09-11
B08JLRXGZ7,2023-10-09
B08JLRXGZ7,2023-11-06
B08JLRXGZ7,2023-12-04
B08JLRXGZ7,2024-01-01
B08JLRXGZ7,2024-01-29
B08JQCDG3N,2023-02-27
B08JQCDG3N,2023-03-27
B08JQCDG3N,2023-04-24
B08JQCDG3N,2023-05-22
B08JQCDG3N,2023-06-19
B08JQCDG3N,2023-07-17
B08JQCDG3N,2023-08-14
B08JQCDG3N,2023-09-11
B08JQCDG3N,2023-10-09
B08JQCDG3N,2023-11-06
B08JQCDG3N,2023-12-04
B08JQCDG3N,2024-01-01
B08JQCDG3N,2024-01-29
B08JVGP6RZ,2023-02-27
B08JVGP6RZ,2023-03-27
B08JVGP6RZ,2023-04-24
B08JVGP6RZ,2023-05-22
B08JVGP6RZ,2023-06-19
B08JVGP6RZ,2023-07-17
B08JVGP6RZ,2023-08-14
B08JVGP6RZ,2023-09-11
B08JVGP6RZ,2023-10-09
B08JVGP6RZ,2023-11-06
B08JVGP6RZ,2023-12-04
B08JVGP6RZ,2024-01-01
B08JVGP6RZ,2024-01-29
B08JW8TGRH,2023-02-27
B08JW8TGRH,2023-03-27
B08JW8TGRH,2023-04-24
B08JW8TGRH,2023-05-22
B08JW8TGRH,2023-06-19
B08JW8TGRH,2023-07-17
B08JW8TGRH,2023-08-14
B08JW8TGRH,2023-09-11
B08JW8TGRH,2023-10-09
B08JW8TGRH,2023-11-06
B08JW8TGRH,2023-12-04
B08JW8TGRH,2024-01-01
B08JW8TGRH,2024-01-29
B08JWNXM7B,2023-02-27
B08JWNXM7B,2023-03-27
B08JWNXM7B,2023-04-24
B08JWNXM7B,2023-05-22
B08JWNXM7B,2023-06-19
B08JWNXM7B,2023-07-17
B08JWNXM7B,2023-08-14
B08JWNXM7B,2023-09-11
B08JWNXM7B,2023-10-09
B08JWNXM7B,2023-11-06
B08JWNXM7B,2023-12-04
B08JWNXM7B,2024-01-01
B08JWNXM7B,2024-01-29
B08JYL1N7X,2023-02-27
B08JYL1N7X,2023-03-27
B08JYL1N7X,2023-04-24
B08JYL1N7X,2023-05-22
B08JYL1N7X,2023-06-19
B08JYL1N7X,2023-07-17
B08JYL1N7X,2023-08-14
B08JYL1N7X,2023-09-11
B08JYL1N7X,2023-10-09
B08JYL1N7X,2023-11-06
B08JYL1N7X,2023-12-04
B08JYL1N7X,2024-01-01
B08JYL1N7X,2024-01-29
B08JZLT19F,2023-04-24
B08JZLT19F,2023-05-22
B08JZLT19F,2023-06-19
B08JZLT19F,2023-07-17
B08JZLT19F,2023-08-14
B08JZLT19F,2023-09-11
B08JZLT19F,2023-10-09
B08JZLT19F,2023-11-06
B08JZLT19F,2023-12-04
B08JZLT19F,2024-01-01
B08JZLT19F,2024-01-29
B08K2S9HX3,2023-02-27
B08K2S9HX3,2023-03-27
B08K2S9HX3,2023-04-24
B08K2S9HX3,2023-05-22
B08K2S9HX3,2023-06-19
B08K2S9HX3,2023-07-17
B08K2S9HX3,2023-08-14
B08K2S9HX3,2023-09-11
B08K2S9HX3,2023-10-09
B08K2S9HX3,2023-11-06
B08K2S9HX3,2023-12-04
B08K2S9HX3,2024-01-01
B08K2S9HX3,2024-01-29
B08K3W33XC,2023-03-27
B08K3W33XC,2023-04-24
B08K3W33XC,2023-05-22
B08K3W33XC,2023-06-19
B08K3W33XC,2023-07-17
B08K3W33XC,2023-08-14
B08K3W33XC,2023-09-11
B08K3W33XC,2023-10-09
B08K3W33XC,2023-11-06
B08K3W33XC,2023-12-04
B08K3W33XC,2024-01-01
B08K3W33XC,2024-01-29
B08K61M36W,2023-02-27
B08K61M36W,2023-03-27
B08K61M36W,2023-04-24
B08K61M36W,2023-05-22
B08K61M36W,2023-06-19
B08K61M36W,2023-07-17
B08K61M36W,2023-08-14
B08K61M36W,2023-09-11
B08K61M36W,2023-10-09
B08K61M36W,2023-11-06
B08K61M36W,2023-12-04
B08K61M36W,2024-01-01
B08K61M36W,2024-01-29
B08K6377R3,2023-02-27
B08K6377R3,2023-03-27
B08K6377R3,2023-04-24
B08K6377R3,2023-05-22
B08K6377R3,2023-06-19
B08K6377R3,2023-07-17
B08K6377R3,2023-08-14
B08K6377R3,2023-09-11
B08K6377R3,2023-10-09
B08K6377R3,2023-11-06
B08K6377R3,2023-12-04
B08K6377R3,2024-01-01
B08K6377R3,2024-01-29
B08K64GF34,2023-02-27
B08K64GF34,2023-03-27
B08K64GF34,2023-04-24
B08K64GF34,2023-05-22
B08K64GF34,2023-06-19
B08K64GF34,2023-07-17
B08K64GF34,2023-08-14
B08K64GF34,2023-09-11
B08K64GF34,2023-10-09
B08K64GF34,2023-11-06
B08K64GF34,2023-12-04
B08K64GF34,2024-01-01
B08K64GF34,2024-01-29
B08K91N1CN,2023-02-27
B08K91N1CN,2023-03-27
B08K91N1CN,2023-04-24
B08K91N1CN,2023-05-22
B08K91N1CN,2023-06-19
B08K91N1CN,2023-07-17
B08K91N1CN,2023-08-14
B08K91N1CN,2023-09-11
B08K91N1CN,2023-10-09
B08K91N1CN,2023-11-06
B08K91N1CN,2023-12-04
B08K91N1CN,2024-01-01
B08K91N1CN,2024-01-29
B08KJNFD2X,2023-02-27
B08KJNFD2X,2023-03-27
B08KJNFD2X,2023-04-24
B08KJNFD2X,2023-05-22
B08KJNFD2X,2023-06-19
B08KJNFD2X,2023-07-17
B08KJNFD2X,2023-08-14
B08KJNFD2X,2023-09-11
B08KJNFD2X,2023-10-09
B08KJNFD2X,2023-11-06
B08KJNFD2X,2023-12-04
B08KJNFD2X,2024-01-01
B08KJNFD2X,2024-01-29
B08KVVC9KP,2023-02-27
B08KVVC9KP,2023-03-27
B08KVVC9KP,2023-04-24
B08KVVC9KP,2023-05-22
B08KVVC9KP,2023-06-19
B08KVVC9KP,2023-07-17
B08KVVC9KP,2023-08-14
B08KVVC9KP,2023-09-11
B08KVVC9KP,2023-10-09
B08KVVC9KP,2023-11-06
B08KVVC9KP,2023-12-04
B08KVVC9KP,2024-01-01
B08KVVC9KP,2024-01-29
B08KX5SB2M,2023-02-27
B08KX5SB2M,2023-03-27
B08KX5SB2M,2023-04-24
B08KX5SB2M,2023-05-22
B08KX5SB2M,2023-06-19
B08KX5SB2M,2023-07-17
B08KX5SB2M,2023-08-14
B08KX5SB2M,2023-09-11
B08KX5SB2M,2023-10-09
B08KX5SB2M,2023-11-06
B08KX5SB2M,2023-12-04
B08KX5SB2M,2024-01-01
B08KX5SB2M,2024-01-29
B08L44QD3Z,2023-02-27
B08L44QD3Z,2023-03-27
B08L44QD3Z,2023-04-24
B08L44QD3Z,2023-05-22
B08L44QD3Z,2023-06-19
B08L44QD3Z,2023-07-17
B08L44QD3Z,2023-08-14
B08L44QD3Z,2023-09-11
B08L44QD3Z,2023-10-09
B08L44QD3Z,2023-11-06
B08L44QD3Z,2023-12-04
B08L44QD3Z,2024-01-01
B08L44QD3Z,2024-01-29
B08L461BQX,2023-02-27
B08L461BQX,2023-03-27
B08L461BQX,2023-04-24
B08L461BQX,2023-05-22
B08L461BQX,2023-06-19
B08L461BQX,2023-07-17
B08L461BQX,2023-08-14
B08L461BQX,2023-09-11
B08L461BQX,2023-10-09
B08L461BQX,2023-11-06
B08L461BQX,2023-12-04
B08L461BQX,2024-01-01
B08L461BQX,2024-01-29
B08L79Q18D,2023-02-27
B08L79Q18D,2023-03-27
B08L79Q18D,2023-04-24
B08L79Q18D,2023-05-22
B08L79Q18D,2023-06-19
B08L79Q18D,2023-07-17
B08L79Q18D,2023-08-14
B08L79Q18D,2023-09-11
B08L79Q18D,2023-10-09
B08L79Q18D,2023-11-06
B08L79Q18D,2023-12-04
B08L79Q18D,2024-01-01
B08L79Q18D,2024-01-29
B08L9W6LML,2023-02-27
B08L9W6LML,2023-03-27
B08L9W6LML,2023-04-24
B08L9W6LML,2023-05-22
B08L9W6LML,2023-06-19
B08L9W6LML,2023-07-17
B08L9W6LML,2023-08-14
B08L9W6LML,2023-09-11
B08L9W6LML,2023-10-09
B08L9W6LML,2023-11-06
B08L9W6LML,2023-12-04
B08L9W6LML,2024-01-01
B08L9W6LML,2024-01-29
B08L9WG2YY,2023-02-27
B08L9WG2YY,2023-03-27
B08L9WG2YY,2023-04-24
B08L9WG2YY,2023-05-22
B08L9WG2YY,2023-06-19
B08L9WG2YY,2023-07-17
B08L9WG2YY,2023-08-14
B08L9WG2YY,2023-09-11
B08L9WG2YY,2023-10-09
B08L9WG2YY,2023-11-06
B08L9WG2YY,2023-12-04
B08L9WG2YY,2024-01-01
B08L9WG2YY,2024-01-29
B08LB62579,2023-02-27
B08LB62579,2023-03-27
B08LB62579,2023-04-24
B08LB62579,2023-05-22
B08LB62579,2023-06-19
B08LB62579,2023-07-17
B08LB62579,2023-08-14
B08LB62579,2023-09-11
B08LB62579,2023-10-09
B08LB62579,2023-11-06
B08LB62579,2023-12-04
B08LB62579,2024-01-01
B08LB62579,2024-01-29
B08LNBW99X,2023-02-27
B08LNBW99X,2023-03-27
B08LNBW99X,2023-04-24
B08LNBW99X,2023-05-22
B08LNBW99X,2023-06-19
B08LNBW99X,2023-07-17
B08LNBW99X,2023-08-14
B08LNBW99X,2023-09-11
B08LNBW99X,2023-10-09
B08LNBW99X,2023-11-06
B08LNBW99X,2023-12-04
B08LNBW99X,2024-01-01
B08LNBW99X,2024-01-29
B08LQF4R2V,2023-02-27
B08LQF4R2V,2023-03-27
B08LQF4R2V,2023-04-24
B08LQF4R2V,2023-05-22
B08LQF4R2V,2023-06-19
B08LQF4R2V,2023-07-17
B08LQF4R2V,2023-08-14
B08LQF4R2V,2023-09-11
B08LQF4R2V,2023-10-09
B08LQF4R2V,2023-11-06
B08LQF4R2V,2023-12-04
B08LQF4R2V,2024-01-01
B08LQF4R2V,2024-01-29
B08LX1C13N,2023-02-27
B08LX1C13N,2023-03-27
B08LX1C13N,2023-04-24
B08LX1C13N,2023-05-22
B08LX1C13N,2023-06-19
B08LX1C13N,2023-07-17
B08LX1C13N,2023-08-14
B08LX1C13N,2023-09-11
B08LX1C13N,2023-10-09
B08LX1C13N,2023-11-06
B08LX1C13N,2023-12-04
B08LX1C13N,2024-01-01
B08LX1C13N,2024-01-29
B08M3X94TB,2023-02-27
B08M3X94TB,2023-03-27
B08M3X94TB,2023-04-24
B08M3X94TB,2023-05-22
B08M3X94TB,2023-06-19
B08M3X94TB,2023-07-17
B08M3X94TB,2023-08-14
B08M3X94TB,2023-09-11
B08M3X94TB,2023-10-09
B08M3X94TB,2023-11-06
B08M3X94TB,2023-12-04
B08M3X94TB,2024-01-01
B08M3X94TB,2024-01-29
B08M6CRP24,2023-02-27
B08M6CRP24,2023-03-27
B08M6CRP24,2023-04-24
B08M6CRP24,2023-05-22
B08M6CRP24,2023-06-19
B08M6CRP24,2023-07-17
B08M6CRP24,2023-08-14
B08M6CRP24,2023-09-11
B08M6CRP24,2023-10-09
B08M6CRP24,2023-11-06
B08M6CRP24,2023-12-04
B08M6CRP24,2024-01-01
B08M6CRP24,2024-01-29
B08M9JBJ82,2023-02-27
B08M9JBJ82,2023-03-27
B08M9JBJ82,2023-04-24
B08M9JBJ82,2023-05-22
B08M9JBJ82,2023-06-19
B08M9JBJ82,2023-07-17
B08M9JBJ82,2023-08-14
B08M9JBJ82,2023-09-11
B08M9JBJ82,2023-10-09
B08M9JBJ82,2023-11-06
B08M9JBJ82,2023-12-04
B08M9JBJ82,2024-01-01
B08M9JBJ82,2024-01-29
B08MFHNG41,2023-02-27
B08MFHNG41,2023-03-27
B08MFHNG41,2023-04-24
B08MFHNG41,2023-05-22
B08MFHNG41,2023-06-19
B08MFHNG41,2023-07-17
B08MFHNG41,2023-08-14
B08MFHNG41,2023-09-11
B08MFHNG41,2023-10-09
B08MFHNG41,2023-11-06
B08MFHNG41,2023-12-04
B08MFHNG41,2024-01-01
B08MFHNG41,2024-01-29
B08MFPXF8R,2023-02-27
B08MFPXF8R,2023-03-27
B08MFPXF8R,2023-04-24
B08MFPXF8R,2023-05-22
B08MFPXF8R,2023-06-19
B08MFPXF8R,2023-07-17
B08MFPXF8R,2023-08-14
B08MFPXF8R,2023-09-11
B08MFPXF8R,2023-10-09
B08MFPXF8R,2023-11-06
B08MFPXF8R,2023-12-04
B08MFPXF8R,2024-01-01
B08MFPXF8R,2024-01-29
B08MFRTRSG,2023-02-27
B08MFRTRSG,2023-03-27
B08MFRTRSG,2023-04-24
B08MFRTRSG,2023-05-22
B08MFRTRSG,2023-06-19
B08MFRTRSG,2023-07-17
B08MFRTRSG,2023-08-14
B08MFRTRSG,2023-09-11
B08MFRTRSG,2023-10-09
B08MFRTRSG,2023-11-06
B08MFRTRSG,2023-12-04
B08MFRTRSG,2024-01-01
B08MFRTRSG,2024-01-29
B08MKZXYBJ,2023-02-27
B08MKZXYBJ,2023-03-27
B08MKZXYBJ,2023-04-24
B08MKZXYBJ,2023-05-22
B08MKZXYBJ,2023-06-19
B08MKZXYBJ,2023-07-17
B08MKZXYBJ,2023-08-14
B08MKZXYBJ,2023-09-11
B08MKZXYBJ,2023-10-09
B08MKZXYBJ,2023-11-06
B08MKZXYBJ,2023-12-04
B08MKZXYBJ,2024-01-01
B08MKZXYBJ,2024-01-29
B08MQK3JCM,2023-02-27
B08MQK3JCM,2023-03-27
B08MQK3JCM,2023-04-24
B08MQK3JCM,2023-05-22
B08MQK3JCM,2023-06-19
B08MQK3JCM,2023-07-17
B08MQK3JCM,2023-08-14
B08MQK3JCM,2023-09-11
B08MQK3JCM,2023-10-09
B08MQK3JCM,2023-11-06
B08MQK3JCM,2023-12-04
B08MQK3JCM,2024-01-01
B08MQK3JCM,2024-01-29
B08MQPTC9M,2023-02-27
B08MQPTC9M,2023-03-27
B08MQPTC9M,2023-04-24
B08MQPTC9M,2023-05-22
B08MQPTC9M,2023-06-19
B08MQPTC9M,2023-07-17
B08MQPTC9M,2023-08-14
B08MQPTC9M,2023-09-11
B08MQPTC9M,2023-10-09
B08MQPTC9M,2023-11-06
B08MQPTC9M,2023-12-04
B08MQPTC9M,2024-01-01
B08MQPTC9M,2024-01-29
B08MV47SFR,2023-02-27
B08MV47SFR,2023-03-27
B08MV47SFR,2023-04-24
B08MV47SFR,2023-05-22
B08MV47SFR,2023-06-19
B08MV47SFR,2023-07-17
B08MV47SFR,2023-08-14
B08MV47SFR,2023-09-11
B08MV47SFR,2023-10-09
B08MV47SFR,2023-11-06
B08MV47SFR,2023-12-04
B08MV47SFR,2024-01-01
B08MV47SFR,2024-01-29
B08MX3ZJ83,2023-02-27
B08MX3ZJ83,2023-03-27
B08MX3ZJ83,2023-04-24
B08MX3ZJ83,2023-05-22
B08MX3ZJ83,2023-06-19
B08MX3ZJ83,2023-07-17
B08MX3ZJ83,2023-08-14
B08MX3ZJ83,2023-09-11
B08MX3ZJ83,2023-10-09
B08MX3ZJ83,2023-11-06
B08MX3ZJ83,2023-12-04
B08MX3ZJ83,2024-01-01
B08MX3ZJ83,2024-01-29
B08MX711WJ,2023-02-27
B08MX711WJ,2023-03-27
B08MX711WJ,2023-04-24
B08MX711WJ,2023-05-22
B08MX711WJ,2023-06-19
B08MX711WJ,2023-07-17
B08MX711WJ,2023-08-14
B08MX711WJ,2023-09-11
B08MX711WJ,2023-10-09
B08MX711WJ,2023-11-06
B08MX711WJ,2023-12-04
B08MX711WJ,2024-01-01
B08MX711WJ,2024-01-29
B08MZZ8B47,2023-02-27
B08MZZ8B47,2023-03-27
B08MZZ8B47,2023-04-24
B08MZZ8B47,2023-05-22
B08MZZ8B47,2023-06-19
B08MZZ8B47,2023-07-17
B08MZZ8B47,2023-08-14
B08MZZ8B47,2023-09-11
B08MZZ8B47,2023-10-09
B08MZZ8B47,2023-11-06
B08MZZ8B47,2023-12-04
B08MZZ8B47,2024-01-01
B08MZZ8B47,2024-01-29
B08N5J36HR,2023-02-27
B08N5J36HR,2023-03-27
B08N5J36HR,2023-04-24
B08N5J36HR,2023-05-22
B08N5J36HR,2023-06-19
B08N5J36HR,2023-07-17
B08N5J36HR,2023-08-14
B08N5J36HR,2023-09-11
B08N5J36HR,2023-10-09
B08N5J36HR,2023-11-06
B08N5J36HR,2023-12-04
B08N5J36HR,2024-01-01
B08N5J36HR,2024-01-29
B08N5J79S4,2023-02-27
B08N5J79S4,2023-03-27
B08N5J79S4,2023-04-24
B08N5J79S4,2023-05-22
B08N5J79S4,2023-06-19
B08N5J79S4,2023-07-17
B08N5J79S4,2023-08-14
B08N5J79S4,2023-09-11
B08N5J79S4,2023-10-09
B08N5J79S4,2023-11-06
B08N5J79S4,2023-12-04
B08N5J79S4,2024-01-01
B08N5J79S4,2024-01-29
B08N5LVQSL,2023-02-27
B08N5LVQSL,2023-03-27
B08N5LVQSL,2023-04-24
B08N5LVQSL,2023-05-22
B08N5LVQSL,2023-06-19
B08N5LVQSL,2023-07-17
B08N5LVQSL,2023-08-14
B08N5LVQSL,2023-09-11
B08N5LVQSL,2023-10-09
B08N5LVQSL,2023-11-06
B08N5LVQSL,2023-12-04
B08N5LVQSL,2024-01-01
B08N5LVQSL,2024-01-29
B08N71Q7HT,2023-02-27
B08N71Q7HT,2023-03-27
B08N71Q7HT,2023-04-24
B08N71Q7HT,2023-05-22
B08N71Q7HT,2023-06-19
B08N71Q7HT,2023-07-17
B08N71Q7HT,2023-08-14
B08N71Q7HT,2023-09-11
B08N71Q7HT,2023-10-09
B08N71Q7HT,2023-11-06
B08N71Q7HT,2023-12-04
B08N71Q7HT,2024-01-01
B08N71Q7HT,2024-01-29
B08N71Z1ZC,2023-04-24
B08N71Z1ZC,2023-05-22
B08N71Z1ZC,2023-06-19
B08N71Z1ZC,2023-07-17
B08N71Z1ZC,2023-08-14
B08N71Z1ZC,2023-09-11
B08N71Z1ZC,2023-10-09
B08N71Z1ZC,2023-11-06
B08N71Z1ZC,2023-12-04
B08N71Z1ZC,2024-01-01
B08N71Z1ZC,2024-01-29
B08N85G4CS,2023-02-27
B08N85G4CS,2023-03-27
B08N85G4CS,2023-04-24
B08N85G4CS,2023-05-22
B08N85G4CS,2023-06-19
B08N85G4CS,2023-07-17
B08N85G4CS,2023-08-14
B08N85G4CS,2023-09-11
B08N85G4CS,2023-10-09
B08N85G4CS,2023-11-06
B08N85G4CS,2023-12-04
B08N85G4CS,2024-01-01
B08N85G4CS,2024-01-29
B08NDKS291,2023-02-27
B08NDKS291,2023-03-27
B08NDKS291,2023-04-24
B08NDKS291,2023-05-22
B08NDKS291,2023-06-19
B08NDKS291,2023-07-17
B08NDKS291,2023-08-14
B08NDKS291,2023-09-11
B08NDKS291,2023-10-09
B08NDKS291,2023-11-06
B08NDKS291,2023-12-04
B08NDKS291,2024-01-01
B08NDKS291,2024-01-29
B08NFPM6SG,2023-02-27
B08NFPM6SG,2023-03-27
B08NFPM6SG,2023-04-24
B08NFPM6SG,2023-05-22
B08NFPM6SG,2023-06-19
B08NFPM6SG,2023-07-17
B08NFPM6SG,2023-08-14
B08NFPM6SG,2023-09-11
B08NFPM6SG,2023-10-09
B08NFPM6SG,2023-11-06
B08NFPM6SG,2023-12-04
B08NFPM6SG,2024-01-01
B08NFPM6SG,2024-01-29
B08NJKHHW5,2023-02-27
B08NJKHHW5,2023-03-27
B08NJKHHW5,2023-04-24
B08NJKHHW5,2023-05-22
B08NJKHHW5,2023-06-19
B08NJKHHW5,2023-07-17
B08NJKHHW5,2023-08-14
B08NJKHHW5,2023-09-11
B08NJKHHW5,2023-10-09
B08NJKHHW5,2023-11-06
B08NJKHHW5,2023-12-04
B08NJKHHW5,2024-01-01
B08NJKHHW5,2024-01-29
B08NJYTY8S,2023-02-27
B08NJYTY8S,2023-03-27
B08NJYTY8S,2023-04-24
B08NJYTY8S,2023-05-22
B08NJYTY8S,2023-06-19
B08NJYTY8S,2023-07-17
B08NJYTY8S,2023-08-14
B08NJYTY8S,2023-09-11
B08NJYTY8S,2023-10-09
B08NJYTY8S,2023-11-06
B08NJYTY8S,2023-12-04
B08NJYTY8S,2024-01-01
B08NJYTY8S,2024-01-29
B08NMNFGHK,2023-02-27
B08NMNFGHK,2023-03-27
B08NMNFGHK,2023-04-24
B08NMNFGHK,2023-05-22
B08NMNFGHK,2023-06-19
B08NMNFGHK,2023-07-17
B08NMNFGHK,2023-08-14
B08NMNFGHK,2023-09-11
B08NMNFGHK,2023-10-09
B08NMNFGHK,2023-11-06
B08NMNFGHK,2023-12-04
B08NMNFGHK,2024-01-01
B08NMNFGHK,2024-01-29
B08NMRL3B9,2023-02-27
B08NMRL3B9,2023-03-27
B08NMRL3B9,2023-04-24
B08NMRL3B9,2023-05-22
B08NMRL3B9,2023-06-19
B08NMRL3B9,2023-07-17
B08NMRL3B9,2023-08-14
B08NMRL3B9,2023-09-11
B08NMRL3B9,2023-10-09
B08NMRL3B9,2023-11-06
B08NMRL3B9,2023-12-04
B08NMRL3B9,2024-01-01
B08NMRL3B9,2024-01-29
B08NPJVN7W,2023-02-27
B08NPJVN7W,2023-03-27
B08NPJVN7W,2023-04-24
B08NPJVN7W,2023-05-22
B08NPJVN7W,2023-06-19
B08NPJVN7W,2023-07-17
B08NPJVN7W,2023-08-14
B08NPJVN7W,2023-09-11
B08NPJVN7W,2023-10-09
B08NPJVN7W,2023-11-06
B08NPJVN7W,2023-12-04
B08NPJVN7W,2024-01-01
B08NPJVN7W,2024-01-29
B08NRZDD9J,2023-02-27
B08NRZDD9J,2023-03-27
B08NRZDD9J,2023-04-24
B08NRZDD9J,2023-05-22
B08NRZDD9J,2023-06-19
B08NRZDD9J,2023-07-17
B08NRZDD9J,2023-08-14
B08NRZDD9J,2023-09-11
B08NRZDD9J,2023-10-09
B08NRZDD9J,2023-11-06
B08NRZDD9J,2023-12-04
B08NRZDD9J,2024-01-01
B08NRZDD9J,2024-01-29
B08NSH2DJB,2023-02-27
B08NSH2DJB,2023-03-27
B08NSH2DJB,2023-04-24
B08NSH2DJB,2023-05-22
B08NSH2DJB,2023-06-19
B08NSH2DJB,2023-07-17
B08NSH2DJB,2023-08-14
B08NSH2DJB,2023-09-11
B08NSH2DJB,2023-10-09
B08NSH2DJB,2023-11-06
B08NSH2DJB,2023-12-04
B08NSH2DJB,2024-01-01
B08NSH2DJB,2024-01-29
B08NT3FYFS,2023-02-27
B08NT3FYFS,2023-03-27
B08NT3FYFS,2023-04-24
B08NT3FYFS,2023-05-22
B08NT3FYFS,2023-06-19
B08NT3FYFS,2023-07-17
B08NT3FYFS,2023-08-14
B08NT3FYFS,2023-09-11
B08NT3FYFS,2023-10-09
B08NT3FYFS,2023-11-06
B08NT3FYFS,2023-12-04
B08NT3FYFS,2024-01-01
B08NT3FYFS,2024-01-29
B08NXVNSLK,2023-02-27
B08NXVNSLK,2023-03-27
B08NXVNSLK,2023-04-24
B08NXVNSLK,2023-05-22
B08NXVNSLK,2023-06-19
B08NXVNSLK,2023-07-17
B08NXVNSLK,2023-08-14
B08NXVNSLK,2023-09-11
B08NXVNSLK,2023-10-09
B08NXVNSLK,2023-11-06
B08NXVNSLK,2023-12-04
B08NXVNSLK,2024-01-01
B08NXVNSLK,2024-01-29
B08NYHXQPH,2023-02-27
B08NYHXQPH,2023-03-27
B08NYHXQPH,2023-04-24
B08NYHXQPH,2023-05-22
B08NYHXQPH,2023-06-19
B08NYHXQPH,2023-07-17
B08NYHXQPH,2023-08-14
B08NYHXQPH,2023-09-11
B08NYHXQPH,2023-10-09
B08NYHXQPH,2023-11-06
B08NYHXQPH,2023-12-04
B08NYHXQPH,2024-01-01
B08NYHXQPH,2024-01-29
B08P19ZR5X,2023-02-27
B08P19ZR5X,2023-03-27
B08P19ZR5X,2023-04-24
B08P19ZR5X,2023-05-22
B08P19ZR5X,2023-06-19
B08P19ZR5X,2023-07-17
B08P19ZR5X,2023-08-14
B08P19ZR5X,2023-09-11
B08P19ZR5X,2023-10-09
B08P19ZR5X,2023-11-06
B08P19ZR5X,2023-12-04
B08P19ZR5X,2024-01-01
B08P19ZR5X,2024-01-29
B08P4S1F13,2023-02-27
B08P4S1F13,2023-03-27
B08P4S1F13,2023-04-24
B08P4S1F13,2023-05-22
B08P4S1F13,2023-06-19
B08P4S1F13,2023-07-17
B08P4S1F13,2023-08-14
B08P4S1F13,2023-09-11
B08P4S1F13,2023-10-09
B08P4S1F13,2023-11-06
B08P4S1F13,2023-12-04
B08P4S1F13,2024-01-01
B08P4S1F13,2024-01-29
B08PB394JT,2023-02-27
B08PB394JT,2023-03-27
B08PB394JT,2023-04-24
B08PB394JT,2023-05-22
B08PB394JT,2023-06-19
B08PB394JT,2023-07-17
B08PB394JT,2023-08-14
B08PB394JT,2023-09-11
B08PB394JT,2023-10-09
B08PB394JT,2023-11-06
B08PB394JT,2023-12-04
B08PB394JT,2024-01-01
B08PB394JT,2024-01-29
B08PCWPN8K,2023-02-27
B08PCWPN8K,2023-03-27
B08PCWPN8K,2023-04-24
B08PCWPN8K,2023-05-22
B08PCWPN8K,2023-06-19
B08PCWPN8K,2023-07-17
B08PCWPN8K,2023-08-14
B08PCWPN8K,2023-09-11
B08PCWPN8K,2023-10-09
B08PCWPN8K,2023-11-06
B08PCWPN8K,2023-12-04
B08PCWPN8K,2024-01-01
B08PCWPN8K,2024-01-29
B08PDR3RKH,2023-02-27
B08PDR3RKH,2023-03-27
B08PDR3RKH,2023-04-24
B08PDR3RKH,2023-05-22
B08PDR3RKH,2023-06-19
B08PDR3RKH,2023-07-17
B08PDR3RKH,2023-08-14
B08PDR3RKH,2023-09-11
B08PDR3RKH,2023-10-09
B08PDR3RKH,2023-11-06
B08PDR3RKH,2023-12-04
B08PDR3RKH,2024-01-01
B08PDR3RKH,2024-01-29
B08PG27B1S,2023-02-27
B08PG27B1S,2023-03-27
B08PG27B1S,2023-04-24
B08PG27B1S,2023-05-22
B08PG27B1S,2023-06-19
B08PG27B1S,2023-07-17
B08PG27B1S,2023-08-14
B08PG27B1S,2023-09-11
B08PG27B1S,2023-10-09
B08PG27B1S,2023-11-06
B08PG27B1S,2023-12-04
B08PG27B1S,2024-01-01
B08PG27B1S,2024-01-29
B08PN1PJDG,2023-02-27
B08PN1PJDG,2023-03-27
B08PN1PJDG,2023-04-24
B08PN1PJDG,2023-05-22
B08PN1PJDG,2023-06-19
B08PN1PJDG,2023-07-17
B08PN1PJDG,2023-08-14
B08PN1PJDG,2023-09-11
B08PN1PJDG,2023-10-09
B08PN1PJDG,2023-11-06
B08PN1PJDG,2023-12-04
B08PN1PJDG,2024-01-01
B08PN1PJDG,2024-01-29
B08PVFPF8Z,2023-02-27
B08PVFPF8Z,2023-03-27
B08PVFPF8Z,2023-04-24
B08PVFPF8Z,2023-05-22
B08PVFPF8Z,2023-06-19
B08PVFPF8Z,2023-07-17
B08PVFPF8Z,2023-08-14
B08PVFPF8Z,2023-09-11
B08PVFPF8Z,2023-10-09
B08PVFPF8Z,2023-11-06
B08PVFPF8Z,2023-12-04
B08PVFPF8Z,2024-01-01
B08PVFPF8Z,2024-01-29
B08PZDKCSY,2023-02-27
B08PZDKCSY,2023-03-27
B08PZDKCSY,2023-04-24
B08PZDKCSY,2023-05-22
B08PZDKCSY,2023-06-19
B08PZDKCSY,2023-07-17
B08PZDKCSY,2023-08-14
B08PZDKCSY,2023-09-11
B08PZDKCSY,2023-10-09
B08PZDKCSY,2023-11-06
B08PZDKCSY,2023-12-04
B08PZDKCSY,2024-01-01
B08PZDKCSY,2024-01-29
B08Q1SV9NQ,2023-02-27
B08Q1SV9NQ,2023-03-27
B08Q1SV9NQ,2023-04-24
B08Q1SV9NQ,2023-05-22
B08Q1SV9NQ,2023-06-19
B08Q1SV9NQ,2023-07-17
B08Q1SV9NQ,2023-08-14
B08Q1SV9NQ,2023-09-11
B08Q1SV9NQ,2023-10-09
B08Q1SV9NQ,2023-11-06
B08Q1SV9NQ,2023-12-04
B08Q1SV9NQ,2024-01-01
B08Q1SV9NQ,2024-01-29
B08Q1VP4QR,2023-02-27
B08Q1VP4QR,2023-03-27
B08Q1VP4QR,2023-04-24
B08Q1VP4QR,2023-05-22
B08Q1VP4QR,2023-06-19
B08Q1VP4QR,2023-07-17
B08Q1VP4QR,2023-08-14
B08Q1VP4QR,2023-09-11
B08Q1VP4QR,2023-10-09
B08Q1VP4QR,2023-11-06
B08Q1VP4QR,2023-12-04
B08Q1VP4QR,2024-01-01
B08Q1VP4QR,2024-01-29
B08Q3R9MKB,2023-02-27
B08Q3R9MKB,2023-03-27
B08Q3R9MKB,2023-04-24
B08Q3R9MKB,2023-05-22
B08Q3R9MKB,2023-06-19
B08Q3R9MKB,2023-07-17
B08Q3R9MKB,2023-08-14
B08Q3R9MKB,2023-09-11
B08Q3R9MKB,2023-10-09
B08Q3R9MKB,2023-11-06
B08Q3R9MKB,2023-12-04
B08Q3R9MKB,2024-01-01
B08Q3R9MKB,2024-01-29
B08Q7Q6FSB,2023-02-27
B08Q7Q6FSB,2023-03-27
B08Q7Q6FSB,2023-04-24
B08Q7Q6FSB,2023-05-22
B08Q7Q6FSB,2023-06-19
B08Q7Q6FSB,2023-07-17
B08Q7Q6FSB,2023-08-14
B08Q7Q6FSB,2023-09-11
B08Q7Q6FSB,2023-10-09
B08Q7Q6FSB,2023-11-06
B08Q7Q6FSB,2023-12-04
B08Q7Q6FSB,2024-01-01
B08Q7Q6FSB,2024-01-29
B08Q82RQRT,2023-02-27
B08Q82RQRT,2023-03-27
B08Q82RQRT,2023-04-24
B08Q82RQRT,2023-05-22
B08Q82RQRT,2023-06-19
B08Q82RQRT,2023-07-17
B08Q82RQRT,2023-08-14
B08Q82RQRT,2023-09-11
B08Q82RQRT,2023-10-09
B08Q82RQRT,2023-11-06
B08Q82RQRT,2023-12-04
B08Q82RQRT,2024-01-01
B08Q82RQRT,2024-01-29
B08QD6THHK,2023-02-27
B08QD6THHK,2023-03-27
B08QD6THHK,2023-04-24
B08QD6THHK,2023-05-22
B08QD6THHK,2023-06-19
B08QD6THHK,2023-07-17
B08QD6THHK,2023-08-14
B08QD6THHK,2023-09-11
B08QD6THHK,2023-10-09
B08QD6THHK,2023-11-06
B08QD6THHK,2023-12-04
B08QD6THHK,2024-01-01
B08QD6THHK,2024-01-29
B08QV6XGTS,2023-02-27
B08QV6XGTS,2023-03-27
B08QV6XGTS,2023-04-24
B08QV6XGTS,2023-05-22
B08QV6XGTS,2023-06-19
B08QV6XGTS,2023-07-17
B08QV6XGTS,2023-08-14
B08QV6XGTS,2023-09-11
B08QV6XGTS,2023-10-09
B08QV6XGTS,2023-11-06
B08QV6XGTS,2023-12-04
B08QV6XGTS,2024-01-01
B08QV6XGTS,2024-01-29
B08QXTY7GM,2023-02-27
B08QXTY7GM,2023-03-27
B08QXTY7GM,2023-04-24
B08QXTY7GM,2023-05-22
B08QXTY7GM,2023-06-19
B08QXTY7GM,2023-07-17
B08QXTY7GM,2023-08-14
B08QXTY7GM,2023-09-11
B08QXTY7GM,2023-10-09
B08QXTY7GM,2023-11-06
B08QXTY7GM,2023-12-04
B08QXTY7GM,2024-01-01
B08QXTY7GM,2024-01-29
B08QYP4MCF,2023-02-27
B08QYP4MCF,2023-03-27
B08QYP4MCF,2023-04-24
B08QYP4MCF,2023-05-22
B08QYP4MCF,2023-06-19
B08QYP4MCF,2023-07-17
B08QYP4MCF,2023-08-14
B08QYP4MCF,2023-09-11
B08QYP4MCF,2023-10-09
B08QYP4MCF,2023-11-06
B08QYP4MCF,2023-12-04
B08QYP4MCF,2024-01-01
B08QYP4MCF,2024-01-29
B08QYRZMHJ,2023-02-27
B08QYRZMHJ,2023-03-27
B08QYRZMHJ,2023-04-24
B08QYRZMHJ,2023-05-22
B08QYRZMHJ,2023-06-19
B08QYRZMHJ,2023-07-17
B08QYRZMHJ,2023-08-14
B08QYRZMHJ,2023-09-11
B08QYRZMHJ,2023-10-09
B08QYRZMHJ,2023-11-06
B08QYRZMHJ,2023-12-04
B08QYRZMHJ,2024-01-01
B08QYRZMHJ,2024-01-29
B08QZ41KSN,2023-02-27
B08QZ41KSN,2023-03-27
B08QZ41KSN,2023-04-24
B08QZ41KSN,2023-05-22
B08QZ41KSN,2023-06-19
B08QZ41KSN,2023-07-17
B08QZ41KSN,2023-08-14
B08QZ41KSN,2023-09-11
B08QZ41KSN,2023-10-09
B08QZ41KSN,2023-11-06
B08QZ41KSN,2023-12-04
B08QZ41KSN,2024-01-01
B08QZ41KSN,2024-01-29
B08QZGNJBP,2023-02-27
B08QZGNJBP,2023-03-27
B08QZGNJBP,2023-04-24
B08QZGNJBP,2023-05-22
B08QZGNJBP,2023-06-19
B08QZGNJBP,2023-07-17
B08QZGNJBP,2023-08-14
B08QZGNJBP,2023-09-11
B08QZGNJBP,2023-10-09
B08QZGNJBP,2023-11-06
B08QZGNJBP,2023-12-04
B08QZGNJBP,2024-01-01
B08QZGNJBP,2024-01-29
B08R4341YP,2023-02-27
B08R4341YP,2023-03-27
B08R4341YP,2023-04-24
B08R4341YP,2023-05-22
B08R4341YP,2023-06-19
B08R4341YP,2023-07-17
B08R4341YP,2023-08-14
B08R4341YP,2023-09-11
B08R4341YP,2023-10-09
B08R4341YP,2023-11-06
B08R4341YP,2023-12-04
B08R4341YP,2024-01-01
B08R4341YP,2024-01-29
B08R56VB2N,2023-02-27
B08R56VB2N,2023-03-27
B08R56VB2N,2023-04-24
B08R56VB2N,2023-05-22
B08R56VB2N,2023-06-19
B08R56VB2N,2023-07-17
B08R56VB2N,2023-08-14
B08R56VB2N,2023-09-11
B08R56VB2N,2023-10-09
B08R56VB2N,2023-11-06
B08R56VB2N,2023-12-04
B08R56VB2N,2024-01-01
B08R56VB2N,2024-01-29
B08R59XTNJ,2023-02-27
B08R59XTNJ,2023-03-27
B08R59XTNJ,2023-04-24
B08R59XTNJ,2023-05-22
B08R59XTNJ,2023-06-19
B08R59XTNJ,2023-07-17
B08R59XTNJ,2023-08-14
B08R59XTNJ,2023-09-11
B08R59XTNJ,2023-10-09
B08R59XTNJ,2023-11-06
B08R59XTNJ,2023-12-04
B08R59XTNJ,2024-01-01
B08R59XTNJ,2024-01-29
B08R5D872T,2023-02-27
B08R5D872T,2023-03-27
B08R5D872T,2023-04-24
B08R5D872T,2023-05-22
B08R5D872T,2023-06-19
B08R5D872T,2023-07-17
B08R5D872T,2023-08-14
B08R5D872T,2023-09-11
B08R5D872T,2023-10-09
B08R5D872T,2023-11-06
B08R5D872T,2023-12-04
B08R5D872T,2024-01-01
B08R5D872T,2024-01-29
B08R5GHBVW,2023-02-27
B08R5GHBVW,2023-03-27
B08R5GHBVW,2023-04-24
B08R5GHBVW,2023-05-22
B08R5GHBVW,2023-06-19
B08R5GHBVW,2023-07-17
B08R5GHBVW,2023-08-14
B08R5GHBVW,2023-09-11
B08R5GHBVW,2023-10-09
B08R5GHBVW,2023-11-06
B08R5GHBVW,2023-12-04
B08R5GHBVW,2024-01-01
B08R5GHBVW,2024-01-29
B08R5GHF3B,2023-02-27
B08R5GHF3B,2023-03-27
B08R5GHF3B,2023-04-24
B08R5GHF3B,2023-05-22
B08R5GHF3B,2023-06-19
B08R5GHF3B,2023-07-17
B08R5GHF3B,2023-08-14
B08R5GHF3B,2023-09-11
B08R5GHF3B,2023-10-09
B08R5GHF3B,2023-11-06
B08R5GHF3B,2023-12-04
B08R5GHF3B,2024-01-01
B08R5GHF3B,2024-01-29
B08R5KSNTZ,2023-10-09
B08R5KSNTZ,2023-11-06
B08R5KSNTZ,2023-12-04
B08R5KSNTZ,2024-01-01
B08R5KSNTZ,2024-01-29
B08R5M8PHP,2023-02-27
B08R5M8PHP,2023-03-27
B08R5M8PHP,2023-04-24
B08R5M8PHP,2023-05-22
B08R5M8PHP,2023-06-19
B08R5M8PHP,2023-07-17
B08R5M8PHP,2023-08-14
B08R5M8PHP,2023-09-11
B08R5M8PHP,2023-10-09
B08R5M8PHP,2023-11-06
B08R5M8PHP,2023-12-04
B08R5M8PHP,2024-01-01
B08R5M8PHP,2024-01-29
B08R5MPTNQ,2023-02-27
B08R5MPTNQ,2023-03-27
B08R5MPTNQ,2023-04-24
B08R5MPTNQ,2023-05-22
B08R5MPTNQ,2023-06-19
B08R5MPTNQ,2023-07-17
B08R5MPTNQ,2023-08-14
B08R5MPTNQ,2023-09-11
B08R5MPTNQ,2023-10-09
B08R5MPTNQ,2023-11-06
B08R5MPTNQ,2023-12-04
B08R5MPTNQ,2024-01-01
B08R5MPTNQ,2024-01-29
B08R5P295L,2023-02-27
B08R5P295L,2023-03-27
B08R5P295L,2023-04-24
B08R5P295L,2023-05-22
B08R5P295L,2023-06-19
B08R5P295L,2023-07-17
B08R5P295L,2023-08-14
B08R5P295L,2023-09-11
B08R5P295L,2023-10-09
B08R5P295L,2023-11-06
B08R5P295L,2023-12-04
B08R5P295L,2024-01-01
B08R5P295L,2024-01-29
B08R5PXNRL,2023-02-27
B08R5PXNRL,2023-03-27
B08R5PXNRL,2023-04-24
B08R5PXNRL,2023-05-22
B08R5PXNRL,2023-06-19
B08R5PXNRL,2023-07-17
B08R5PXNRL,2023-08-14
B08R5PXNRL,2023-09-11
B08R5PXNRL,2023-10-09
B08R5PXNRL,2023-11-06
B08R5PXNRL,2023-12-04
B08R5PXNRL,2024-01-01
B08R5PXNRL,2024-01-29
B08R5XW4QL,2023-02-27
B08R5XW4QL,2023-03-27
B08R5XW4QL,2023-04-24
B08R5XW4QL,2023-05-22
B08R5XW4QL,2023-06-19
B08R5XW4QL,2023-07-17
B08R5XW4QL,2023-08-14
B08R5XW4QL,2023-09-11
B08R5XW4QL,2023-10-09
B08R5XW4QL,2023-11-06
B08R5XW4QL,2023-12-04
B08R5XW4QL,2024-01-01
B08R5XW4QL,2024-01-29
B08R5YJT4V,2023-02-27
B08R5YJT4V,2023-03-27
B08R5YJT4V,2023-04-24
B08R5YJT4V,2023-05-22
B08R5YJT4V,2023-06-19
B08R5YJT4V,2023-07-17
B08R5YJT4V,2023-08-14
B08R5YJT4V,2023-09-11
B08R5YJT4V,2023-10-09
B08R5YJT4V,2023-11-06
B08R5YJT4V,2023-12-04
B08R5YJT4V,2024-01-01
B08R5YJT4V,2024-01-29
B08R61SDHY,2023-02-27
B08R61SDHY,2023-03-27
B08R61SDHY,2023-04-24
B08R61SDHY,2023-05-22
B08R61SDHY,2023-06-19
B08R61SDHY,2023-07-17
B08R61SDHY,2023-08-14
B08R61SDHY,2023-09-11
B08R61SDHY,2023-10-09
B08R61SDHY,2023-11-06
B08R61SDHY,2023-12-04
B08R61SDHY,2024-01-01
B08R61SDHY,2024-01-29
B08R75RSQ8,2023-02-27
B08R75RSQ8,2023-03-27
B08R75RSQ8,2023-04-24
B08R75RSQ8,2023-05-22
B08R75RSQ8,2023-06-19
B08R75RSQ8,2023-07-17
B08R75RSQ8,2023-08-14
B08R75RSQ8,2023-09-11
B08R75RSQ8,2023-10-09
B08R75RSQ8,2023-11-06
B08R75RSQ8,2023-12-04
B08R75RSQ8,2024-01-01
B08R75RSQ8,2024-01-29
B08R7L4YNM,2023-02-27
B08R7L4YNM,2023-03-27
B08R7L4YNM,2023-04-24
B08R7L4YNM,2023-05-22
B08R7L4YNM,2023-06-19
B08R7L4YNM,2023-07-17
B08R7L4YNM,2023-08-14
B08R7L4YNM,2023-09-11
B08R7L4YNM,2023-10-09
B08R7L4YNM,2023-11-06
B08R7L4YNM,2023-12-04
B08R7L4YNM,2024-01-01
B08R7L4YNM,2024-01-29
B08R83Z1NM,2023-02-27
B08R83Z1NM,2023-03-27
B08R83Z1NM,2023-04-24
B08R83Z1NM,2023-05-22
B08R83Z1NM,2023-06-19
B08R83Z1NM,2023-07-17
B08R83Z1NM,2023-08-14
B08R83Z1NM,2023-09-11
B08R83Z1NM,2023-10-09
B08R83Z1NM,2023-11-06
B08R83Z1NM,2023-12-04
B08R83Z1NM,2024-01-01
B08R83Z1NM,2024-01-29
B08RSF377C,2023-02-27
B08RSF377C,2023-03-27
B08RSF377C,2023-04-24
B08RSF377C,2023-05-22
B08RSF377C,2023-06-19
B08RSF377C,2023-07-17
B08RSF377C,2023-08-14
B08RSF377C,2023-09-11
B08RSF377C,2023-10-09
B08RSF377C,2023-11-06
B08RSF377C,2023-12-04
B08RSF377C,2024-01-01
B08RSF377C,2024-01-29
B08RSP7J3S,2023-02-27
B08RSP7J3S,2023-03-27
B08RSP7J3S,2023-04-24
B08RSP7J3S,2023-05-22
B08RSP7J3S,2023-06-19
B08RSP7J3S,2023-07-17
B08RSP7J3S,2023-08-14
B08RSP7J3S,2023-09-11
B08RSP7J3S,2023-10-09
B08RSP7J3S,2023-11-06
B08RSP7J3S,2023-12-04
B08RSP7J3S,2024-01-01
B08RSP7J3S,2024-01-29
B08S3FFDDR,2023-02-27
B08S3FFDDR,2023-03-27
B08S3FFDDR,2023-04-24
B08S3FFDDR,2023-05-22
B08S3FFDDR,2023-06-19
B08S3FFDDR,2023-07-17
B08S3FFDDR,2023-08-14
B08S3FFDDR,2023-09-11
B08S3FFDDR,2023-10-09
B08S3FFDDR,2023-11-06
B08S3FFDDR,2023-12-04
B08S3FFDDR,2024-01-01
B08S3FFDDR,2024-01-29
B08S3J5GYF,2023-02-27
B08S3J5GYF,2023-03-27
B08S3J5GYF,2023-04-24
B08S3J5GYF,2023-05-22
B08S3J5GYF,2023-06-19
B08S3J5GYF,2023-07-17
B08S3J5GYF,2023-08-14
B08S3J5GYF,2023-09-11
B08S3J5GYF,2023-10-09
B08S3J5GYF,2023-11-06
B08S3J5GYF,2023-12-04
B08S3J5GYF,2024-01-01
B08S3J5GYF,2024-01-29
B08S45SLSF,2023-02-27
B08S45SLSF,2023-03-27
B08S45SLSF,2023-04-24
B08S45SLSF,2023-05-22
B08S45SLSF,2023-06-19
B08S45SLSF,2023-07-17
B08S45SLSF,2023-08-14
B08S45SLSF,2023-09-11
B08S45SLSF,2023-10-09
B08S45SLSF,2023-11-06
B08S45SLSF,2023-12-04
B08S45SLSF,2024-01-01
B08S45SLSF,2024-01-29
B08S5Y43BT,2023-02-27
B08S5Y43BT,2023-03-27
B08S5Y43BT,2023-04-24
B08S5Y43BT,2023-05-22
B08S5Y43BT,2023-06-19
B08S5Y43BT,2023-07-17
B08S5Y43BT,2023-08-14
B08S5Y43BT,2023-09-11
B08S5Y43BT,2023-10-09
B08S5Y43BT,2023-11-06
B08S5Y43BT,2023-12-04
B08S5Y43BT,2024-01-01
B08S5Y43BT,2024-01-29
B08S6LGLK5,2023-02-27
B08S6LGLK5,2023-03-27
B08S6LGLK5,2023-04-24
B08S6LGLK5,2023-05-22
B08S6LGLK5,2023-06-19
B08S6LGLK5,2023-07-17
B08S6LGLK5,2023-08-14
B08S6LGLK5,2023-09-11
B08S6LGLK5,2023-10-09
B08S6LGLK5,2023-11-06
B08S6LGLK5,2023-12-04
B08S6LGLK5,2024-01-01
B08S6LGLK5,2024-01-29
B08S6XTPYP,2023-02-27
B08S6XTPYP,2023-03-27
B08S6XTPYP,2023-04-24
B08S6XTPYP,2023-05-22
B08S6XTPYP,2023-06-19
B08S6XTPYP,2023-07-17
B08S6XTPYP,2023-08-14
B08S6XTPYP,2023-09-11
B08S6XTPYP,2023-10-09
B08S6XTPYP,2023-11-06
B08S6XTPYP,2023-12-04
B08S6XTPYP,2024-01-01
B08S6XTPYP,2024-01-29
B08S72HJD6,2023-02-27
B08S72HJD6,2023-03-27
B08S72HJD6,2023-04-24
B08S72HJD6,2023-05-22
B08S72HJD6,2023-06-19
B08S72HJD6,2023-07-17
B08S72HJD6,2023-08-14
B08S72HJD6,2023-09-11
B08S72HJD6,2023-10-09
B08S72HJD6,2023-11-06
B08S72HJD6,2023-12-04
B08S72HJD6,2024-01-01
B08S72HJD6,2024-01-29
B08S799JRR,2023-02-27
B08S799JRR,2023-03-27
B08S799JRR,2023-04-24
B08S799JRR,2023-05-22
B08S799JRR,2023-06-19
B08S799JRR,2023-07-17
B08S799JRR,2023-08-14
B08S799JRR,2023-09-11
B08S799JRR,2023-10-09
B08S799JRR,2023-11-06
B08S799JRR,2023-12-04
B08S799JRR,2024-01-01
B08S799JRR,2024-01-29
B08S96YZYM,2023-02-27
B08S96YZYM,2023-03-27
B08S96YZYM,2023-04-24
B08S96YZYM,2023-05-22
B08S96YZYM,2023-06-19
B08S96YZYM,2023-07-17
B08S96YZYM,2023-08-14
B08S96YZYM,2023-09-11
B08S96YZYM,2023-10-09
B08S96YZYM,2023-11-06
B08S96YZYM,2023-12-04
B08S96YZYM,2024-01-01
B08S96YZYM,2024-01-29
B08SBQGJ89,2023-02-27
B08SBQGJ89,2023-03-27
B08SBQGJ89,2023-04-24
B08SBQGJ89,2023-05-22
B08SBQGJ89,2023-06-19
B08SBQGJ89,2023-07-17
B08SBQGJ89,2023-08-14
B08SBQGJ89,2023-09-11
B08SBQGJ89,2023-10-09
B08SBQGJ89,2023-11-06
B08SBQGJ89,2023-12-04
B08SBQGJ89,2024-01-01
B08SBQGJ89,2024-01-29
B08SBWWP7B,2023-02-27
B08SBWWP7B,2023-03-27
B08SBWWP7B,2023-04-24
B08SBWWP7B,2023-05-22
B08SBWWP7B,2023-06-19
B08SBWWP7B,2023-07-17
B08SBWWP7B,2023-08-14
B08SBWWP7B,2023-09-11
B08SBWWP7B,2023-10-09
B08SBWWP7B,2023-11-06
B08SBWWP7B,2023-12-04
B08SBWWP7B,2024-01-01
B08SBWWP7B,2024-01-29
B08SC9D1VZ,2023-02-27
B08SC9D1VZ,2023-03-27
B08SC9D1VZ,2023-04-24
B08SC9D1VZ,2023-05-22
B08SC9D1VZ,2023-06-19
B08SC9D1VZ,2023-07-17
B08SC9D1VZ,2023-08-14
B08SC9D1VZ,2023-09-11
B08SC9D1VZ,2023-10-09
B08SC9D1VZ,2023-11-06
B08SC9D1VZ,2023-12-04
B08SC9D1VZ,2024-01-01
B08SC9D1VZ,2024-01-29
B08SCCCZSN,2023-02-27
B08SCCCZSN,2023-03-27
B08SCCCZSN,2023-04-24
B08SCCCZSN,2023-05-22
B08SCCCZSN,2023-06-19
B08SCCCZSN,2023-07-17
B08SCCCZSN,2023-08-14
B08SCCCZSN,2023-09-11
B08SCCCZSN,2023-10-09
B08SCCCZSN,2023-11-06
B08SCCCZSN,2023-12-04
B08SCCCZSN,2024-01-01
B08SCCCZSN,2024-01-29
B08SGV2BHJ,2023-02-27
B08SGV2BHJ,2023-03-27
B08SGV2BHJ,2023-04-24
B08SGV2BHJ,2023-05-22
B08SGV2BHJ,2023-06-19
B08SGV2BHJ,2023-07-17
B08SGV2BHJ,2023-08-14
B08SGV2BHJ,2023-09-11
B08SGV2BHJ,2023-10-09
B08SGV2BHJ,2023-11-06
B08SGV2BHJ,2023-12-04
B08SGV2BHJ,2024-01-01
B08SGV2BHJ,2024-01-29
B08SHLG1NL,2023-02-27
B08SHLG1NL,2023-03-27
B08SHLG1NL,2023-04-24
B08SHLG1NL,2023-05-22
B08SHLG1NL,2023-06-19
B08SHLG1NL,2023-07-17
B08SHLG1NL,2023-08-14
B08SHLG1NL,2023-09-11
B08SHLG1NL,2023-10-09
B08SHLG1NL,2023-11-06
B08SHLG1NL,2023-12-04
B08SHLG1NL,2024-01-01
B08SHLG1NL,2024-01-29
B08SPSHY5Q,2023-02-27
B08SPSHY5Q,2023-03-27
B08SPSHY5Q,2023-04-24
B08SPSHY5Q,2023-05-22
B08SPSHY5Q,2023-06-19
B08SPSHY5Q,2023-07-17
B08SPSHY5Q,2023-08-14
B08SPSHY5Q,2023-09-11
B08SPSHY5Q,2023-10-09
B08SPSHY5Q,2023-11-06
B08SPSHY5Q,2023-12-04
B08SPSHY5Q,2024-01-01
B08SPSHY5Q,2024-01-29
B08SR72H4N,2023-02-27
B08SR72H4N,2023-03-27
B08SR72H4N,2023-04-24
B08SR72H4N,2023-05-22
B08SR72H4N,2023-06-19
B08SR72H4N,2023-07-17
B08SR72H4N,2023-08-14
B08SR72H4N,2023-09-11
B08SR72H4N,2023-10-09
B08SR72H4N,2023-11-06
B08SR72H4N,2023-12-04
B08SR72H4N,2024-01-01
B08SR72H4N,2024-01-29
B08SR8FBWQ,2023-02-27
B08SR8FBWQ,2023-03-27
B08SR8FBWQ,2023-04-24
B08SR8FBWQ,2023-05-22
B08SR8FBWQ,2023-06-19
B08SR8FBWQ,2023-07-17
B08SR8FBWQ,2023-08-14
B08SR8FBWQ,2023-09-11
B08SR8FBWQ,2023-10-09
B08SR8FBWQ,2023-11-06
B08SR8FBWQ,2023-12-04
B08SR8FBWQ,2024-01-01
B08SR8FBWQ,2024-01-29
B08SR8TQQ3,2023-02-27
B08SR8TQQ3,2023-03-27
B08SR8TQQ3,2023-04-24
B08SR8TQQ3,2023-05-22
B08SR8TQQ3,2023-06-19
B08SR8TQQ3,2023-07-17
B08SR8TQQ3,2023-08-14
B08SR8TQQ3,2023-09-11
B08SR8TQQ3,2023-10-09
B08SR8TQQ3,2023-11-06
B08SR8TQQ3,2023-12-04
B08SR8TQQ3,2024-01-01
B08SR8TQQ3,2024-01-29
B08SSS2Z99,2023-02-27
B08SSS2Z99,2023-03-27
B08SSS2Z99,2023-04-24
B08SSS2Z99,2023-05-22
B08SSS2Z99,2023-06-19
B08SSS2Z99,2023-07-17
B08SSS2Z99,2023-08-14
B08SSS2Z99,2023-09-11
B08SSS2Z99,2023-10-09
B08SSS2Z99,2023-11-06
B08SSS2Z99,2023-12-04
B08SSS2Z99,2024-01-01
B08SSS2Z99,2024-01-29
B08SSXB85R,2023-02-27
B08SSXB85R,2023-03-27
B08SSXB85R,2023-04-24
B08SSXB85R,2023-05-22
B08SSXB85R,2023-06-19
B08SSXB85R,2023-07-17
B08SSXB85R,2023-08-14
B08SSXB85R,2023-09-11
B08SSXB85R,2023-10-09
B08SSXB85R,2023-11-06
B08SSXB85R,2023-12-04
B08SSXB85R,2024-01-01
B08SSXB85R,2024-01-29
B08STDB5KY,2023-02-27
B08STDB5KY,2023-03-27
B08STDB5KY,2023-04-24
B08STDB5KY,2023-05-22
B08STDB5KY,2023-06-19
B08STDB5KY,2023-07-17
B08STDB5KY,2023-08-14
B08STDB5KY,2023-09-11
B08STDB5KY,2023-10-09
B08STDB5KY,2023-11-06
B08STDB5KY,2023-12-04
B08STDB5KY,2024-01-01
B08STDB5KY,2024-01-29
B08SV2F7VP,2023-02-27
B08SV2F7VP,2023-03-27
B08SV2F7VP,2023-04-24
B08SV2F7VP,2023-05-22
B08SV2F7VP,2023-06-19
B08SV2F7VP,2023-07-17
B08SV2F7VP,2023-08-14
B08SV2F7VP,2023-09-11
B08SV2F7VP,2023-10-09
B08SV2F7VP,2023-11-06
B08SV2F7VP,2023-12-04
B08SV2F7VP,2024-01-01
B08SV2F7VP,2024-01-29
B08T1HPM8X,2023-02-27
B08T1HPM8X,2023-03-27
B08T1HPM8X,2023-04-24
B08T1HPM8X,2023-05-22
B08T1HPM8X,2023-06-19
B08T1HPM8X,2023-07-17
B08T1HPM8X,2023-08-14
B08T1HPM8X,2023-09-11
B08T1HPM8X,2023-10-09
B08T1HPM8X,2023-11-06
B08T1HPM8X,2023-12-04
B08T1HPM8X,2024-01-01
B08T1HPM8X,2024-01-29
B08T1VJ2L5,2023-02-27
B08T1VJ2L5,2023-03-27
B08T1VJ2L5,2023-04-24
B08T1VJ2L5,2023-05-22
B08T1VJ2L5,2023-06-19
B08T1VJ2L5,2023-07-17
B08T1VJ2L5,2023-08-14
B08T1VJ2L5,2023-09-11
B08T1VJ2L5,2023-10-09
B08T1VJ2L5,2023-11-06
B08T1VJ2L5,2023-12-04
B08T1VJ2L5,2024-01-01
B08T1VJ2L5,2024-01-29
B08T216BG6,2023-02-27
B08T216BG6,2023-03-27
B08T216BG6,2023-04-24
B08T216BG6,2023-05-22
B08T216BG6,2023-06-19
B08T216BG6,2023-07-17
B08T216BG6,2023-08-14
B08T216BG6,2023-09-11
B08T216BG6,2023-10-09
B08T216BG6,2023-11-06
B08T216BG6,2023-12-04
B08T216BG6,2024-01-01
B08T216BG6,2024-01-29
B08T4HTY6L,2023-03-27
B08T4HTY6L,2023-04-24
B08T4HTY6L,2023-05-22
B08T4HTY6L,2023-06-19
B08T4HTY6L,2023-07-17
B08T4HTY6L,2023-08-14
B08T4HTY6L,2023-09-11
B08T4HTY6L,2023-10-09
B08T4HTY6L,2023-11-06
B08T4HTY6L,2023-12-04
B08T4HTY6L,2024-01-01
B08T4HTY6L,2024-01-29
B08T4SNSQG,2023-02-27
B08T4SNSQG,2023-03-27
B08T4SNSQG,2023-04-24
B08T4SNSQG,2023-05-22
B08T4SNSQG,2023-06-19
B08T4SNSQG,2023-07-17
B08T4SNSQG,2023-08-14
B08T4SNSQG,2023-09-11
B08T4SNSQG,2023-10-09
B08T4SNSQG,2023-11-06
B08T4SNSQG,2023-12-04
B08T4SNSQG,2024-01-01
B08T4SNSQG,2024-01-29
B08T4W5VYQ,2023-02-27
B08T4W5VYQ,2023-03-27
B08T4W5VYQ,2023-04-24
B08T4W5VYQ,2023-05-22
B08T4W5VYQ,2023-06-19
B08T4W5VYQ,2023-07-17
B08T4W5VYQ,2023-08-14
B08T4W5VYQ,2023-09-11
B08T4W5VYQ,2023-10-09
B08T4W5VYQ,2023-11-06
B08T4W5VYQ,2023-12-04
B08T4W5VYQ,2024-01-01
B08T4W5VYQ,2024-01-29
B08T5RWCD6,2023-02-27
B08T5RWCD6,2023-03-27
B08T5RWCD6,2023-04-24
B08T5RWCD6,2023-05-22
B08T5RWCD6,2023-06-19
B08T5RWCD6,2023-07-17
B08T5RWCD6,2023-08-14
B08T5RWCD6,2023-09-11
B08T5RWCD6,2023-10-09
B08T5RWCD6,2023-11-06
B08T5RWCD6,2023-12-04
B08T5RWCD6,2024-01-01
B08T5RWCD6,2024-01-29
B08T651QZG,2023-02-27
B08T651QZG,2023-03-27
B08T651QZG,2023-04-24
B08T651QZG,2023-05-22
B08T651QZG,2023-06-19
B08T651QZG,2023-07-17
B08T651QZG,2023-08-14
B08T651QZG,2023-09-11
B08T651QZG,2023-10-09
B08T651QZG,2023-11-06
B08T651QZG,2023-12-04
B08T651QZG,2024-01-01
B08T651QZG,2024-01-29
B08T65NJ7L,2023-02-27
B08T65NJ7L,2023-03-27
B08T65NJ7L,2023-04-24
B08T65NJ7L,2023-05-22
B08T65NJ7L,2023-06-19
B08T65NJ7L,2023-07-17
B08T65NJ7L,2023-08-14
B08T65NJ7L,2023-09-11
B08T65NJ7L,2023-10-09
B08T65NJ7L,2023-11-06
B08T65NJ7L,2023-12-04
B08T65NJ7L,2024-01-01
B08T65NJ7L,2024-01-29
B08T65TSKC,2023-02-27
B08T65TSKC,2023-03-27
B08T65TSKC,2023-04-24
B08T65TSKC,2023-05-22
B08T65TSKC,2023-06-19
B08T65TSKC,2023-07-17
B08T65TSKC,2023-08-14
B08T65TSKC,2023-09-11
B08T65TSKC,2023-10-09
B08T65TSKC,2023-11-06
B08T65TSKC,2023-12-04
B08T65TSKC,2024-01-01
B08T65TSKC,2024-01-29
B08T798L2C,2023-02-27
B08T798L2C,2023-03-27
B08T798L2C,2023-04-24
B08T798L2C,2023-05-22
B08T798L2C,2023-06-19
B08T798L2C,2023-07-17
B08T798L2C,2023-08-14
B08T798L2C,2023-09-11
B08T798L2C,2023-10-09
B08T798L2C,2023-11-06
B08T798L2C,2023-12-04
B08T798L2C,2024-01-01
B08T798L2C,2024-01-29
B08T8Z7QZ3,2023-02-27
B08T8Z7QZ3,2023-03-27
B08T8Z7QZ3,2023-04-24
B08T8Z7QZ3,2023-05-22
B08T8Z7QZ3,2023-06-19
B08T8Z7QZ3,2023-07-17
B08T8Z7QZ3,2023-08-14
B08T8Z7QZ3,2023-09-11
B08T8Z7QZ3,2023-10-09
B08T8Z7QZ3,2023-11-06
B08T8Z7QZ3,2023-12-04
B08T8Z7QZ3,2024-01-01
B08T8Z7QZ3,2024-01-29
B08TG86XVQ,2023-02-27
B08TG86XVQ,2023-03-27
B08TG86XVQ,2023-04-24
B08TG86XVQ,2023-05-22
B08TG86XVQ,2023-06-19
B08TG86XVQ,2023-07-17
B08TG86XVQ,2023-08-14
B08TG86XVQ,2023-09-11
B08TG86XVQ,2023-10-09
B08TG86XVQ,2023-11-06
B08TG86XVQ,2023-12-04
B08TG86XVQ,2024-01-01
B08TG86XVQ,2024-01-29
B08TKXRNGY,2023-02-27
B08TKXRNGY,2023-03-27
B08TKXRNGY,2023-04-24
B08TKXRNGY,2023-05-22
B08TKXRNGY,2023-06-19
B08TKXRNGY,2023-07-17
B08TKXRNGY,2023-08-14
B08TKXRNGY,2023-09-11
B08TKXRNGY,2023-10-09
B08TKXRNGY,2023-11-06
B08TKXRNGY,2023-12-04
B08TKXRNGY,2024-01-01
B08TKXRNGY,2024-01-29
B08TLPHXVM,2023-02-27
B08TLPHXVM,2023-03-27
B08TLPHXVM,2023-04-24
B08TLPHXVM,2023-05-22
B08TLPHXVM,2023-06-19
B08TLPHXVM,2023-07-17
B08TLPHXVM,2023-08-14
B08TLPHXVM,2023-09-11
B08TLPHXVM,2023-10-09
B08TLPHXVM,2023-11-06
B08TLPHXVM,2023-12-04
B08TLPHXVM,2024-01-01
B08TLPHXVM,2024-01-29
B08TMZV468,2023-02-27
B08TMZV468,2023-03-27
B08TMZV468,2023-04-24
B08TMZV468,2023-05-22
B08TMZV468,2023-06-19
B08TMZV468,2023-07-17
B08TMZV468,2023-08-14
B08TMZV468,2023-09-11
B08TMZV468,2023-10-09
B08TMZV468,2023-11-06
B08TMZV468,2023-12-04
B08TMZV468,2024-01-01
B08TMZV468,2024-01-29
B08TT7D3PY,2023-02-27
B08TT7D3PY,2023-03-27
B08TT7D3PY,2023-04-24
B08TT7D3PY,2023-05-22
B08TT7D3PY,2023-06-19
B08TT7D3PY,2023-07-17
B08TT7D3PY,2023-08-14
B08TT7D3PY,2023-09-11
B08TT7D3PY,2023-10-09
B08TT7D3PY,2023-11-06
B08TT7D3PY,2023-12-04
B08TT7D3PY,2024-01-01
B08TT7D3PY,2024-01-29
B08TT947L5,2023-02-27
B08TT947L5,2023-03-27
B08TT947L5,2023-04-24
B08TT947L5,2023-05-22
B08TT947L5,2023-06-19
B08TT947L5,2023-07-17
B08TT947L5,2023-08-14
B08TT947L5,2023-09-11
B08TT947L5,2023-10-09
B08TT947L5,2023-11-06
B08TT947L5,2023-12-04
B08TT947L5,2024-01-01
B08TT947L5,2024-01-29
B08TX7THL8,2023-02-27
B08TX7THL8,2023-03-27
B08TX7THL8,2023-04-24
B08TX7THL8,2023-05-22
B08TX7THL8,2023-06-19
B08TX7THL8,2023-07-17
B08TX7THL8,2023-08-14
B08TX7THL8,2023-09-11
B08TX7THL8,2023-10-09
B08TX7THL8,2023-11-06
B08TX7THL8,2023-12-04
B08TX7THL8,2024-01-01
B08TX7THL8,2024-01-29
B08V4Q6XL1,2023-02-27
B08V4Q6XL1,2023-03-27
B08V4Q6XL1,2023-04-24
B08V4Q6XL1,2023-05-22
B08V4Q6XL1,2023-06-19
B08V4Q6XL1,2023-07-17
B08V4Q6XL1,2023-08-14
B08V4Q6XL1,2023-09-11
B08V4Q6XL1,2023-10-09
B08V4Q6XL1,2023-11-06
B08V4Q6XL1,2023-12-04
B08V4Q6XL1,2024-01-01
B08V4Q6XL1,2024-01-29
B08V524Z4N,2023-04-24
B08V524Z4N,2023-05-22
B08V524Z4N,2023-06-19
B08V524Z4N,2023-07-17
B08V524Z4N,2023-08-14
B08V524Z4N,2023-09-11
B08V524Z4N,2023-10-09
B08V524Z4N,2023-11-06
B08V524Z4N,2023-12-04
B08V524Z4N,2024-01-01
B08V524Z4N,2024-01-29
B08V54C6PK,2023-02-27
B08V54C6PK,2023-03-27
B08V54C6PK,2023-04-24
B08V54C6PK,2023-05-22
B08V54C6PK,2023-06-19
B08V54C6PK,2023-07-17
B08V54C6PK,2023-08-14
B08V54C6PK,2023-09-11
B08V54C6PK,2023-10-09
B08V54C6PK,2023-11-06
B08V54C6PK,2023-12-04
B08V54C6PK,2024-01-01
B08V54C6PK,2024-01-29
B08V55J15L,2023-02-27
B08V55J15L,2023-03-27
B08V55J15L,2023-04-24
B08V55J15L,2023-05-22
B08V55J15L,2023-06-19
B08V55J15L,2023-07-17
B08V55J15L,2023-08-14
B08V55J15L,2023-09-11
B08V55J15L,2023-10-09
B08V55J15L,2023-11-06
B08V55J15L,2023-12-04
B08V55J15L,2024-01-01
B08V55J15L,2024-01-29
B08V56WPFC,2023-08-14
B08V56WPFC,2023-09-11
B08V56WPFC,2023-10-09
B08V56WPFC,2023-11-06
B08V56WPFC,2023-12-04
B08V56WPFC,2024-01-01
B08V56WPFC,2024-01-29
B08V579PXJ,2023-02-27
B08V579PXJ,2023-03-27
B08V579PXJ,2023-04-24
B08V579PXJ,2023-05-22
B08V579PXJ,2023-06-19
B08V579PXJ,2023-07-17
B08V579PXJ,2023-08-14
B08V579PXJ,2023-09-11
B08V579PXJ,2023-10-09
B08V579PXJ,2023-11-06
B08V579PXJ,2023-12-04
B08V579PXJ,2024-01-01
B08V579PXJ,2024-01-29
B08V5PC3JM,2023-02-27
B08V5PC3JM,2023-03-27
B08V5PC3JM,2023-04-24
B08V5PC3JM,2023-05-22
B08V5PC3JM,2023-06-19
B08V5PC3JM,2023-07-17
B08V5PC3JM,2023-08-14
B08V5PC3JM,2023-09-11
B08V5PC3JM,2023-10-09
B08V5PC3JM,2023-11-06
B08V5PC3JM,2023-12-04
B08V5PC3JM,2024-01-01
B08V5PC3JM,2024-01-29
B08V6QBNX7,2023-02-27
B08V6QBNX7,2023-03-27
B08V6QBNX7,2023-04-24
B08V6QBNX7,2023-05-22
B08V6QBNX7,2023-06-19
B08V6QBNX7,2023-07-17
B08V6QBNX7,2023-08-14
B08V6QBNX7,2023-09-11
B08V6QBNX7,2023-10-09
B08V6QBNX7,2023-11-06
B08V6QBNX7,2023-12-04
B08V6QBNX7,2024-01-01
B08V6QBNX7,2024-01-29
B08V75JKSG,2023-02-27
B08V75JKSG,2023-03-27
B08V75JKSG,2023-04-24
B08V75JKSG,2023-05-22
B08V75JKSG,2023-06-19
B08V75JKSG,2023-07-17
B08V75JKSG,2023-08-14
B08V75JKSG,2023-09-11
B08V75JKSG,2023-10-09
B08V75JKSG,2023-11-06
B08V75JKSG,2023-12-04
B08V75JKSG,2024-01-01
B08V75JKSG,2024-01-29
B08V79DWRK,2023-02-27
B08V79DWRK,2023-03-27
B08V79DWRK,2023-04-24
B08V79DWRK,2023-05-22
B08V79DWRK,2023-06-19
B08V79DWRK,2023-07-17
B08V79DWRK,2023-08-14
B08V79DWRK,2023-09-11
B08V79DWRK,2023-10-09
B08V79DWRK,2023-11-06
B08V79DWRK,2023-12-04
B08V79DWRK,2024-01-01
B08V79DWRK,2024-01-29
B08V7JKZBR,2023-02-27
B08V7JKZBR,2023-03-27
B08V7JKZBR,2023-04-24
B08V7JKZBR,2023-05-22
B08V7JKZBR,2023-06-19
B08V7JKZBR,2023-07-17
B08V7JKZBR,2023-08-14
B08V7JKZBR,2023-09-11
B08V7JKZBR,2023-10-09
B08V7JKZBR,2023-11-06
B08V7JKZBR,2023-12-04
B08V7JKZBR,2024-01-01
B08V7JKZBR,2024-01-29
B08V865DV3,2023-02-27
B08V865DV3,2023-03-27
B08V865DV3,2023-04-24
B08V865DV3,2023-05-22
B08V865DV3,2023-06-19
B08V865DV3,2023-07-17
B08V865DV3,2023-08-14
B08V865DV3,2023-09-11
B08V865DV3,2023-10-09
B08V865DV3,2023-11-06
B08V865DV3,2023-12-04
B08V865DV3,2024-01-01
B08V865DV3,2024-01-29
B08V8B5SRX,2023-02-27
B08V8B5SRX,2023-03-27
B08V8B5SRX,2023-04-24
B08V8B5SRX,2023-05-22
B08V8B5SRX,2023-06-19
B08V8B5SRX,2023-07-17
B08V8B5SRX,2023-08-14
B08V8B5SRX,2023-09-11
B08V8B5SRX,2023-10-09
B08V8B5SRX,2023-11-06
B08V8B5SRX,2023-12-04
B08V8B5SRX,2024-01-01
B08V8B5SRX,2024-01-29
B08V8G4311,2023-02-27
B08V8G4311,2023-03-27
B08V8G4311,2023-04-24
B08V8G4311,2023-05-22
B08V8G4311,2023-06-19
B08V8G4311,2023-07-17
B08V8G4311,2023-08-14
B08V8G4311,2023-09-11
B08V8G4311,2023-10-09
B08V8G4311,2023-11-06
B08V8G4311,2023-12-04
B08V8G4311,2024-01-01
B08V8G4311,2024-01-29
B08V8HNL7Z,2023-02-27
B08V8HNL7Z,2023-03-27
B08V8HNL7Z,2023-04-24
B08V8HNL7Z,2023-05-22
B08V8HNL7Z,2023-06-19
B08V8HNL7Z,2023-07-17
B08V8HNL7Z,2023-08-14
B08V8HNL7Z,2023-09-11
B08V8HNL7Z,2023-10-09
B08V8HNL7Z,2023-11-06
B08V8HNL7Z,2023-12-04
B08V8HNL7Z,2024-01-01
B08V8HNL7Z,2024-01-29
B08V8J8SLW,2023-02-27
B08V8J8SLW,2023-03-27
B08V8J8SLW,2023-04-24
B08V8J8SLW,2023-05-22
B08V8J8SLW,2023-06-19
B08V8J8SLW,2023-07-17
B08V8J8SLW,2023-08-14
B08V8J8SLW,2023-09-11
B08V8J8SLW,2023-10-09
B08V8J8SLW,2023-11-06
B08V8J8SLW,2023-12-04
B08V8J8SLW,2024-01-01
B08V8J8SLW,2024-01-29
B08V956NZY,2023-02-27
B08V956NZY,2023-03-27
B08V956NZY,2023-04-24
B08V956NZY,2023-05-22
B08V956NZY,2023-06-19
B08V956NZY,2023-07-17
B08V956NZY,2023-08-14
B08V956NZY,2023-09-11
B08V956NZY,2023-10-09
B08V956NZY,2023-11-06
B08V956NZY,2023-12-04
B08V956NZY,2024-01-01
B08V956NZY,2024-01-29
B08VD5K5GZ,2023-02-27
B08VD5K5GZ,2023-03-27
B08VD5K5GZ,2023-04-24
B08VD5K5GZ,2023-05-22
B08VD5K5GZ,2023-06-19
B08VD5K5GZ,2023-07-17
B08VD5K5GZ,2023-08-14
B08VD5K5GZ,2023-09-11
B08VD5K5GZ,2023-10-09
B08VD5K5GZ,2023-11-06
B08VD5K5GZ,2023-12-04
B08VD5K5GZ,2024-01-01
B08VD5K5GZ,2024-01-29
B08VGM3G7K,2023-02-27
B08VGM3G7K,2023-03-27
B08VGM3G7K,2023-04-24
B08VGM3G7K,2023-05-22
B08VGM3G7K,2023-06-19
B08VGM3G7K,2023-07-17
B08VGM3G7K,2023-08-14
B08VGM3G7K,2023-09-11
B08VGM3G7K,2023-10-09
B08VGM3G7K,2023-11-06
B08VGM3G7K,2023-12-04
B08VGM3G7K,2024-01-01
B08VGM3G7K,2024-01-29
B08VJL1M64,2023-02-27
B08VJL1M64,2023-03-27
B08VJL1M64,2023-04-24
B08VJL1M64,2023-05-22
B08VJL1M64,2023-06-19
B08VJL1M64,2023-07-17
B08VJL1M64,2023-08-14
B08VJL1M64,2023-09-11
B08VJL1M64,2023-10-09
B08VJL1M64,2023-11-06
B08VJL1M64,2023-12-04
B08VJL1M64,2024-01-01
B08VJL1M64,2024-01-29
B08VN56N6T,2023-02-27
B08VN56N6T,2023-03-27
B08VN56N6T,2023-04-24
B08VN56N6T,2023-05-22
B08VN56N6T,2023-06-19
B08VN56N6T,2023-07-17
B08VN56N6T,2023-08-14
B08VN56N6T,2023-09-11
B08VN56N6T,2023-10-09
B08VN56N6T,2023-11-06
B08VN56N6T,2023-12-04
B08VN56N6T,2024-01-01
B08VN56N6T,2024-01-29
B08VNNPRML,2023-02-27
B08VNNPRML,2023-03-27
B08VNNPRML,2023-04-24
B08VNNPRML,2023-05-22
B08VNNPRML,2023-06-19
B08VNNPRML,2023-07-17
B08VNNPRML,2023-08-14
B08VNNPRML,2023-09-11
B08VNNPRML,2023-10-09
B08VNNPRML,2023-11-06
B08VNNPRML,2023-12-04
B08VNNPRML,2024-01-01
B08VNNPRML,2024-01-29
B08VP25BYD,2023-02-27
B08VP25BYD,2023-03-27
B08VP25BYD,2023-04-24
B08VP25BYD,2023-05-22
B08VP25BYD,2023-06-19
B08VP25BYD,2023-07-17
B08VP25BYD,2023-08-14
B08VP25BYD,2023-09-11
B08VP25BYD,2023-10-09
B08VP25BYD,2023-11-06
B08VP25BYD,2023-12-04
B08VP25BYD,2024-01-01
B08VP25BYD,2024-01-29
B08VR9RD55,2023-02-27
B08VR9RD55,2023-03-27
B08VR9RD55,2023-04-24
B08VR9RD55,2023-05-22
B08VR9RD55,2023-06-19
B08VR9RD55,2023-07-17
B08VR9RD55,2023-08-14
B08VR9RD55,2023-09-11
B08VR9RD55,2023-10-09
B08VR9RD55,2023-11-06
B08VR9RD55,2023-12-04
B08VR9RD55,2024-01-01
B08VR9RD55,2024-01-29
B08VRCQHHB,2023-02-27
B08VRCQHHB,2023-03-27
B08VRCQHHB,2023-04-24
B08VRCQHHB,2023-05-22
B08VRCQHHB,2023-06-19
B08VRCQHHB,2023-07-17
B08VRCQHHB,2023-08-14
B08VRCQHHB,2023-09-11
B08VRCQHHB,2023-10-09
B08VRCQHHB,2023-11-06
B08VRCQHHB,2023-12-04
B08VRCQHHB,2024-01-01
B08VRCQHHB,2024-01-29
B08VRGWDKC,2023-02-27
B08VRGWDKC,2023-03-27
B08VRGWDKC,2023-04-24
B08VRGWDKC,2023-05-22
B08VRGWDKC,2023-06-19
B08VRGWDKC,2023-07-17
B08VRGWDKC,2023-08-14
B08VRGWDKC,2023-09-11
B08VRGWDKC,2023-10-09
B08VRGWDKC,2023-11-06
B08VRGWDKC,2023-12-04
B08VRGWDKC,2024-01-01
B08VRGWDKC,2024-01-29
B08VRLPQPQ,2023-02-27
B08VRLPQPQ,2023-03-27
B08VRLPQPQ,2023-04-24
B08VRLPQPQ,2023-05-22
B08VRLPQPQ,2023-06-19
B08VRLPQPQ,2023-07-17
B08VRLPQPQ,2023-08-14
B08VRLPQPQ,2023-09-11
B08VRLPQPQ,2023-10-09
B08VRLPQPQ,2023-11-06
B08VRLPQPQ,2023-12-04
B08VRLPQPQ,2024-01-01
B08VRLPQPQ,2024-01-29
B08VRMSNV5,2023-02-27
B08VRMSNV5,2023-03-27
B08VRMSNV5,2023-04-24
B08VRMSNV5,2023-05-22
B08VRMSNV5,2023-06-19
B08VRMSNV5,2023-07-17
B08VRMSNV5,2023-08-14
B08VRMSNV5,2023-09-11
B08VRMSNV5,2023-10-09
B08VRMSNV5,2023-11-06
B08VRMSNV5,2023-12-04
B08VRMSNV5,2024-01-01
B08VRMSNV5,2024-01-29
B08VRQ2HW1,2023-02-27
B08VRQ2HW1,2023-03-27
B08VRQ2HW1,2023-04-24
B08VRQ2HW1,2023-05-22
B08VRQ2HW1,2023-06-19
B08VRQ2HW1,2023-07-17
B08VRQ2HW1,2023-08-14
B08VRQ2HW1,2023-09-11
B08VRQ2HW1,2023-10-09
B08VRQ2HW1,2023-11-06
B08VRQ2HW1,2023-12-04
B08VRQ2HW1,2024-01-01
B08VRQ2HW1,2024-01-29
B08VRRW2RZ,2023-02-27
B08VRRW2RZ,2023-03-27
B08VRRW2RZ,2023-04-24
B08VRRW2RZ,2023-05-22
B08VRRW2RZ,2023-06-19
B08VRRW2RZ,2023-07-17
B08VRRW2RZ,2023-08-14
B08VRRW2RZ,2023-09-11
B08VRRW2RZ,2023-10-09
B08VRRW2RZ,2023-11-06
B08VRRW2RZ,2023-12-04
B08VRRW2RZ,2024-01-01
B08VRRW2RZ,2024-01-29
B08VRVZ8LS,2023-02-27
B08VRVZ8LS,2023-03-27
B08VRVZ8LS,2023-04-24
B08VRVZ8LS,2023-05-22
B08VRVZ8LS,2023-06-19
B08VRVZ8LS,2023-07-17
B08VRVZ8LS,2023-08-14
B08VRVZ8LS,2023-09-11
B08VRVZ8LS,2023-10-09
B08VRVZ8LS,2023-11-06
B08VRVZ8LS,2023-12-04
B08VRVZ8LS,2024-01-01
B08VRVZ8LS,2024-01-29
B08VS2C24S,2023-02-27
B08VS2C24S,2023-03-27
B08VS2C24S,2023-04-24
B08VS2C24S,2023-05-22
B08VS2C24S,2023-06-19
B08VS2C24S,2023-07-17
B08VS2C24S,2023-08-14
B08VS2C24S,2023-09-11
B08VS2C24S,2023-10-09
B08VS2C24S,2023-11-06
B08VS2C24S,2023-12-04
B08VS2C24S,2024-01-01
B08VS2C24S,2024-01-29
B08VS2LX23,2023-02-27
B08VS2LX23,2023-03-27
B08VS2LX23,2023-04-24
B08VS2LX23,2023-05-22
B08VS2LX23,2023-06-19
B08VS2LX23,2023-07-17
B08VS2LX23,2023-08-14
B08VS2LX23,2023-09-11
B08VS2LX23,2023-10-09
B08VS2LX23,2023-11-06
B08VS2LX23,2023-12-04
B08VS2LX23,2024-01-01
B08VS2LX23,2024-01-29
B08VS2P4MN,2023-02-27
B08VS2P4MN,2023-03-27
B08VS2P4MN,2023-04-24
B08VS2P4MN,2023-05-22
B08VS2P4MN,2023-06-19
B08VS2P4MN,2023-07-17
B08VS2P4MN,2023-08-14
B08VS2P4MN,2023-09-11
B08VS2P4MN,2023-10-09
B08VS2P4MN,2023-11-06
B08VS2P4MN,2023-12-04
B08VS2P4MN,2024-01-01
B08VS2P4MN,2024-01-29
B08VS37VD6,2023-02-27
B08VS37VD6,2023-03-27
B08VS37VD6,2023-04-24
B08VS37VD6,2023-05-22
B08VS37VD6,2023-06-19
B08VS37VD6,2023-07-17
B08VS37VD6,2023-08-14
B08VS37VD6,2023-09-11
B08VS37VD6,2023-10-09
B08VS37VD6,2023-11-06
B08VS37VD6,2023-12-04
B08VS37VD6,2024-01-01
B08VS37VD6,2024-01-29
B08VS3GJSN,2023-02-27
B08VS3GJSN,2023-03-27
B08VS3GJSN,2023-04-24
B08VS3GJSN,2023-05-22
B08VS3GJSN,2023-06-19
B08VS3GJSN,2023-07-17
B08VS3GJSN,2023-08-14
B08VS3GJSN,2023-09-11
B08VS3GJSN,2023-10-09
B08VS3GJSN,2023-11-06
B08VS3GJSN,2023-12-04
B08VS3GJSN,2024-01-01
B08VS3GJSN,2024-01-29
B08VSBYQ3K,2023-02-27
B08VSBYQ3K,2023-03-27
B08VSBYQ3K,2023-04-24
B08VSBYQ3K,2023-05-22
B08VSBYQ3K,2023-06-19
B08VSBYQ3K,2023-07-17
B08VSBYQ3K,2023-08-14
B08VSBYQ3K,2023-09-11
B08VSBYQ3K,2023-10-09
B08VSBYQ3K,2023-11-06
B08VSBYQ3K,2023-12-04
B08VSBYQ3K,2024-01-01
B08VSBYQ3K,2024-01-29
B08VSGW571,2023-02-27
B08VSGW571,2023-03-27
B08VSGW571,2023-04-24
B08VSGW571,2023-05-22
B08VSGW571,2023-06-19
B08VSGW571,2023-07-17
B08VSGW571,2023-08-14
B08VSGW571,2023-09-11
B08VSGW571,2023-10-09
B08VSGW571,2023-11-06
B08VSGW571,2023-12-04
B08VSGW571,2024-01-01
B08VSGW571,2024-01-29
B08VSJK22G,2023-02-27
B08VSJK22G,2023-03-27
B08VSJK22G,2023-04-24
B08VSJK22G,2023-05-22
B08VSJK22G,2023-06-19
B08VSJK22G,2023-07-17
B08VSJK22G,2023-08-14
B08VSJK22G,2023-09-11
B08VSJK22G,2023-10-09
B08VSJK22G,2023-11-06
B08VSJK22G,2023-12-04
B08VSJK22G,2024-01-01
B08VSJK22G,2024-01-29
B08VSJWZHW,2023-02-27
B08VSJWZHW,2023-03-27
B08VSJWZHW,2023-04-24
B08VSJWZHW,2023-05-22
B08VSJWZHW,2023-06-19
B08VSJWZHW,2023-07-17
B08VSJWZHW,2023-08-14
B08VSJWZHW,2023-09-11
B08VSJWZHW,2023-10-09
B08VSJWZHW,2023-11-06
B08VSJWZHW,2023-12-04
B08VSJWZHW,2024-01-01
B08VSJWZHW,2024-01-29
B08VWSCHPK,2023-02-27
B08VWSCHPK,2023-03-27
B08VWSCHPK,2023-04-24
B08VWSCHPK,2023-05-22
B08VWSCHPK,2023-06-19
B08VWSCHPK,2023-07-17
B08VWSCHPK,2023-08-14
B08VWSCHPK,2023-09-11
B08VWSCHPK,2023-10-09
B08VWSCHPK,2023-11-06
B08VWSCHPK,2023-12-04
B08VWSCHPK,2024-01-01
B08VWSCHPK,2024-01-29
B08VZW1TKG,2023-02-27
B08VZW1TKG,2023-03-27
B08VZW1TKG,2023-04-24
B08VZW1TKG,2023-05-22
B08VZW1TKG,2023-06-19
B08VZW1TKG,2023-07-17
B08VZW1TKG,2023-08-14
B08VZW1TKG,2023-09-11
B08VZW1TKG,2023-10-09
B08VZW1TKG,2023-11-06
B08VZW1TKG,2023-12-04
B08VZW1TKG,2024-01-01
B08VZW1TKG,2024-01-29
B08W1VPDG4,2023-02-27
B08W1VPDG4,2023-03-27
B08W1VPDG4,2023-04-24
B08W1VPDG4,2023-05-22
B08W1VPDG4,2023-06-19
B08W1VPDG4,2023-07-17
B08W1VPDG4,2023-08-14
B08W1VPDG4,2023-09-11
B08W1VPDG4,2023-10-09
B08W1VPDG4,2023-11-06
B08W1VPDG4,2023-12-04
B08W1VPDG4,2024-01-01
B08W1VPDG4,2024-01-29
B08W5FMCWB,2023-02-27
B08W5FMCWB,2023-03-27
B08W5FMCWB,2023-04-24
B08W5FMCWB,2023-05-22
B08W5FMCWB,2023-06-19
B08W5FMCWB,2023-07-17
B08W5FMCWB,2023-08-14
B08W5FMCWB,2023-09-11
B08W5FMCWB,2023-10-09
B08W5FMCWB,2023-11-06
B08W5FMCWB,2023-12-04
B08W5FMCWB,2024-01-01
B08W5FMCWB,2024-01-29
B08W5FYYK8,2023-02-27
B08W5FYYK8,2023-03-27
B08W5FYYK8,2023-04-24
B08W5FYYK8,2023-05-22
B08W5FYYK8,2023-06-19
B08W5FYYK8,2023-07-17
B08W5FYYK8,2023-08-14
B08W5FYYK8,2023-09-11
B08W5FYYK8,2023-10-09
B08W5FYYK8,2023-11-06
B08W5FYYK8,2023-12-04
B08W5FYYK8,2024-01-01
B08W5FYYK8,2024-01-29
B08W8DG8KR,2023-02-27
B08W8DG8KR,2023-03-27
B08W8DG8KR,2023-04-24
B08W8DG8KR,2023-05-22
B08W8DG8KR,2023-06-19
B08W8DG8KR,2023-07-17
B08W8DG8KR,2023-08-14
B08W8DG8KR,2023-09-11
B08W8DG8KR,2023-10-09
B08W8DG8KR,2023-11-06
B08W8DG8KR,2023-12-04
B08W8DG8KR,2024-01-01
B08W8DG8KR,2024-01-29
B08WJS489N,2023-02-27
B08WJS489N,2023-03-27
B08WJS489N,2023-04-24
B08WJS489N,2023-05-22
B08WJS489N,2023-06-19
B08WJS489N,2023-07-17
B08WJS489N,2023-08-14
B08WJS489N,2023-09-11
B08WJS489N,2023-10-09
B08WJS489N,2023-11-06
B08WJS489N,2023-12-04
B08WJS489N,2024-01-01
B08WJS489N,2024-01-29
B08WPT1LCF,2023-02-27
B08WPT1LCF,2023-03-27
B08WPT1LCF,2023-04-24
B08WPT1LCF,2023-05-22
B08WPT1LCF,2023-06-19
B08WPT1LCF,2023-07-17
B08WPT1LCF,2023-08-14
B08WPT1LCF,2023-09-11
B08WPT1LCF,2023-10-09
B08WPT1LCF,2023-11-06
B08WPT1LCF,2023-12-04
B08WPT1LCF,2024-01-01
B08WPT1LCF,2024-01-29
B08WX4WYS1,2023-02-27
B08WX4WYS1,2023-03-27
B08WX4WYS1,2023-04-24
B08WX4WYS1,2023-05-22
B08WX4WYS1,2023-06-19
B08WX4WYS1,2023-07-17
B08WX4WYS1,2023-08-14
B08WX4WYS1,2023-09-11
B08WX4WYS1,2023-10-09
B08WX4WYS1,2023-11-06
B08WX4WYS1,2023-12-04
B08WX4WYS1,2024-01-01
B08WX4WYS1,2024-01-29
B08WXCHXZ7,2023-02-27
B08WXCHXZ7,2023-03-27
B08WXCHXZ7,2023-04-24
B08WXCHXZ7,2023-05-22
B08WXCHXZ7,2023-06-19
B08WXCHXZ7,2023-07-17
B08WXCHXZ7,2023-08-14
B08WXCHXZ7,2023-09-11
B08WXCHXZ7,2023-10-09
B08WXCHXZ7,2023-11-06
B08WXCHXZ7,2023-12-04
B08WXCHXZ7,2024-01-01
B08WXCHXZ7,2024-01-29
B08WZ45BDB,2023-02-27
B08WZ45BDB,2023-03-27
B08WZ45BDB,2023-04-24
B08WZ45BDB,2023-05-22
B08WZ45BDB,2023-06-19
B08WZ45BDB,2023-07-17
B08WZ45BDB,2023-08-14
B08WZ45BDB,2023-09-11
B08WZ45BDB,2023-10-09
B08WZ45BDB,2023-11-06
B08WZ45BDB,2023-12-04
B08WZ45BDB,2024-01-01
B08WZ45BDB,2024-01-29
B08X12WZZQ,2023-02-27
B08X12WZZQ,2023-03-27
B08X12WZZQ,2023-04-24
B08X12WZZQ,2023-05-22
B08X12WZZQ,2023-06-19
B08X12WZZQ,2023-07-17
B08X12WZZQ,2023-08-14
B08X12WZZQ,2023-09-11
B08X12WZZQ,2023-10-09
B08X12WZZQ,2023-11-06
B08X12WZZQ,2023-12-04
B08X12WZZQ,2024-01-01
B08X12WZZQ,2024-01-29
B08X45DJ15,2023-02-27
B08X45DJ15,2023-03-27
B08X45DJ15,2023-04-24
B08X45DJ15,2023-05-22
B08X45DJ15,2023-06-19
B08X45DJ15,2023-07-17
B08X45DJ15,2023-08-14
B08X45DJ15,2023-09-11
B08X45DJ15,2023-10-09
B08X45DJ15,2023-11-06
B08X45DJ15,2023-12-04
B08X45DJ15,2024-01-01
B08X45DJ15,2024-01-29
B08X6DJ5TD,2023-02-27
B08X6DJ5TD,2023-03-27
B08X6DJ5TD,2023-04-24
B08X6DJ5TD,2023-05-22
B08X6DJ5TD,2023-06-19
B08X6DJ5TD,2023-07-17
B08X6DJ5TD,2023-08-14
B08X6DJ5TD,2023-09-11
B08X6DJ5TD,2023-10-09
B08X6DJ5TD,2023-11-06
B08X6DJ5TD,2023-12-04
B08X6DJ5TD,2024-01-01
B08X6DJ5TD,2024-01-29
B08X9H1Y95,2023-02-27
B08X9H1Y95,2023-03-27
B08X9H1Y95,2023-04-24
B08X9H1Y95,2023-05-22
B08X9H1Y95,2023-06-19
B08X9H1Y95,2023-07-17
B08X9H1Y95,2023-08-14
B08X9H1Y95,2023-09-11
B08X9H1Y95,2023-10-09
B08X9H1Y95,2023-11-06
B08X9H1Y95,2023-12-04
B08X9H1Y95,2024-01-01
B08X9H1Y95,2024-01-29
B08X9YP5RR,2023-02-27
B08X9YP5RR,2023-03-27
B08X9YP5RR,2023-04-24
B08X9YP5RR,2023-05-22
B08X9YP5RR,2023-06-19
B08X9YP5RR,2023-07-17
B08X9YP5RR,2023-08-14
B08X9YP5RR,2023-09-11
B08X9YP5RR,2023-10-09
B08X9YP5RR,2023-11-06
B08X9YP5RR,2023-12-04
B08X9YP5RR,2024-01-01
B08X9YP5RR,2024-01-29
B08XB6YZLY,2023-02-27
B08XB6YZLY,2023-03-27
B08XB6YZLY,2023-04-24
B08XB6YZLY,2023-05-22
B08XB6YZLY,2023-06-19
B08XB6YZLY,2023-07-17
B08XB6YZLY,2023-08-14
B08XB6YZLY,2023-09-11
B08XB6YZLY,2023-10-09
B08XB6YZLY,2023-11-06
B08XB6YZLY,2023-12-04
B08XB6YZLY,2024-01-01
B08XB6YZLY,2024-01-29
B08XB751C4,2023-05-22
B08XB751C4,2023-06-19
B08XB751C4,2023-07-17
B08XB751C4,2023-08-14
B08XB751C4,2023-09-11
B08XB751C4,2023-10-09
B08XB751C4,2023-11-06
B08XB751C4,2023-12-04
B08XB751C4,2024-01-01
B08XB751C4,2024-01-29
B08XB8RZR1,2023-02-27
B08XB8RZR1,2023-03-27
B08XB8RZR1,2023-04-24
B08XB8RZR1,2023-05-22
B08XB8RZR1,2023-06-19
B08XB8RZR1,2023-07-17
B08XB8RZR1,2023-08-14
B08XB8RZR1,2023-09-11
B08XB8RZR1,2023-10-09
B08XB8RZR1,2023-11-06
B08XB8RZR1,2023-12-04
B08XB8RZR1,2024-01-01
B08XB8RZR1,2024-01-29
B08XBD33L6,2023-02-27
B08XBD33L6,2023-03-27
B08XBD33L6,2023-04-24
B08XBD33L6,2023-05-22
B08XBD33L6,2023-06-19
B08XBD33L6,2023-07-17
B08XBD33L6,2023-08-14
B08XBD33L6,2023-09-11
B08XBD33L6,2023-10-09
B08XBD33L6,2023-11-06
B08XBD33L6,2023-12-04
B08XBD33L6,2024-01-01
B08XBD33L6,2024-01-29
B08XC44CGR,2023-02-27
B08XC44CGR,2023-03-27
B08XC44CGR,2023-04-24
B08XC44CGR,2023-05-22
B08XC44CGR,2023-06-19
B08XC44CGR,2023-07-17
B08XC44CGR,2023-08-14
B08XC44CGR,2023-09-11
B08XC44CGR,2023-10-09
B08XC44CGR,2023-11-06
B08XC44CGR,2023-12-04
B08XC44CGR,2024-01-01
B08XC44CGR,2024-01-29
B08XPBNP1D,2023-02-27
B08XPBNP1D,2023-03-27
B08XPBNP1D,2023-04-24
B08XPBNP1D,2023-05-22
B08XPBNP1D,2023-06-19
B08XPBNP1D,2023-07-17
B08XPBNP1D,2023-08-14
B08XPBNP1D,2023-09-11
B08XPBNP1D,2023-10-09
B08XPBNP1D,2023-11-06
B08XPBNP1D,2023-12-04
B08XPBNP1D,2024-01-01
B08XPBNP1D,2024-01-29
B08XPYFV2M,2023-02-27
B08XPYFV2M,2023-03-27
B08XPYFV2M,2023-04-24
B08XPYFV2M,2023-05-22
B08XPYFV2M,2023-06-19
B08XPYFV2M,2023-07-17
B08XPYFV2M,2023-08-14
B08XPYFV2M,2023-09-11
B08XPYFV2M,2023-10-09
B08XPYFV2M,2023-11-06
B08XPYFV2M,2023-12-04
B08XPYFV2M,2024-01-01
B08XPYFV2M,2024-01-29
B08XTRWVG6,2023-02-27
B08XTRWVG6,2023-03-27
B08XTRWVG6,2023-04-24
B08XTRWVG6,2023-05-22
B08XTRWVG6,2023-06-19
B08XTRWVG6,2023-07-17
B08XTRWVG6,2023-08-14
B08XTRWVG6,2023-09-11
B08XTRWVG6,2023-10-09
B08XTRWVG6,2023-11-06
B08XTRWVG6,2023-12-04
B08XTRWVG6,2024-01-01
B08XTRWVG6,2024-01-29
B08XW2TG9G,2023-02-27
B08XW2TG9G,2023-03-27
B08XW2TG9G,2023-04-24
B08XW2TG9G,2023-05-22
B08XW2TG9G,2023-06-19
B08XW2TG9G,2023-07-17
B08XW2TG9G,2023-08-14
B08XW2TG9G,2023-09-11
B08XW2TG9G,2023-10-09
B08XW2TG9G,2023-11-06
B08XW2TG9G,2023-12-04
B08XW2TG9G,2024-01-01
B08XW2TG9G,2024-01-29
B08XYF6L75,2023-02-27
B08XYF6L75,2023-03-27
B08XYF6L75,2023-04-24
B08XYF6L75,2023-05-22
B08XYF6L75,2023-06-19
B08XYF6L75,2023-07-17
B08XYF6L75,2023-08-14
B08XYF6L75,2023-09-11
B08XYF6L75,2023-10-09
B08XYF6L75,2023-11-06
B08XYF6L75,2023-12-04
B08XYF6L75,2024-01-01
B08XYF6L75,2024-01-29
B08XZJ22D2,2023-02-27
B08XZJ22D2,2023-03-27
B08XZJ22D2,2023-04-24
B08XZJ22D2,2023-05-22
B08XZJ22D2,2023-06-19
B08XZJ22D2,2023-07-17
B08XZJ22D2,2023-08-14
B08XZJ22D2,2023-09-11
B08XZJ22D2,2023-10-09
B08XZJ22D2,2023-11-06
B08XZJ22D2,2023-12-04
B08XZJ22D2,2024-01-01
B08XZJ22D2,2024-01-29
B08Y1H8RC9,2023-02-27
B08Y1H8RC9,2023-03-27
B08Y1H8RC9,2023-04-24
B08Y1H8RC9,2023-05-22
B08Y1H8RC9,2023-06-19
B08Y1H8RC9,2023-07-17
B08Y1H8RC9,2023-08-14
B08Y1H8RC9,2023-09-11
B08Y1H8RC9,2023-10-09
B08Y1H8RC9,2023-11-06
B08Y1H8RC9,2023-12-04
B08Y1H8RC9,2024-01-01
B08Y1H8RC9,2024-01-29
B08Y6VMPKF,2023-02-27
B08Y6VMPKF,2023-03-27
B08Y6VMPKF,2023-04-24
B08Y6VMPKF,2023-05-22
B08Y6VMPKF,2023-06-19
B08Y6VMPKF,2023-07-17
B08Y6VMPKF,2023-08-14
B08Y6VMPKF,2023-09-11
B08Y6VMPKF,2023-10-09
B08Y6VMPKF,2023-11-06
B08Y6VMPKF,2023-12-04
B08Y6VMPKF,2024-01-01
B08Y6VMPKF,2024-01-29
B08Y6VNP65,2023-02-27
B08Y6VNP65,2023-03-27
B08Y6VNP65,2023-04-24
B08Y6VNP65,2023-05-22
B08Y6VNP65,2023-06-19
B08Y6VNP65,2023-07-17
B08Y6VNP65,2023-08-14
B08Y6VNP65,2023-09-11
B08Y6VNP65,2023-10-09
B08Y6VNP65,2023-11-06
B08Y6VNP65,2023-12-04
B08Y6VNP65,2024-01-01
B08Y6VNP65,2024-01-29
B08Y6Y33Y7,2023-02-27
B08Y6Y33Y7,2023-03-27
B08Y6Y33Y7,2023-04-24
B08Y6Y33Y7,2023-05-22
B08Y6Y33Y7,2023-06-19
B08Y6Y33Y7,2023-07-17
B08Y6Y33Y7,2023-08-14
B08Y6Y33Y7,2023-09-11
B08Y6Y33Y7,2023-10-09
B08Y6Y33Y7,2023-11-06
B08Y6Y33Y7,2023-12-04
B08Y6Y33Y7,2024-01-01
B08Y6Y33Y7,2024-01-29
B08YDV6XLB,2023-02-27
B08YDV6XLB,2023-03-27
B08YDV6XLB,2023-04-24
B08YDV6XLB,2023-05-22
B08YDV6XLB,2023-06-19
B08YDV6XLB,2023-07-17
B08YDV6XLB,2023-08-14
B08YDV6XLB,2023-09-11
B08YDV6XLB,2023-10-09
B08YDV6XLB,2023-11-06
B08YDV6XLB,2023-12-04
B08YDV6XLB,2024-01-01
B08YDV6XLB,2024-01-29
B08YJMHJ24,2023-02-27
B08YJMHJ24,2023-03-27
B08YJMHJ24,2023-04-24
B08YJMHJ24,2023-05-22
B08YJMHJ24,2023-06-19
B08YJMHJ24,2023-07-17
B08YJMHJ24,2023-08-14
B08YJMHJ24,2023-09-11
B08YJMHJ24,2023-10-09
B08YJMHJ24,2023-11-06
B08YJMHJ24,2023-12-04
B08YJMHJ24,2024-01-01
B08YJMHJ24,2024-01-29
B08YNM39DC,2023-02-27
B08YNM39DC,2023-03-27
B08YNM39DC,2023-04-24
B08YNM39DC,2023-05-22
B08YNM39DC,2023-06-19
B08YNM39DC,2023-07-17
B08YNM39DC,2023-08-14
B08YNM39DC,2023-09-11
B08YNM39DC,2023-10-09
B08YNM39DC,2023-11-06
B08YNM39DC,2023-12-04
B08YNM39DC,2024-01-01
B08YNM39DC,2024-01-29
B08YRY9KVT,2023-02-27
B08YRY9KVT,2023-03-27
B08YRY9KVT,2023-04-24
B08YRY9KVT,2023-05-22
B08YRY9KVT,2023-06-19
B08YRY9KVT,2023-07-17
B08YRY9KVT,2023-08-14
B08YRY9KVT,2023-09-11
B08YRY9KVT,2023-10-09
B08YRY9KVT,2023-11-06
B08YRY9KVT,2023-12-04
B08YRY9KVT,2024-01-01
B08YRY9KVT,2024-01-29
B08YRZ7CTB,2023-02-27
B08YRZ7CTB,2023-03-27
B08YRZ7CTB,2023-04-24
B08YRZ7CTB,2023-05-22
B08YRZ7CTB,2023-06-19
B08YRZ7CTB,2023-07-17
B08YRZ7CTB,2023-08-14
B08YRZ7CTB,2023-09-11
B08YRZ7CTB,2023-10-09
B08YRZ7CTB,2023-11-06
B08YRZ7CTB,2023-12-04
B08YRZ7CTB,2024-01-01
B08YRZ7CTB,2024-01-29
B08YY4R942,2023-02-27
B08YY4R942,2023-03-27
B08YY4R942,2023-04-24
B08YY4R942,2023-05-22
B08YY4R942,2023-06-19
B08YY4R942,2023-07-17
B08YY4R942,2023-08-14
B08YY4R942,2023-09-11
B08YY4R942,2023-10-09
B08YY4R942,2023-11-06
B08YY4R942,2023-12-04
B08YY4R942,2024-01-01
B08YY4R942,2024-01-29
B08ZWLL6T8,2023-02-27
B08ZWLL6T8,2023-03-27
B08ZWLL6T8,2023-04-24
B08ZWLL6T8,2023-05-22
B08ZWLL6T8,2023-06-19
B08ZWLL6T8,2023-07-17
B08ZWLL6T8,2023-08-14
B08ZWLL6T8,2023-09-11
B08ZWLL6T8,2023-10-09
B08ZWLL6T8,2023-11-06
B08ZWLL6T8,2023-12-04
B08ZWLL6T8,2024-01-01
B08ZWLL6T8,2024-01-29
B08ZXWP664,2023-12-04
B08ZXWP664,2024-01-01
B08ZXWP664,2024-01-29
B08ZYCSHKF,2023-02-27
B08ZYCSHKF,2023-03-27
B08ZYCSHKF,2023-04-24
B08ZYCSHKF,2023-05-22
B08ZYCSHKF,2023-06-19
B08ZYCSHKF,2023-07-17
B08ZYCSHKF,2023-08-14
B08ZYCSHKF,2023-09-11
B08ZYCSHKF,2023-10-09
B08ZYCSHKF,2023-11-06
B08ZYCSHKF,2023-12-04
B08ZYCSHKF,2024-01-01
B08ZYCSHKF,2024-01-29
B08ZYVCN7S,2023-02-27
B08ZYVCN7S,2023-03-27
B08ZYVCN7S,2023-04-24
B08ZYVCN7S,2023-05-22
B08ZYVCN7S,2023-06-19
B08ZYVCN7S,2023-07-17
B08ZYVCN7S,2023-08-14
B08ZYVCN7S,2023-09-11
B08ZYVCN7S,2023-10-09
B08ZYVCN7S,2023-11-06
B08ZYVCN7S,2023-12-04
B08ZYVCN7S,2024-01-01
B08ZYVCN7S,2024-01-29
B0911RN7KT,2023-02-27
B0911RN7KT,2023-03-27
B0911RN7KT,2023-04-24
B0911RN7KT,2023-05-22
B0911RN7KT,2023-06-19
B0911RN7KT,2023-07-17
B0911RN7KT,2023-08-14
B0911RN7KT,2023-09-11
B0911RN7KT,2023-10-09
B0911RN7KT,2023-11-06
B0911RN7KT,2023-12-04
B0911RN7KT,2024-01-01
B0911RN7KT,2024-01-29
B0911RYB9V,2023-02-27
B0911RYB9V,2023-03-27
B0911RYB9V,2023-04-24
B0911RYB9V,2023-05-22
B0911RYB9V,2023-06-19
B0911RYB9V,2023-07-17
B0911RYB9V,2023-08-14
B0911RYB9V,2023-09-11
B0911RYB9V,2023-10-09
B0911RYB9V,2023-11-06
B0911RYB9V,2023-12-04
B0911RYB9V,2024-01-01
B0911RYB9V,2024-01-29
B09124B57Y,2023-02-27
B09124B57Y,2023-03-27
B09124B57Y,2023-04-24
B09124B57Y,2023-05-22
B09124B57Y,2023-06-19
B09124B57Y,2023-07-17
B09124B57Y,2023-08-14
B09124B57Y,2023-09-11
B09124B57Y,2023-10-09
B09124B57Y,2023-11-06
B09124B57Y,2023-12-04
B09124B57Y,2024-01-01
B09124B57Y,2024-01-29
B0912VL4GH,2023-02-27
B0912VL4GH,2023-03-27
B0912VL4GH,2023-04-24
B0912VL4GH,2023-05-22
B0912VL4GH,2023-06-19
B0912VL4GH,2023-07-17
B0912VL4GH,2023-08-14
B0912VL4GH,2023-09-11
B0912VL4GH,2023-10-09
B0912VL4GH,2023-11-06
B0912VL4GH,2023-12-04
B0912VL4GH,2024-01-01
B0912VL4GH,2024-01-29
B091DFJBH3,2023-02-27
B091DFJBH3,2023-03-27
B091DFJBH3,2023-04-24
B091DFJBH3,2023-05-22
B091DFJBH3,2023-06-19
B091DFJBH3,2023-07-17
B091DFJBH3,2023-08-14
B091DFJBH3,2023-09-11
B091DFJBH3,2023-10-09
B091DFJBH3,2023-11-06
B091DFJBH3,2023-12-04
B091DFJBH3,2024-01-01
B091DFJBH3,2024-01-29
B091MZ9FF5,2023-02-27
B091MZ9FF5,2023-03-27
B091MZ9FF5,2023-04-24
B091MZ9FF5,2023-05-22
B091MZ9FF5,2023-06-19
B091MZ9FF5,2023-07-17
B091MZ9FF5,2023-08-14
B091MZ9FF5,2023-09-11
B091MZ9FF5,2023-10-09
B091MZ9FF5,2023-11-06
B091MZ9FF5,2023-12-04
B091MZ9FF5,2024-01-01
B091MZ9FF5,2024-01-29
B091N16GQG,2023-02-27
B091N16GQG,2023-03-27
B091N16GQG,2023-04-24
B091N16GQG,2023-05-22
B091N16GQG,2023-06-19
B091N16GQG,2023-07-17
B091N16GQG,2023-08-14
B091N16GQG,2023-09-11
B091N16GQG,2023-10-09
B091N16GQG,2023-11-06
B091N16GQG,2023-12-04
B091N16GQG,2024-01-01
B091N16GQG,2024-01-29
B091P2SVMV,2023-02-27
B091P2SVMV,2023-03-27
B091P2SVMV,2023-04-24
B091P2SVMV,2023-05-22
B091P2SVMV,2023-06-19
B091P2SVMV,2023-07-17
B091P2SVMV,2023-08-14
B091P2SVMV,2023-09-11
B091P2SVMV,2023-10-09
B091P2SVMV,2023-11-06
B091P2SVMV,2023-12-04
B091P2SVMV,2024-01-01
B091P2SVMV,2024-01-29
B091T3NTT3,2023-02-27
B091T3NTT3,2023-03-27
B091T3NTT3,2023-04-24
B091T3NTT3,2023-05-22
B091T3NTT3,2023-06-19
B091T3NTT3,2023-07-17
B091T3NTT3,2023-08-14
B091T3NTT3,2023-09-11
B091T3NTT3,2023-10-09
B091T3NTT3,2023-11-06
B091T3NTT3,2023-12-04
B091T3NTT3,2024-01-01
B091T3NTT3,2024-01-29
B091XR42YP,2023-02-27
B091XR42YP,2023-03-27
B091XR42YP,2023-04-24
B091XR42YP,2023-05-22
B091XR42YP,2023-06-19
B091XR42YP,2023-07-17
B091XR42YP,2023-08-14
B091XR42YP,2023-09-11
B091XR42YP,2023-10-09
B091XR42YP,2023-11-06
B091XR42YP,2023-12-04
B091XR42YP,2024-01-01
B091XR42YP,2024-01-29
B0921Q98S8,2023-02-27
B0921Q98S8,2023-03-27
B0921Q98S8,2023-04-24
B0921Q98S8,2023-05-22
B0921Q98S8,2023-06-19
B0921Q98S8,2023-07-17
B0921Q98S8,2023-08-14
B0921Q98S8,2023-09-11
B0921Q98S8,2023-10-09
B0921Q98S8,2023-11-06
B0921Q98S8,2023-12-04
B0921Q98S8,2024-01-01
B0921Q98S8,2024-01-29
B0921S28LJ,2023-02-27
B0921S28LJ,2023-03-27
B0921S28LJ,2023-04-24
B0921S28LJ,2023-05-22
B0921S28LJ,2023-06-19
B0921S28LJ,2023-07-17
B0921S28LJ,2023-08-14
B0921S28LJ,2023-09-11
B0921S28LJ,2023-10-09
B0921S28LJ,2023-11-06
B0921S28LJ,2023-12-04
B0921S28LJ,2024-01-01
B0921S28LJ,2024-01-29
B092386GSQ,2023-02-27
B092386GSQ,2023-03-27
B092386GSQ,2023-04-24
B092386GSQ,2023-05-22
B092386GSQ,2023-06-19
B092386GSQ,2023-07-17
B092386GSQ,2023-08-14
B092386GSQ,2023-09-11
B092386GSQ,2023-10-09
B092386GSQ,2023-11-06
B092386GSQ,2023-12-04
B092386GSQ,2024-01-01
B092386GSQ,2024-01-29
B09238XJXQ,2023-02-27
B09238XJXQ,2023-03-27
B09238XJXQ,2023-04-24
B09238XJXQ,2023-05-22
B09238XJXQ,2023-06-19
B09238XJXQ,2023-07-17
B09238XJXQ,2023-08-14
B09238XJXQ,2023-09-11
B09238XJXQ,2023-10-09
B09238XJXQ,2023-11-06
B09238XJXQ,2023-12-04
B09238XJXQ,2024-01-01
B09238XJXQ,2024-01-29
B09239VHK8,2023-02-27
B09239VHK8,2023-03-27
B09239VHK8,2023-04-24
B09239VHK8,2023-05-22
B09239VHK8,2023-06-19
B09239VHK8,2023-07-17
B09239VHK8,2023-08-14
B09239VHK8,2023-09-11
B09239VHK8,2023-10-09
B09239VHK8,2023-11-06
B09239VHK8,2023-12-04
B09239VHK8,2024-01-01
B09239VHK8,2024-01-29
B0923K3S9B,2023-02-27
B0923K3S9B,2023-03-27
B0923K3S9B,2023-04-24
B0923K3S9B,2023-05-22
B0923K3S9B,2023-06-19
B0923K3S9B,2023-07-17
B0923K3S9B,2023-08-14
B0923K3S9B,2023-09-11
B0923K3S9B,2023-10-09
B0923K3S9B,2023-11-06
B0923K3S9B,2023-12-04
B0923K3S9B,2024-01-01
B0923K3S9B,2024-01-29
B0924VK54K,2023-02-27
B0924VK54K,2023-03-27
B0924VK54K,2023-04-24
B0924VK54K,2023-05-22
B0924VK54K,2023-06-19
B0924VK54K,2023-07-17
B0924VK54K,2023-08-14
B0924VK54K,2023-09-11
B0924VK54K,2023-10-09
B0924VK54K,2023-11-06
B0924VK54K,2023-12-04
B0924VK54K,2024-01-01
B0924VK54K,2024-01-29
B0924WFPLD,2023-02-27
B0924WFPLD,2023-03-27
B0924WFPLD,2023-04-24
B0924WFPLD,2023-05-22
B0924WFPLD,2023-06-19
B0924WFPLD,2023-07-17
B0924WFPLD,2023-08-14
B0924WFPLD,2023-09-11
B0924WFPLD,2023-10-09
B0924WFPLD,2023-11-06
B0924WFPLD,2023-12-04
B0924WFPLD,2024-01-01
B0924WFPLD,2024-01-29
B0924XMJCT,2023-02-27
B0924XMJCT,2023-03-27
B0924XMJCT,2023-04-24
B0924XMJCT,2023-05-22
B0924XMJCT,2023-06-19
B0924XMJCT,2023-07-17
B0924XMJCT,2023-08-14
B0924XMJCT,2023-09-11
B0924XMJCT,2023-10-09
B0924XMJCT,2023-11-06
B0924XMJCT,2023-12-04
B0924XMJCT,2024-01-01
B0924XMJCT,2024-01-29
B0925KYMCK,2023-02-27
B0925KYMCK,2023-03-27
B0925KYMCK,2023-04-24
B0925KYMCK,2023-05-22
B0925KYMCK,2023-06-19
B0925KYMCK,2023-07-17
B0925KYMCK,2023-08-14
B0925KYMCK,2023-09-11
B0925KYMCK,2023-10-09
B0925KYMCK,2023-11-06
B0925KYMCK,2023-12-04
B0925KYMCK,2024-01-01
B0925KYMCK,2024-01-29
B09289Q2PZ,2023-02-27
B09289Q2PZ,2023-03-27
B09289Q2PZ,2023-04-24
B09289Q2PZ,2023-05-22
B09289Q2PZ,2023-06-19
B09289Q2PZ,2023-07-17
B09289Q2PZ,2023-08-14
B09289Q2PZ,2023-09-11
B09289Q2PZ,2023-10-09
B09289Q2PZ,2023-11-06
B09289Q2PZ,2023-12-04
B09289Q2PZ,2024-01-01
B09289Q2PZ,2024-01-29
B0928B19T6,2023-02-27
B0928B19T6,2023-03-27
B0928B19T6,2023-04-24
B0928B19T6,2023-05-22
B0928B19T6,2023-06-19
B0928B19T6,2023-07-17
B0928B19T6,2023-08-14
B0928B19T6,2023-09-11
B0928B19T6,2023-10-09
B0928B19T6,2023-11-06
B0928B19T6,2023-12-04
B0928B19T6,2024-01-01
B0928B19T6,2024-01-29
B092DVCM6S,2023-02-27
B092DVCM6S,2023-03-27
B092DVCM6S,2023-04-24
B092DVCM6S,2023-05-22
B092DVCM6S,2023-06-19
B092DVCM6S,2023-07-17
B092DVCM6S,2023-08-14
B092DVCM6S,2023-09-11
B092DVCM6S,2023-10-09
B092DVCM6S,2023-11-06
B092DVCM6S,2023-12-04
B092DVCM6S,2024-01-01
B092DVCM6S,2024-01-29
B092DVWDHW,2023-02-27
B092DVWDHW,2023-03-27
B092DVWDHW,2023-04-24
B092DVWDHW,2023-05-22
B092DVWDHW,2023-06-19
B092DVWDHW,2023-07-17
B092DVWDHW,2023-08-14
B092DVWDHW,2023-09-11
B092DVWDHW,2023-10-09
B092DVWDHW,2023-11-06
B092DVWDHW,2023-12-04
B092DVWDHW,2024-01-01
B092DVWDHW,2024-01-29
B092DXG3DY,2023-02-27
B092DXG3DY,2023-03-27
B092DXG3DY,2023-04-24
B092DXG3DY,2023-05-22
B092DXG3DY,2023-06-19
B092DXG3DY,2023-07-17
B092DXG3DY,2023-08-14
B092DXG3DY,2023-09-11
B092DXG3DY,2023-10-09
B092DXG3DY,2023-11-06
B092DXG3DY,2023-12-04
B092DXG3DY,2024-01-01
B092DXG3DY,2024-01-29
B092FCQQJ2,2023-02-27
B092FCQQJ2,2023-03-27
B092FCQQJ2,2023-04-24
B092FCQQJ2,2023-05-22
B092FCQQJ2,2023-06-19
B092FCQQJ2,2023-07-17
B092FCQQJ2,2023-08-14
B092FCQQJ2,2023-09-11
B092FCQQJ2,2023-10-09
B092FCQQJ2,2023-11-06
B092FCQQJ2,2023-12-04
B092FCQQJ2,2024-01-01
B092FCQQJ2,2024-01-29
B092JQ3L6Y,2023-02-27
B092JQ3L6Y,2023-03-27
B092JQ3L6Y,2023-04-24
B092JQ3L6Y,2023-05-22
B092JQ3L6Y,2023-06-19
B092JQ3L6Y,2023-07-17
B092JQ3L6Y,2023-08-14
B092JQ3L6Y,2023-09-11
B092JQ3L6Y,2023-10-09
B092JQ3L6Y,2023-11-06
B092JQ3L6Y,2023-12-04
B092JQ3L6Y,2024-01-01
B092JQ3L6Y,2024-01-29
B092KJJCWH,2023-02-27
B092KJJCWH,2023-03-27
B092KJJCWH,2023-04-24
B092KJJCWH,2023-05-22
B092KJJCWH,2023-06-19
B092KJJCWH,2023-07-17
B092KJJCWH,2023-08-14
B092KJJCWH,2023-09-11
B092KJJCWH,2023-10-09
B092KJJCWH,2023-11-06
B092KJJCWH,2023-12-04
B092KJJCWH,2024-01-01
B092KJJCWH,2024-01-29
B092KJMZK6,2023-02-27
B092KJMZK6,2023-03-27
B092KJMZK6,2023-04-24
B092KJMZK6,2023-05-22
B092KJMZK6,2023-06-19
B092KJMZK6,2023-07-17
B092KJMZK6,2023-08-14
B092KJMZK6,2023-09-11
B092KJMZK6,2023-10-09
B092KJMZK6,2023-11-06
B092KJMZK6,2023-12-04
B092KJMZK6,2024-01-01
B092KJMZK6,2024-01-29
B092KL3PR9,2023-02-27
B092KL3PR9,2023-03-27
B092KL3PR9,2023-04-24
B092KL3PR9,2023-05-22
B092KL3PR9,2023-06-19
B092KL3PR9,2023-07-17
B092KL3PR9,2023-08-14
B092KL3PR9,2023-09-11
B092KL3PR9,2023-10-09
B092KL3PR9,2023-11-06
B092KL3PR9,2023-12-04
B092KL3PR9,2024-01-01
B092KL3PR9,2024-01-29
B092KLR9KQ,2023-02-27
B092KLR9KQ,2023-03-27
B092KLR9KQ,2023-04-24
B092KLR9KQ,2023-05-22
B092KLR9KQ,2023-06-19
B092KLR9KQ,2023-07-17
B092KLR9KQ,2023-08-14
B092KLR9KQ,2023-09-11
B092KLR9KQ,2023-10-09
B092KLR9KQ,2023-11-06
B092KLR9KQ,2023-12-04
B092KLR9KQ,2024-01-01
B092KLR9KQ,2024-01-29
B092KMY1ZM,2023-02-27
B092KMY1ZM,2023-03-27
B092KMY1ZM,2023-04-24
B092KMY1ZM,2023-05-22
B092KMY1ZM,2023-06-19
B092KMY1ZM,2023-07-17
B092KMY1ZM,2023-08-14
B092KMY1ZM,2023-09-11
B092KMY1ZM,2023-10-09
B092KMY1ZM,2023-11-06
B092KMY1ZM,2023-12-04
B092KMY1ZM,2024-01-01
B092KMY1ZM,2024-01-29
B092KQPYC5,2023-02-27
B092KQPYC5,2023-03-27
B092KQPYC5,2023-04-24
B092KQPYC5,2023-05-22
B092KQPYC5,2023-06-19
B092KQPYC5,2023-07-17
B092KQPYC5,2023-08-14
B092KQPYC5,2023-09-11
B092KQPYC5,2023-10-09
B092KQPYC5,2023-11-06
B092KQPYC5,2023-12-04
B092KQPYC5,2024-01-01
B092KQPYC5,2024-01-29
B092KQRT32,2023-02-27
B092KQRT32,2023-03-27
B092KQRT32,2023-04-24
B092KQRT32,2023-05-22
B092KQRT32,2023-06-19
B092KQRT32,2023-07-17
B092KQRT32,2023-08-14
B092KQRT32,2023-09-11
B092KQRT32,2023-10-09
B092KQRT32,2023-11-06
B092KQRT32,2023-12-04
B092KQRT32,2024-01-01
B092KQRT32,2024-01-29
B092KSY89V,2023-02-27
B092KSY89V,2023-03-27
B092KSY89V,2023-04-24
B092KSY89V,2023-05-22
B092KSY89V,2023-06-19
B092KSY89V,2023-07-17
B092KSY89V,2023-08-14
B092KSY89V,2023-09-11
B092KSY89V,2023-10-09
B092KSY89V,2023-11-06
B092KSY89V,2023-12-04
B092KSY89V,2024-01-01
B092KSY89V,2024-01-29
B092KW5GMR,2023-02-27
B092KW5GMR,2023-03-27
B092KW5GMR,2023-04-24
B092KW5GMR,2023-05-22
B092KW5GMR,2023-06-19
B092KW5GMR,2023-07-17
B092KW5GMR,2023-08-14
B092KW5GMR,2023-09-11
B092KW5GMR,2023-10-09
B092KW5GMR,2023-11-06
B092KW5GMR,2023-12-04
B092KW5GMR,2024-01-01
B092KW5GMR,2024-01-29
B092KXVLK5,2023-02-27
B092KXVLK5,2023-03-27
B092KXVLK5,2023-04-24
B092KXVLK5,2023-05-22
B092KXVLK5,2023-06-19
B092KXVLK5,2023-07-17
B092KXVLK5,2023-08-14
B092KXVLK5,2023-09-11
B092KXVLK5,2023-10-09
B092KXVLK5,2023-11-06
B092KXVLK5,2023-12-04
B092KXVLK5,2024-01-01
B092KXVLK5,2024-01-29
B092KY5K2W,2023-02-27
B092KY5K2W,2023-03-27
B092KY5K2W,2023-04-24
B092KY5K2W,2023-05-22
B092KY5K2W,2023-06-19
B092KY5K2W,2023-07-17
B092KY5K2W,2023-08-14
B092KY5K2W,2023-09-11
B092KY5K2W,2023-10-09
B092KY5K2W,2023-11-06
B092KY5K2W,2023-12-04
B092KY5K2W,2024-01-01
B092KY5K2W,2024-01-29
B092L11HMC,2023-02-27
B092L11HMC,2023-03-27
B092L11HMC,2023-04-24
B092L11HMC,2023-05-22
B092L11HMC,2023-06-19
B092L11HMC,2023-07-17
B092L11HMC,2023-08-14
B092L11HMC,2023-09-11
B092L11HMC,2023-10-09
B092L11HMC,2023-11-06
B092L11HMC,2023-12-04
B092L11HMC,2024-01-01
B092L11HMC,2024-01-29
B092L1NZQ6,2023-02-27
B092L1NZQ6,2023-03-27
B092L1NZQ6,2023-04-24
B092L1NZQ6,2023-05-22
B092L1NZQ6,2023-06-19
B092L1NZQ6,2023-07-17
B092L1NZQ6,2023-08-14
B092L1NZQ6,2023-09-11
B092L1NZQ6,2023-10-09
B092L1NZQ6,2023-11-06
B092L1NZQ6,2023-12-04
B092L1NZQ6,2024-01-01
B092L1NZQ6,2024-01-29
B092L2WCK8,2023-02-27
B092L2WCK8,2023-03-27
B092L2WCK8,2023-04-24
B092L2WCK8,2023-05-22
B092L2WCK8,2023-06-19
B092L2WCK8,2023-07-17
B092L2WCK8,2023-08-14
B092L2WCK8,2023-09-11
B092L2WCK8,2023-10-09
B092L2WCK8,2023-11-06
B092L2WCK8,2023-12-04
B092L2WCK8,2024-01-01
B092L2WCK8,2024-01-29
B092L36D7C,2023-02-27
B092L36D7C,2023-03-27
B092L36D7C,2023-04-24
B092L36D7C,2023-05-22
B092L36D7C,2023-06-19
B092L36D7C,2023-07-17
B092L36D7C,2023-08-14
B092L36D7C,2023-09-11
B092L36D7C,2023-10-09
B092L36D7C,2023-11-06
B092L36D7C,2023-12-04
B092L36D7C,2024-01-01
B092L36D7C,2024-01-29
B092L5HGL7,2023-02-27
B092L5HGL7,2023-03-27
B092L5HGL7,2023-04-24
B092L5HGL7,2023-05-22
B092L5HGL7,2023-06-19
B092L5HGL7,2023-07-17
B092L5HGL7,2023-08-14
B092L5HGL7,2023-09-11
B092L5HGL7,2023-10-09
B092L5HGL7,2023-11-06
B092L5HGL7,2023-12-04
B092L5HGL7,2024-01-01
B092L5HGL7,2024-01-29
B092MQLBZN,2023-02-27
B092MQLBZN,2023-03-27
B092MQLBZN,2023-04-24
B092MQLBZN,2023-05-22
B092MQLBZN,2023-06-19
B092MQLBZN,2023-07-17
B092MQLBZN,2023-08-14
B092MQLBZN,2023-09-11
B092MQLBZN,2023-10-09
B092MQLBZN,2023-11-06
B092MQLBZN,2023-12-04
B092MQLBZN,2024-01-01
B092MQLBZN,2024-01-29
B092NLCH9S,2023-06-19
B092NLCH9S,2023-07-17
B092NLCH9S,2023-08-14
B092NLCH9S,2023-09-11
B092NLCH9S,2023-10-09
B092NLCH9S,2023-11-06
B092NLCH9S,2023-12-04
B092NLCH9S,2024-01-01
B092NLCH9S,2024-01-29
B092YSK3SK,2023-02-27
B092YSK3SK,2023-03-27
B092YSK3SK,2023-04-24
B092YSK3SK,2023-05-22
B092YSK3SK,2023-06-19
B092YSK3SK,2023-07-17
B092YSK3SK,2023-08-14
B092YSK3SK,2023-09-11
B092YSK3SK,2023-10-09
B092YSK3SK,2023-11-06
B092YSK3SK,2023-12-04
B092YSK3SK,2024-01-01
B092YSK3SK,2024-01-29
B092YYY6LH,2023-02-27
B092YYY6LH,2023-03-27
B092YYY6LH,2023-04-24
B092YYY6LH,2023-05-22
B092YYY6LH,2023-06-19
B092YYY6LH,2023-07-17
B092YYY6LH,2023-08-14
B092YYY6LH,2023-09-11
B092YYY6LH,2023-10-09
B092YYY6LH,2023-11-06
B092YYY6LH,2023-12-04
B092YYY6LH,2024-01-01
B092YYY6LH,2024-01-29
B092Z6P5L7,2023-02-27
B092Z6P5L7,2023-03-27
B092Z6P5L7,2023-04-24
B092Z6P5L7,2023-05-22
B092Z6P5L7,2023-06-19
B092Z6P5L7,2023-07-17
B092Z6P5L7,2023-08-14
B092Z6P5L7,2023-09-11
B092Z6P5L7,2023-10-09
B092Z6P5L7,2023-11-06
B092Z6P5L7,2023-12-04
B092Z6P5L7,2024-01-01
B092Z6P5L7,2024-01-29
B092ZCCYHW,2023-02-27
B092ZCCYHW,2023-03-27
B092ZCCYHW,2023-04-24
B092ZCCYHW,2023-05-22
B092ZCCYHW,2023-06-19
B092ZCCYHW,2023-07-17
B092ZCCYHW,2023-08-14
B092ZCCYHW,2023-09-11
B092ZCCYHW,2023-10-09
B092ZCCYHW,2023-11-06
B092ZCCYHW,2023-12-04
B092ZCCYHW,2024-01-01
B092ZCCYHW,2024-01-29
B092ZQZDVL,2023-02-27
B092ZQZDVL,2023-03-27
B092ZQZDVL,2023-04-24
B092ZQZDVL,2023-05-22
B092ZQZDVL,2023-06-19
B092ZQZDVL,2023-07-17
B092ZQZDVL,2023-08-14
B092ZQZDVL,2023-09-11
B092ZQZDVL,2023-10-09
B092ZQZDVL,2023-11-06
B092ZQZDVL,2023-12-04
B092ZQZDVL,2024-01-01
B092ZQZDVL,2024-01-29
B0931YHMWL,2023-02-27
B0931YHMWL,2023-03-27
B0931YHMWL,2023-04-24
B0931YHMWL,2023-05-22
B0931YHMWL,2023-06-19
B0931YHMWL,2023-07-17
B0931YHMWL,2023-08-14
B0931YHMWL,2023-09-11
B0931YHMWL,2023-10-09
B0931YHMWL,2023-11-06
B0931YHMWL,2023-12-04
B0931YHMWL,2024-01-01
B0931YHMWL,2024-01-29
B093CBCZ8H,2023-02-27
B093CBCZ8H,2023-03-27
B093CBCZ8H,2023-04-24
B093CBCZ8H,2023-05-22
B093CBCZ8H,2023-06-19
B093CBCZ8H,2023-07-17
B093CBCZ8H,2023-08-14
B093CBCZ8H,2023-09-11
B093CBCZ8H,2023-10-09
B093CBCZ8H,2023-11-06
B093CBCZ8H,2023-12-04
B093CBCZ8H,2024-01-01
B093CBCZ8H,2024-01-29
B093CBGBYH,2023-02-27
B093CBGBYH,2023-03-27
B093CBGBYH,2023-04-24
B093CBGBYH,2023-05-22
B093CBGBYH,2023-06-19
B093CBGBYH,2023-07-17
B093CBGBYH,2023-08-14
B093CBGBYH,2023-09-11
B093CBGBYH,2023-10-09
B093CBGBYH,2023-11-06
B093CBGBYH,2023-12-04
B093CBGBYH,2024-01-01
B093CBGBYH,2024-01-29
B093CBL69R,2023-02-27
B093CBL69R,2023-03-27
B093CBL69R,2023-04-24
B093CBL69R,2023-05-22
B093CBL69R,2023-06-19
B093CBL69R,2023-07-17
B093CBL69R,2023-08-14
B093CBL69R,2023-09-11
B093CBL69R,2023-10-09
B093CBL69R,2023-11-06
B093CBL69R,2023-12-04
B093CBL69R,2024-01-01
B093CBL69R,2024-01-29
B093CBMKD1,2023-02-27
B093CBMKD1,2023-03-27
B093CBMKD1,2023-04-24
B093CBMKD1,2023-05-22
B093CBMKD1,2023-06-19
B093CBMKD1,2023-07-17
B093CBMKD1,2023-08-14
B093CBMKD1,2023-09-11
B093CBMKD1,2023-10-09
B093CBMKD1,2023-11-06
B093CBMKD1,2023-12-04
B093CBMKD1,2024-01-01
B093CBMKD1,2024-01-29
B093CBS79B,2023-02-27
B093CBS79B,2023-03-27
B093CBS79B,2023-04-24
B093CBS79B,2023-05-22
B093CBS79B,2023-06-19
B093CBS79B,2023-07-17
B093CBS79B,2023-08-14
B093CBS79B,2023-09-11
B093CBS79B,2023-10-09
B093CBS79B,2023-11-06
B093CBS79B,2023-12-04
B093CBS79B,2024-01-01
B093CBS79B,2024-01-29
B093CC736W,2023-02-27
B093CC736W,2023-03-27
B093CC736W,2023-04-24
B093CC736W,2023-05-22
B093CC736W,2023-06-19
B093CC736W,2023-07-17
B093CC736W,2023-08-14
B093CC736W,2023-09-11
B093CC736W,2023-10-09
B093CC736W,2023-11-06
B093CC736W,2023-12-04
B093CC736W,2024-01-01
B093CC736W,2024-01-29
B093CCYKS7,2023-02-27
B093CCYKS7,2023-03-27
B093CCYKS7,2023-04-24
B093CCYKS7,2023-05-22
B093CCYKS7,2023-06-19
B093CCYKS7,2023-07-17
B093CCYKS7,2023-08-14
B093CCYKS7,2023-09-11
B093CCYKS7,2023-10-09
B093CCYKS7,2023-11-06
B093CCYKS7,2023-12-04
B093CCYKS7,2024-01-01
B093CCYKS7,2024-01-29
B093LWVBH6,2023-02-27
B093LWVBH6,2023-03-27
B093LWVBH6,2023-04-24
B093LWVBH6,2023-05-22
B093LWVBH6,2023-06-19
B093LWVBH6,2023-09-11
B093LWVBH6,2023-10-09
B093LWVBH6,2023-11-06
B093LWVBH6,2023-12-04
B093LWVBH6,2024-01-01
B093LWVBH6,2024-01-29
B093N7DG12,2023-02-27
B093N7DG12,2023-03-27
B093N7DG12,2023-04-24
B093N7DG12,2023-05-22
B093N7DG12,2023-06-19
B093N7DG12,2023-07-17
B093N7DG12,2023-08-14
B093N7DG12,2023-09-11
B093N7DG12,2023-10-09
B093N7DG12,2023-11-06
B093N7DG12,2023-12-04
B093N7DG12,2024-01-01
B093N7DG12,2024-01-29
B093N7FSD1,2023-02-27
B093N7FSD1,2023-03-27
B093N7FSD1,2023-04-24
B093N7FSD1,2023-05-22
B093N7FSD1,2023-06-19
B093N7FSD1,2023-07-17
B093N7FSD1,2023-08-14
B093N7FSD1,2023-09-11
B093N7FSD1,2023-10-09
B093N7FSD1,2023-11-06
B093N7FSD1,2023-12-04
B093N7FSD1,2024-01-01
B093N7FSD1,2024-01-29
B093NL1JB6,2023-02-27
B093NL1JB6,2023-03-27
B093NL1JB6,2023-04-24
B093NL1JB6,2023-05-22
B093NL1JB6,2023-06-19
B093NL1JB6,2023-07-17
B093NL1JB6,2023-08-14
B093NL1JB6,2023-09-11
B093NL1JB6,2023-10-09
B093NL1JB6,2023-11-06
B093NL1JB6,2023-12-04
B093NL1JB6,2024-01-01
B093NL1JB6,2024-01-29
B093PX3CTV,2023-02-27
B093PX3CTV,2023-03-27
B093PX3CTV,2023-04-24
B093PX3CTV,2023-05-22
B093PX3CTV,2023-06-19
B093PX3CTV,2023-07-17
B093PX3CTV,2023-08-14
B093PX3CTV,2023-09-11
B093PX3CTV,2023-10-09
B093PX3CTV,2023-11-06
B093PX3CTV,2023-12-04
B093PX3CTV,2024-01-01
B093PX3CTV,2024-01-29
B093WMSZVS,2023-02-27
B093WMSZVS,2023-03-27
B093WMSZVS,2023-04-24
B093WMSZVS,2023-05-22
B093WMSZVS,2023-06-19
B093WMSZVS,2023-07-17
B093WMSZVS,2023-08-14
B093WMSZVS,2023-09-11
B093WMSZVS,2023-10-09
B093WMSZVS,2023-11-06
B093WMSZVS,2023-12-04
B093WMSZVS,2024-01-01
B093WMSZVS,2024-01-29
B093YPT7FR,2023-10-09
B093YPT7FR,2023-11-06
B093YPT7FR,2023-12-04
B093YPT7FR,2024-01-01
B093YPT7FR,2024-01-29
B09457G3T5,2023-02-27
B09457G3T5,2023-03-27
B09457G3T5,2023-04-24
B09457G3T5,2023-05-22
B09457G3T5,2023-06-19
B09457G3T5,2023-07-17
B09457G3T5,2023-08-14
B09457G3T5,2023-09-11
B09457G3T5,2023-10-09
B09457G3T5,2023-11-06
B09457G3T5,2023-12-04
B09457G3T5,2024-01-01
B09457G3T5,2024-01-29
B094DRRWVJ,2023-02-27
B094DRRWVJ,2023-03-27
B094DRRWVJ,2023-04-24
B094DRRWVJ,2023-05-22
B094DRRWVJ,2023-06-19
B094DRRWVJ,2023-07-17
B094DRRWVJ,2023-08-14
B094DRRWVJ,2023-09-11
B094DRRWVJ,2023-10-09
B094DRRWVJ,2023-11-06
B094DRRWVJ,2023-12-04
B094DRRWVJ,2024-01-01
B094DRRWVJ,2024-01-29
B094G2QZSV,2023-02-27
B094G2QZSV,2023-03-27
B094G2QZSV,2023-04-24
B094G2QZSV,2023-05-22
B094G2QZSV,2023-06-19
B094G2QZSV,2023-07-17
B094G2QZSV,2023-08-14
B094G2QZSV,2023-09-11
B094G2QZSV,2023-10-09
B094G2QZSV,2023-11-06
B094G2QZSV,2023-12-04
B094G2QZSV,2024-01-01
B094G2QZSV,2024-01-29
B094GWSPGB,2023-08-14
B094GWSPGB,2023-09-11
B094GWSPGB,2023-10-09
B094GWSPGB,2023-11-06
B094GWSPGB,2023-12-04
B094GWSPGB,2024-01-01
B094GWSPGB,2024-01-29
B094H1762X,2023-02-27
B094H1762X,2023-03-27
B094H1762X,2023-04-24
B094H1762X,2023-05-22
B094H1762X,2023-06-19
B094H1762X,2023-07-17
B094H1762X,2023-08-14
B094H1762X,2023-09-11
B094H1762X,2023-10-09
B094H1762X,2023-11-06
B094H1762X,2023-12-04
B094H1762X,2024-01-01
B094H1762X,2024-01-29
B094H7SFCG,2023-02-27
B094H7SFCG,2023-03-27
B094H7SFCG,2023-04-24
B094H7SFCG,2023-05-22
B094H7SFCG,2023-06-19
B094H7SFCG,2023-07-17
B094H7SFCG,2023-08-14
B094H7SFCG,2023-09-11
B094H7SFCG,2023-10-09
B094H7SFCG,2023-11-06
B094H7SFCG,2023-12-04
B094H7SFCG,2024-01-01
B094H7SFCG,2024-01-29
B094H8C59S,2023-02-27
B094H8C59S,2023-03-27
B094H8C59S,2023-04-24
B094H8C59S,2023-05-22
B094H8C59S,2023-06-19
B094H8C59S,2023-07-17
B094H8C59S,2023-08-14
B094H8C59S,2023-09-11
B094H8C59S,2023-10-09
B094H8C59S,2023-11-06
B094H8C59S,2023-12-04
B094H8C59S,2024-01-01
B094H8C59S,2024-01-29
B094H8G5W6,2023-02-27
B094H8G5W6,2023-03-27
B094H8G5W6,2023-04-24
B094H8G5W6,2023-05-22
B094H8G5W6,2023-06-19
B094H8G5W6,2023-07-17
B094H8G5W6,2023-08-14
B094H8G5W6,2023-09-11
B094H8G5W6,2023-10-09
B094H8G5W6,2023-11-06
B094H8G5W6,2023-12-04
B094H8G5W6,2024-01-01
B094H8G5W6,2024-01-29
B094RDTGQ7,2023-02-27
B094RDTGQ7,2023-03-27
B094RDTGQ7,2023-04-24
B094RDTGQ7,2023-05-22
B094RDTGQ7,2023-06-19
B094RDTGQ7,2023-07-17
B094RDTGQ7,2023-08-14
B094RDTGQ7,2023-09-11
B094RDTGQ7,2023-10-09
B094RDTGQ7,2023-11-06
B094RDTGQ7,2023-12-04
B094RDTGQ7,2024-01-01
B094RDTGQ7,2024-01-29
B094YZJ5M2,2023-02-27
B094YZJ5M2,2023-03-27
B094YZJ5M2,2023-04-24
B094YZJ5M2,2023-05-22
B094YZJ5M2,2023-06-19
B094YZJ5M2,2023-07-17
B094YZJ5M2,2023-08-14
B094YZJ5M2,2023-09-11
B094YZJ5M2,2023-10-09
B094YZJ5M2,2023-11-06
B094YZJ5M2,2023-12-04
B094YZJ5M2,2024-01-01
B094YZJ5M2,2024-01-29
B0953K2PLH,2023-02-27
B0953K2PLH,2023-03-27
B0953K2PLH,2023-04-24
B0953K2PLH,2023-05-22
B0953K2PLH,2023-06-19
B0953K2PLH,2023-07-17
B0953K2PLH,2023-08-14
B0953K2PLH,2023-09-11
B0953K2PLH,2023-10-09
B0953K2PLH,2023-11-06
B0953K2PLH,2023-12-04
B0953K2PLH,2024-01-01
B0953K2PLH,2024-01-29
B09582YPVV,2023-02-27
B09582YPVV,2023-03-27
B09582YPVV,2023-04-24
B09582YPVV,2023-05-22
B09582YPVV,2023-06-19
B09582YPVV,2023-07-17
B09582YPVV,2023-08-14
B09582YPVV,2023-09-11
B09582YPVV,2023-10-09
B09582YPVV,2023-11-06
B09582YPVV,2023-12-04
B09582YPVV,2024-01-01
B09582YPVV,2024-01-29
B0958NX15T,2023-02-27
B0958NX15T,2023-03-27
B0958NX15T,2023-04-24
B0958NX15T,2023-05-22
B0958NX15T,2023-06-19
B0958NX15T,2023-07-17
B0958NX15T,2023-08-14
B0958NX15T,2023-09-11
B0958NX15T,2023-10-09
B0958NX15T,2023-11-06
B0958NX15T,2023-12-04
B0958NX15T,2024-01-01
B0958NX15T,2024-01-29
B095HQTYRJ,2023-02-27
B095HQTYRJ,2023-03-27
B095HQTYRJ,2023-04-24
B095HQTYRJ,2023-05-22
B095HQTYRJ,2023-06-19
B095HQTYRJ,2023-07-17
B095HQTYRJ,2023-08-14
B095HQTYRJ,2023-09-11
B095HQTYRJ,2023-10-09
B095HQTYRJ,2023-11-06
B095HQTYRJ,2023-12-04
B095HQTYRJ,2024-01-01
B095HQTYRJ,2024-01-29
B095HRPKVM,2023-02-27
B095HRPKVM,2023-03-27
B095HRPKVM,2023-04-24
B095HRPKVM,2023-05-22
B095HRPKVM,2023-06-19
B095HRPKVM,2023-07-17
B095HRPKVM,2023-08-14
B095HRPKVM,2023-09-11
B095HRPKVM,2023-10-09
B095HRPKVM,2023-11-06
B095HRPKVM,2023-12-04
B095HRPKVM,2024-01-01
B095HRPKVM,2024-01-29
B095PXGGNJ,2023-02-27
B095PXGGNJ,2023-03-27
B095PXGGNJ,2023-04-24
B095PXGGNJ,2023-05-22
B095PXGGNJ,2023-06-19
B095PXGGNJ,2023-07-17
B095PXGGNJ,2023-08-14
B095PXGGNJ,2023-09-11
B095PXGGNJ,2023-10-09
B095PXGGNJ,2023-11-06
B095PXGGNJ,2023-12-04
B095PXGGNJ,2024-01-01
B095PXGGNJ,2024-01-29
B095R6JQ3S,2023-02-27
B095R6JQ3S,2023-03-27
B095R6JQ3S,2023-04-24
B095R6JQ3S,2023-05-22
B095R6JQ3S,2023-06-19
B095R6JQ3S,2023-07-17
B095R6JQ3S,2023-08-14
B095R6JQ3S,2023-09-11
B095R6JQ3S,2023-10-09
B095R6JQ3S,2023-11-06
B095R6JQ3S,2023-12-04
B095R6JQ3S,2024-01-01
B095R6JQ3S,2024-01-29
B095XC82X3,2023-02-27
B095XC82X3,2023-03-27
B095XC82X3,2023-04-24
B095XC82X3,2023-05-22
B095XC82X3,2023-06-19
B095XC82X3,2023-07-17
B095XC82X3,2023-08-14
B095XC82X3,2023-09-11
B095XC82X3,2023-10-09
B095XC82X3,2023-11-06
B095XC82X3,2023-12-04
B095XC82X3,2024-01-01
B095XC82X3,2024-01-29
B095XJDJ8V,2023-02-27
B095XJDJ8V,2023-03-27
B095XJDJ8V,2023-04-24
B095XJDJ8V,2023-05-22
B095XJDJ8V,2023-06-19
B095XJDJ8V,2023-07-17
B095XJDJ8V,2023-08-14
B095XJDJ8V,2023-09-11
B095XJDJ8V,2023-10-09
B095XJDJ8V,2023-11-06
B095XJDJ8V,2023-12-04
B095XJDJ8V,2024-01-01
B095XJDJ8V,2024-01-29
B09666STTJ,2023-04-24
B09666STTJ,2023-05-22
B09666STTJ,2023-06-19
B09666STTJ,2023-07-17
B09666STTJ,2023-08-14
B09666STTJ,2023-09-11
B09666STTJ,2023-10-09
B09666STTJ,2023-11-06
B09666STTJ,2023-12-04
B09666STTJ,2024-01-01
B09666STTJ,2024-01-29
B0969YBLMN,2023-02-27
B0969YBLMN,2023-03-27
B0969YBLMN,2023-04-24
B0969YBLMN,2023-05-22
B0969YBLMN,2023-06-19
B0969YBLMN,2023-07-17
B0969YBLMN,2023-08-14
B0969YBLMN,2023-09-11
B0969YBLMN,2023-10-09
B0969YBLMN,2023-11-06
B0969YBLMN,2023-12-04
B0969YBLMN,2024-01-01
B0969YBLMN,2024-01-29
B096L3F4HT,2023-02-27
B096L3F4HT,2023-03-27
B096L3F4HT,2023-04-24
B096L3F4HT,2023-05-22
B096L3F4HT,2023-06-19
B096L3F4HT,2023-07-17
B096L3F4HT,2023-08-14
B096L3F4HT,2023-09-11
B096L3F4HT,2023-10-09
B096L3F4HT,2023-11-06
B096L3F4HT,2023-12-04
B096L3F4HT,2024-01-01
B096L3F4HT,2024-01-29
B096L5212D,2023-02-27
B096L5212D,2023-03-27
B096L5212D,2023-04-24
B096L5212D,2023-05-22
B096L5212D,2023-06-19
B096L5212D,2023-07-17
B096L5212D,2023-08-14
B096L5212D,2023-09-11
B096L5212D,2023-10-09
B096L5212D,2023-11-06
B096L5212D,2023-12-04
B096L5212D,2024-01-01
B096L5212D,2024-01-29
B096LCPRGC,2023-02-27
B096LCPRGC,2023-03-27
B096LCPRGC,2023-04-24
B096LCPRGC,2023-05-22
B096LCPRGC,2023-06-19
B096LCPRGC,2023-07-17
B096LCPRGC,2023-08-14
B096LCPRGC,2023-09-11
B096LCPRGC,2023-10-09
B096LCPRGC,2023-11-06
B096LCPRGC,2023-12-04
B096LCPRGC,2024-01-01
B096LCPRGC,2024-01-29
B096MPL3X1,2023-02-27
B096MPL3X1,2023-03-27
B096MPL3X1,2023-04-24
B096MPL3X1,2023-05-22
B096MPL3X1,2023-06-19
B096MPL3X1,2023-07-17
B096MPL3X1,2023-08-14
B096MPL3X1,2023-09-11
B096MPL3X1,2023-10-09
B096MPL3X1,2023-11-06
B096MPL3X1,2023-12-04
B096MPL3X1,2024-01-01
B096MPL3X1,2024-01-29
B096RYZJWS,2023-02-27
B096RYZJWS,2023-03-27
B096RYZJWS,2023-04-24
B096RYZJWS,2023-05-22
B096RYZJWS,2023-06-19
B096RYZJWS,2023-07-17
B096RYZJWS,2023-08-14
B096RYZJWS,2023-09-11
B096RYZJWS,2023-10-09
B096RYZJWS,2023-11-06
B096RYZJWS,2023-12-04
B096RYZJWS,2024-01-01
B096RYZJWS,2024-01-29
B096XD5R78,2023-02-27
B096XD5R78,2023-03-27
B096XD5R78,2023-04-24
B096XD5R78,2023-05-22
B096XD5R78,2023-06-19
B096XD5R78,2023-07-17
B096XD5R78,2023-08-14
B096XD5R78,2023-09-11
B096XD5R78,2023-10-09
B096XD5R78,2023-11-06
B096XD5R78,2023-12-04
B096XD5R78,2024-01-01
B096XD5R78,2024-01-29
B096XDSXK1,2023-02-27
B096XDSXK1,2023-03-27
B096XDSXK1,2023-04-24
B096XDSXK1,2023-05-22
B096XDSXK1,2023-06-19
B096XDSXK1,2023-07-17
B096XDSXK1,2023-08-14
B096XDSXK1,2023-09-11
B096XDSXK1,2023-10-09
B096XDSXK1,2023-11-06
B096XDSXK1,2023-12-04
B096XDSXK1,2024-01-01
B096XDSXK1,2024-01-29
B096YCZPTW,2023-02-27
B096YCZPTW,2023-03-27
B096YCZPTW,2023-04-24
B096YCZPTW,2023-05-22
B096YCZPTW,2023-06-19
B096YCZPTW,2023-07-17
B096YCZPTW,2023-08-14
B096YCZPTW,2023-09-11
B096YCZPTW,2023-10-09
B096YCZPTW,2023-11-06
B096YCZPTW,2023-12-04
B096YCZPTW,2024-01-01
B096YCZPTW,2024-01-29
B096YD484V,2023-02-27
B096YD484V,2023-03-27
B096YD484V,2023-04-24
B096YD484V,2023-05-22
B096YD484V,2023-06-19
B096YD484V,2023-07-17
B096YD484V,2023-08-14
B096YD484V,2023-09-11
B096YD484V,2023-10-09
B096YD484V,2023-11-06
B096YD484V,2023-12-04
B096YD484V,2024-01-01
B096YD484V,2024-01-29
B096YHS4HC,2023-02-27
B096YHS4HC,2023-03-27
B096YHS4HC,2023-04-24
B096YHS4HC,2023-05-22
B096YHS4HC,2023-06-19
B096YHS4HC,2023-07-17
B096YHS4HC,2023-08-14
B096YHS4HC,2023-09-11
B096YHS4HC,2023-10-09
B096YHS4HC,2023-11-06
B096YHS4HC,2023-12-04
B096YHS4HC,2024-01-01
B096YHS4HC,2024-01-29
B096YRVS2M,2023-02-27
B096YRVS2M,2023-03-27
B096YRVS2M,2023-04-24
B096YRVS2M,2023-05-22
B096YRVS2M,2023-06-19
B096YRVS2M,2023-07-17
B096YRVS2M,2023-08-14
B096YRVS2M,2023-09-11
B096YRVS2M,2023-10-09
B096YRVS2M,2023-11-06
B096YRVS2M,2023-12-04
B096YRVS2M,2024-01-01
B096YRVS2M,2024-01-29
B096ZZ1VMN,2023-02-27
B096ZZ1VMN,2023-03-27
B096ZZ1VMN,2023-04-24
B096ZZ1VMN,2023-05-22
B096ZZ1VMN,2023-06-19
B096ZZ1VMN,2023-07-17
B096ZZ1VMN,2023-08-14
B096ZZ1VMN,2023-09-11
B096ZZ1VMN,2023-10-09
B096ZZ1VMN,2023-11-06
B096ZZ1VMN,2023-12-04
B096ZZ1VMN,2024-01-01
B096ZZ1VMN,2024-01-29
B096ZZP1BM,2023-02-27
B096ZZP1BM,2023-03-27
B096ZZP1BM,2023-04-24
B096ZZP1BM,2023-05-22
B096ZZP1BM,2023-06-19
B096ZZP1BM,2023-07-17
B096ZZP1BM,2023-08-14
B096ZZP1BM,2023-09-11
B096ZZP1BM,2023-10-09
B096ZZP1BM,2023-11-06
B096ZZP1BM,2023-12-04
B096ZZP1BM,2024-01-01
B096ZZP1BM,2024-01-29
B0973HLWJX,2023-02-27
B0973HLWJX,2023-03-27
B0973HLWJX,2023-04-24
B0973HLWJX,2023-05-22
B0973HLWJX,2023-06-19
B0973HLWJX,2023-07-17
B0973HLWJX,2023-08-14
B0973HLWJX,2023-09-11
B0973HLWJX,2023-10-09
B0973HLWJX,2023-11-06
B0973HLWJX,2023-12-04
B0973HLWJX,2024-01-01
B0973HLWJX,2024-01-29
B0974QFWJ1,2023-02-27
B0974QFWJ1,2023-03-27
B0974QFWJ1,2023-04-24
B0974QFWJ1,2023-05-22
B0974QFWJ1,2023-06-19
B0974QFWJ1,2023-07-17
B0974QFWJ1,2023-08-14
B0974QFWJ1,2023-09-11
B0974QFWJ1,2023-10-09
B0974QFWJ1,2023-11-06
B0974QFWJ1,2023-12-04
B0974QFWJ1,2024-01-01
B0974QFWJ1,2024-01-29
B0974RFLWW,2023-02-27
B0974RFLWW,2023-03-27
B0974RFLWW,2023-04-24
B0974RFLWW,2023-05-22
B0974RFLWW,2023-06-19
B0974RFLWW,2023-07-17
B0974RFLWW,2023-08-14
B0974RFLWW,2023-09-11
B0974RFLWW,2023-10-09
B0974RFLWW,2023-11-06
B0974RFLWW,2023-12-04
B0974RFLWW,2024-01-01
B0974RFLWW,2024-01-29
B0977S4SRY,2023-02-27
B0977S4SRY,2023-03-27
B0977S4SRY,2023-04-24
B0977S4SRY,2023-05-22
B0977S4SRY,2023-06-19
B0977S4SRY,2023-07-17
B0977S4SRY,2023-08-14
B0977S4SRY,2023-09-11
B0977S4SRY,2023-10-09
B0977S4SRY,2023-11-06
B0977S4SRY,2023-12-04
B0977S4SRY,2024-01-01
B0977S4SRY,2024-01-29
B0978PYKRK,2023-06-19
B0978PYKRK,2023-07-17
B0978PYKRK,2023-08-14
B0978PYKRK,2023-09-11
B0978PYKRK,2023-10-09
B0978PYKRK,2023-11-06
B0978PYKRK,2023-12-04
B0978PYKRK,2024-01-01
B0978PYKRK,2024-01-29
B0979HGP14,2023-02-27
B0979HGP14,2023-03-27
B0979HGP14,2023-04-24
B0979HGP14,2023-05-22
B0979HGP14,2023-06-19
B0979HGP14,2023-07-17
B0979HGP14,2023-08-14
B0979HGP14,2023-09-11
B0979HGP14,2023-10-09
B0979HGP14,2023-11-06
B0979HGP14,2023-12-04
B0979HGP14,2024-01-01
B0979HGP14,2024-01-29
B097BQ5MDJ,2023-02-27
B097BQ5MDJ,2023-03-27
B097BQ5MDJ,2023-04-24
B097BQ5MDJ,2023-05-22
B097BQ5MDJ,2023-06-19
B097BQ5MDJ,2023-07-17
B097BQ5MDJ,2023-08-14
B097BQ5MDJ,2023-09-11
B097BQ5MDJ,2023-10-09
B097BQ5MDJ,2023-11-06
B097BQ5MDJ,2023-12-04
B097BQ5MDJ,2024-01-01
B097BQ5MDJ,2024-01-29
B097C2NMCP,2023-02-27
B097C2NMCP,2023-03-27
B097C2NMCP,2023-04-24
B097C2NMCP,2023-05-22
B097C2NMCP,2023-06-19
B097C2NMCP,2023-07-17
B097C2NMCP,2023-08-14
B097C2NMCP,2023-09-11
B097C2NMCP,2023-10-09
B097C2NMCP,2023-11-06
B097C2NMCP,2023-12-04
B097C2NMCP,2024-01-01
B097C2NMCP,2024-01-29
B097C57X1S,2023-02-27
B097C57X1S,2023-03-27
B097C57X1S,2023-04-24
B097C57X1S,2023-05-22
B097C57X1S,2023-06-19
B097C57X1S,2023-07-17
B097C57X1S,2023-08-14
B097C57X1S,2023-09-11
B097C57X1S,2023-10-09
B097C57X1S,2023-11-06
B097C57X1S,2023-12-04
B097C57X1S,2024-01-01
B097C57X1S,2024-01-29
B097C6XMCQ,2023-02-27
B097C6XMCQ,2023-03-27
B097C6XMCQ,2023-04-24
B097C6XMCQ,2023-05-22
B097C6XMCQ,2023-06-19
B097C6XMCQ,2023-07-17
B097C6XMCQ,2023-08-14
B097C6XMCQ,2023-09-11
B097C6XMCQ,2023-10-09
B097C6XMCQ,2023-11-06
B097C6XMCQ,2023-12-04
B097C6XMCQ,2024-01-01
B097C6XMCQ,2024-01-29
B097C8K6DH,2023-02-27
B097C8K6DH,2023-03-27
B097C8K6DH,2023-04-24
B097C8K6DH,2023-05-22
B097C8K6DH,2023-06-19
B097C8K6DH,2023-07-17
B097C8K6DH,2023-08-14
B097C8K6DH,2023-09-11
B097C8K6DH,2023-10-09
B097C8K6DH,2023-11-06
B097C8K6DH,2023-12-04
B097C8K6DH,2024-01-01
B097C8K6DH,2024-01-29
B097CGR3BD,2023-02-27
B097CGR3BD,2023-03-27
B097CGR3BD,2023-04-24
B097CGR3BD,2023-05-22
B097CGR3BD,2023-06-19
B097CGR3BD,2023-07-17
B097CGR3BD,2023-08-14
B097CGR3BD,2023-09-11
B097CGR3BD,2023-10-09
B097CGR3BD,2023-11-06
B097CGR3BD,2023-12-04
B097CGR3BD,2024-01-01
B097CGR3BD,2024-01-29
B097CHVCQ9,2023-02-27
B097CHVCQ9,2023-03-27
B097CHVCQ9,2023-04-24
B097CHVCQ9,2023-05-22
B097CHVCQ9,2023-06-19
B097CHVCQ9,2023-07-17
B097CHVCQ9,2023-08-14
B097CHVCQ9,2023-09-11
B097CHVCQ9,2023-10-09
B097CHVCQ9,2023-11-06
B097CHVCQ9,2023-12-04
B097CHVCQ9,2024-01-01
B097CHVCQ9,2024-01-29
B097DBRHHM,2023-02-27
B097DBRHHM,2023-03-27
B097DBRHHM,2023-04-24
B097DBRHHM,2023-05-22
B097DBRHHM,2023-06-19
B097DBRHHM,2023-07-17
B097DBRHHM,2023-08-14
B097DBRHHM,2023-09-11
B097DBRHHM,2023-10-09
B097DBRHHM,2023-11-06
B097DBRHHM,2023-12-04
B097DBRHHM,2024-01-01
B097DBRHHM,2024-01-29
B097G9H3LS,2023-02-27
B097G9H3LS,2023-03-27
B097G9H3LS,2023-04-24
B097G9H3LS,2023-05-22
B097G9H3LS,2023-06-19
B097G9H3LS,2023-07-17
B097G9H3LS,2023-08-14
B097G9H3LS,2023-09-11
B097G9H3LS,2023-10-09
B097G9H3LS,2023-11-06
B097G9H3LS,2023-12-04
B097G9H3LS,2024-01-01
B097G9H3LS,2024-01-29
B097HYXZRD,2023-02-27
B097HYXZRD,2023-03-27
B097HYXZRD,2023-04-24
B097HYXZRD,2023-05-22
B097HYXZRD,2023-06-19
B097HYXZRD,2023-07-17
B097HYXZRD,2023-08-14
B097HYXZRD,2023-09-11
B097HYXZRD,2023-10-09
B097HYXZRD,2023-11-06
B097HYXZRD,2023-12-04
B097HYXZRD,2024-01-01
B097HYXZRD,2024-01-29
B097LY46V4,2023-02-27
B097LY46V4,2023-03-27
B097LY46V4,2023-04-24
B097LY46V4,2023-05-22
B097LY46V4,2023-06-19
B097LY46V4,2023-07-17
B097LY46V4,2023-08-14
B097LY46V4,2023-09-11
B097LY46V4,2023-10-09
B097LY46V4,2023-11-06
B097LY46V4,2023-12-04
B097LY46V4,2024-01-01
B097LY46V4,2024-01-29
B097QNYZZR,2023-02-27
B097QNYZZR,2023-03-27
B097QNYZZR,2023-04-24
B097QNYZZR,2023-05-22
B097QNYZZR,2023-06-19
B097QNYZZR,2023-07-17
B097QNYZZR,2023-08-14
B097QNYZZR,2023-09-11
B097QNYZZR,2023-10-09
B097QNYZZR,2023-11-06
B097QNYZZR,2023-12-04
B097QNYZZR,2024-01-01
B097QNYZZR,2024-01-29
B097QZ1JLW,2023-02-27
B097QZ1JLW,2023-03-27
B097QZ1JLW,2023-04-24
B097QZ1JLW,2023-05-22
B097QZ1JLW,2023-06-19
B097QZ1JLW,2023-07-17
B097QZ1JLW,2023-08-14
B097QZ1JLW,2023-09-11
B097QZ1JLW,2023-10-09
B097QZ1JLW,2023-11-06
B097QZ1JLW,2023-12-04
B097QZ1JLW,2024-01-01
B097QZ1JLW,2024-01-29
B097Y46JMV,2023-02-27
B097Y46JMV,2023-03-27
B097Y46JMV,2023-04-24
B097Y46JMV,2023-05-22
B097Y46JMV,2023-06-19
B097Y46JMV,2023-07-17
B097Y46JMV,2023-08-14
B097Y46JMV,2023-09-11
B097Y46JMV,2023-10-09
B097Y46JMV,2023-11-06
B097Y46JMV,2023-12-04
B097Y46JMV,2024-01-01
B097Y46JMV,2024-01-29
B097ZX3LJ6,2023-02-27
B097ZX3LJ6,2023-03-27
B097ZX3LJ6,2023-04-24
B097ZX3LJ6,2023-05-22
B097ZX3LJ6,2023-06-19
B097ZX3LJ6,2023-07-17
B097ZX3LJ6,2023-08-14
B097ZX3LJ6,2023-09-11
B097ZX3LJ6,2023-10-09
B097ZX3LJ6,2023-11-06
B097ZX3LJ6,2023-12-04
B097ZX3LJ6,2024-01-01
B097ZX3LJ6,2024-01-29
B0982B4H5L,2024-01-01
B0982B4H5L,2024-01-29
B0988VKGRN,2023-02-27
B0988VKGRN,2023-03-27
B0988VKGRN,2023-04-24
B0988VKGRN,2023-05-22
B0988VKGRN,2023-06-19
B0988VKGRN,2023-07-17
B0988VKGRN,2023-08-14
B0988VKGRN,2023-09-11
B0988VKGRN,2023-10-09
B0988VKGRN,2023-11-06
B0988VKGRN,2023-12-04
B0988VKGRN,2024-01-01
B0988VKGRN,2024-01-29
B0989JGWFV,2023-02-27
B0989JGWFV,2023-03-27
B0989JGWFV,2023-04-24
B0989JGWFV,2023-05-22
B0989JGWFV,2023-06-19
B0989JGWFV,2023-07-17
B0989JGWFV,2023-08-14
B0989JGWFV,2023-09-11
B0989JGWFV,2023-10-09
B0989JGWFV,2023-11-06
B0989JGWFV,2023-12-04
B0989JGWFV,2024-01-01
B0989JGWFV,2024-01-29
B098B1LQKX,2023-02-27
B098B1LQKX,2023-03-27
B098B1LQKX,2023-04-24
B098B1LQKX,2023-05-22
B098B1LQKX,2023-06-19
B098B1LQKX,2023-07-17
B098B1LQKX,2023-08-14
B098B1LQKX,2023-09-11
B098B1LQKX,2023-10-09
B098B1LQKX,2023-11-06
B098B1LQKX,2023-12-04
B098B1LQKX,2024-01-01
B098B1LQKX,2024-01-29
B098BS93B6,2023-02-27
B098BS93B6,2023-03-27
B098BS93B6,2023-04-24
B098BS93B6,2023-05-22
B098BS93B6,2023-06-19
B098BS93B6,2023-07-17
B098BS93B6,2023-08-14
B098BS93B6,2023-09-11
B098BS93B6,2023-10-09
B098BS93B6,2023-11-06
B098BS93B6,2023-12-04
B098BS93B6,2024-01-01
B098BS93B6,2024-01-29
B098T2QVC4,2023-02-27
B098T2QVC4,2023-03-27
B098T2QVC4,2023-04-24
B098T2QVC4,2023-05-22
B098T2QVC4,2023-06-19
B098T2QVC4,2023-07-17
B098T2QVC4,2023-08-14
B098T2QVC4,2023-09-11
B098T2QVC4,2023-10-09
B098T2QVC4,2023-11-06
B098T2QVC4,2023-12-04
B098T2QVC4,2024-01-01
B098T2QVC4,2024-01-29
B098TZDXQ4,2023-02-27
B098TZDXQ4,2023-03-27
B098TZDXQ4,2023-04-24
B098TZDXQ4,2023-05-22
B098TZDXQ4,2023-06-19
B098TZDXQ4,2023-07-17
B098TZDXQ4,2023-08-14
B098TZDXQ4,2023-09-11
B098TZDXQ4,2023-10-09
B098TZDXQ4,2023-11-06
B098TZDXQ4,2023-12-04
B098TZDXQ4,2024-01-01
B098TZDXQ4,2024-01-29
B0991HYGC9,2023-03-27
B0991HYGC9,2023-04-24
B0991HYGC9,2023-05-22
B0991HYGC9,2023-06-19
B0991HYGC9,2023-07-17
B0991HYGC9,2023-08-14
B0991HYGC9,2023-09-11
B0991HYGC9,2023-10-09
B0991HYGC9,2023-11-06
B0991HYGC9,2023-12-04
B0991HYGC9,2024-01-01
B0991HYGC9,2024-01-29
B0991TQSGM,2023-02-27
B0991TQSGM,2023-03-27
B0991TQSGM,2023-04-24
B0991TQSGM,2023-05-22
B0991TQSGM,2023-06-19
B0991TQSGM,2023-07-17
B0991TQSGM,2023-08-14
B0991TQSGM,2023-09-11
B0991TQSGM,2023-10-09
B0991TQSGM,2023-11-06
B0991TQSGM,2023-12-04
B0991TQSGM,2024-01-01
B0991TQSGM,2024-01-29
B0992NWVTD,2023-02-27
B0992NWVTD,2023-03-27
B0992NWVTD,2023-04-24
B0992NWVTD,2023-05-22
B0992NWVTD,2023-06-19
B0992NWVTD,2023-07-17
B0992NWVTD,2023-08-14
B0992NWVTD,2023-09-11
B0992NWVTD,2023-10-09
B0992NWVTD,2023-11-06
B0992NWVTD,2023-12-04
B0992NWVTD,2024-01-01
B0992NWVTD,2024-01-29
B0993JFY6C,2023-02-27
B0993JFY6C,2023-03-27
B0993JFY6C,2023-04-24
B0993JFY6C,2023-05-22
B0993JFY6C,2023-06-19
B0993JFY6C,2023-07-17
B0993JFY6C,2023-08-14
B0993JFY6C,2023-09-11
B0993JFY6C,2023-10-09
B0993JFY6C,2023-11-06
B0993JFY6C,2023-12-04
B0993JFY6C,2024-01-01
B0993JFY6C,2024-01-29
B0995WH7T5,2023-02-27
B0995WH7T5,2023-03-27
B0995WH7T5,2023-04-24
B0995WH7T5,2023-05-22
B0995WH7T5,2023-06-19
B0995WH7T5,2023-07-17
B0995WH7T5,2023-08-14
B0995WH7T5,2023-09-11
B0995WH7T5,2023-10-09
B0995WH7T5,2023-11-06
B0995WH7T5,2023-12-04
B0995WH7T5,2024-01-01
B0995WH7T5,2024-01-29
B09989GZQN,2023-02-27
B09989GZQN,2023-03-27
B09989GZQN,2023-04-24
B09989GZQN,2023-05-22
B09989GZQN,2023-06-19
B09989GZQN,2023-07-17
B09989GZQN,2023-08-14
B09989GZQN,2023-09-11
B09989GZQN,2023-10-09
B09989GZQN,2023-11-06
B09989GZQN,2023-12-04
B09989GZQN,2024-01-01
B09989GZQN,2024-01-29
B09991N884,2023-02-27
B09991N884,2023-03-27
B09991N884,2023-04-24
B09991N884,2023-05-22
B09991N884,2023-06-19
B09991N884,2023-07-17
B09991N884,2023-08-14
B09991N884,2023-09-11
B09991N884,2023-10-09
B09991N884,2023-11-06
B09991N884,2023-12-04
B09991N884,2024-01-01
B09991N884,2024-01-29
B0999L8VT9,2023-02-27
B0999L8VT9,2023-03-27
B0999L8VT9,2023-04-24
B0999L8VT9,2023-05-22
B0999L8VT9,2023-06-19
B0999L8VT9,2023-07-17
B0999L8VT9,2023-08-14
B0999L8VT9,2023-09-11
B0999L8VT9,2023-10-09
B0999L8VT9,2023-11-06
B0999L8VT9,2023-12-04
B0999L8VT9,2024-01-01
B0999L8VT9,2024-01-29
B099BHWX7D,2023-02-27
B099BHWX7D,2023-03-27
B099BHWX7D,2023-04-24
B099BHWX7D,2023-05-22
B099BHWX7D,2023-06-19
B099BHWX7D,2023-07-17
B099BHWX7D,2023-08-14
B099BHWX7D,2023-09-11
B099BHWX7D,2023-10-09
B099BHWX7D,2023-11-06
B099BHWX7D,2023-12-04
B099BHWX7D,2024-01-01
B099BHWX7D,2024-01-29
B099F1SX12,2023-07-17
B099F1SX12,2023-08-14
B099F1SX12,2023-09-11
B099F1SX12,2023-10-09
B099F1SX12,2023-11-06
B099F1SX12,2023-12-04
B099F1SX12,2024-01-01
B099F1SX12,2024-01-29
B099F3LX5B,2023-02-27
B099F3LX5B,2023-03-27
B099F3LX5B,2023-04-24
B099F3LX5B,2023-05-22
B099F3LX5B,2023-06-19
B099F3LX5B,2023-07-17
B099F3LX5B,2023-08-14
B099F3LX5B,2023-09-11
B099F3LX5B,2023-10-09
B099F3LX5B,2023-11-06
B099F3LX5B,2023-12-04
B099F3LX5B,2024-01-01
B099F3LX5B,2024-01-29
B099FGGCKP,2023-02-27
B099FGGCKP,2023-03-27
B099FGGCKP,2023-04-24
B099FGGCKP,2023-05-22
B099FGGCKP,2023-06-19
B099FGGCKP,2023-07-17
B099FGGCKP,2023-08-14
B099FGGCKP,2023-09-11
B099FGGCKP,2023-10-09
B099FGGCKP,2023-11-06
B099FGGCKP,2023-12-04
B099FGGCKP,2024-01-01
B099FGGCKP,2024-01-29
B099KWSLZJ,2023-02-27
B099KWSLZJ,2023-03-27
B099KWSLZJ,2023-04-24
B099KWSLZJ,2023-05-22
B099KWSLZJ,2023-06-19
B099KWSLZJ,2023-07-17
B099KWSLZJ,2023-08-14
B099KWSLZJ,2023-09-11
B099KWSLZJ,2023-10-09
B099KWSLZJ,2023-11-06
B099KWSLZJ,2023-12-04
B099KWSLZJ,2024-01-01
B099KWSLZJ,2024-01-29
B099NMB8V7,2023-02-27
B099NMB8V7,2023-03-27
B099NMB8V7,2023-04-24
B099NMB8V7,2023-05-22
B099NMB8V7,2023-06-19
B099NMB8V7,2023-07-17
B099NMB8V7,2023-08-14
B099NMB8V7,2023-09-11
B099NMB8V7,2023-10-09
B099NMB8V7,2023-11-06
B099NMB8V7,2023-12-04
B099NMB8V7,2024-01-01
B099NMB8V7,2024-01-29
B099NT9C3Y,2023-02-27
B099NT9C3Y,2023-03-27
B099NT9C3Y,2023-04-24
B099NT9C3Y,2023-05-22
B099NT9C3Y,2023-06-19
B099NT9C3Y,2023-07-17
B099NT9C3Y,2023-08-14
B099NT9C3Y,2023-09-11
B099NT9C3Y,2023-10-09
B099NT9C3Y,2023-11-06
B099NT9C3Y,2023-12-04
B099NT9C3Y,2024-01-01
B099NT9C3Y,2024-01-29
B099P3JT1B,2023-02-27
B099P3JT1B,2023-03-27
B099P3JT1B,2023-04-24
B099P3JT1B,2023-05-22
B099P3JT1B,2023-06-19
B099P3JT1B,2023-07-17
B099P3JT1B,2023-08-14
B099P3JT1B,2023-09-11
B099P3JT1B,2023-10-09
B099P3JT1B,2023-11-06
B099P3JT1B,2023-12-04
B099P3JT1B,2024-01-01
B099P3JT1B,2024-01-29
B099V6YGRS,2023-02-27
B099V6YGRS,2023-03-27
B099V6YGRS,2023-04-24
B099V6YGRS,2023-05-22
B099V6YGRS,2023-06-19
B099V6YGRS,2023-07-17
B099V6YGRS,2023-08-14
B099V6YGRS,2023-09-11
B099V6YGRS,2023-10-09
B099V6YGRS,2023-11-06
B099V6YGRS,2023-12-04
B099V6YGRS,2024-01-01
B099V6YGRS,2024-01-29
B099XB85BZ,2023-02-27
B099XB85BZ,2023-03-27
B099XB85BZ,2023-04-24
B099XB85BZ,2023-05-22
B099XB85BZ,2023-06-19
B099XB85BZ,2023-07-17
B099XB85BZ,2023-08-14
B099XB85BZ,2023-09-11
B099XB85BZ,2023-10-09
B099XB85BZ,2023-11-06
B099XB85BZ,2023-12-04
B099XB85BZ,2024-01-01
B099XB85BZ,2024-01-29
B09B379V7K,2023-02-27
B09B379V7K,2023-03-27
B09B379V7K,2023-04-24
B09B379V7K,2023-05-22
B09B379V7K,2023-06-19
B09B379V7K,2023-07-17
B09B379V7K,2023-08-14
B09B379V7K,2023-09-11
B09B379V7K,2023-10-09
B09B379V7K,2023-11-06
B09B379V7K,2023-12-04
B09B379V7K,2024-01-01
B09B379V7K,2024-01-29
B09B38H21J,2023-02-27
B09B38H21J,2023-03-27
B09B38H21J,2023-04-24
B09B38H21J,2023-05-22
B09B38H21J,2023-06-19
B09B38H21J,2023-07-17
B09B38H21J,2023-08-14
B09B38H21J,2023-09-11
B09B38H21J,2023-10-09
B09B38H21J,2023-11-06
B09B38H21J,2023-12-04
B09B38H21J,2024-01-01
B09B38H21J,2024-01-29
B09B3JPKCC,2023-02-27
B09B3JPKCC,2023-03-27
B09B3JPKCC,2023-04-24
B09B3JPKCC,2023-05-22
B09B3JPKCC,2023-06-19
B09B3JPKCC,2023-07-17
B09B3JPKCC,2023-08-14
B09B3JPKCC,2023-09-11
B09B3JPKCC,2023-10-09
B09B3JPKCC,2023-11-06
B09B3JPKCC,2023-12-04
B09B3JPKCC,2024-01-01
B09B3JPKCC,2024-01-29
B09B3MGTW9,2023-02-27
B09B3MGTW9,2023-03-27
B09B3MGTW9,2023-04-24
B09B3MGTW9,2023-05-22
B09B3MGTW9,2023-06-19
B09B3MGTW9,2023-07-17
B09B3MGTW9,2023-08-14
B09B3MGTW9,2023-09-11
B09B3MGTW9,2023-10-09
B09B3MGTW9,2023-11-06
B09B3MGTW9,2023-12-04
B09B3MGTW9,2024-01-01
B09B3MGTW9,2024-01-29
B09B3N1QJB,2023-02-27
B09B3N1QJB,2023-03-27
B09B3N1QJB,2023-04-24
B09B3N1QJB,2023-05-22
B09B3N1QJB,2023-06-19
B09B3N1QJB,2023-07-17
B09B3N1QJB,2023-08-14
B09B3N1QJB,2023-09-11
B09B3N1QJB,2023-10-09
B09B3N1QJB,2023-11-06
B09B3N1QJB,2023-12-04
B09B3N1QJB,2024-01-01
B09B3N1QJB,2024-01-29
B09B4DSKXY,2023-02-27
B09B4DSKXY,2023-03-27
B09B4DSKXY,2023-04-24
B09B4DSKXY,2023-05-22
B09B4DSKXY,2023-06-19
B09B4DSKXY,2023-07-17
B09B4DSKXY,2023-08-14
B09B4DSKXY,2023-09-11
B09B4DSKXY,2023-10-09
B09B4DSKXY,2023-11-06
B09B4DSKXY,2023-12-04
B09B4DSKXY,2024-01-01
B09B4DSKXY,2024-01-29
B09B4F8RGV,2023-02-27
B09B4F8RGV,2023-03-27
B09B4F8RGV,2023-04-24
B09B4F8RGV,2023-05-22
B09B4F8RGV,2023-06-19
B09B4F8RGV,2023-07-17
B09B4F8RGV,2023-08-14
B09B4F8RGV,2023-09-11
B09B4F8RGV,2023-10-09
B09B4F8RGV,2023-11-06
B09B4F8RGV,2023-12-04
B09B4F8RGV,2024-01-01
B09B4F8RGV,2024-01-29
B09B4HXZSH,2023-02-27
B09B4HXZSH,2023-03-27
B09B4HXZSH,2023-04-24
B09B4HXZSH,2023-05-22
B09B4HXZSH,2023-06-19
B09B4HXZSH,2023-07-17
B09B4HXZSH,2023-08-14
B09B4HXZSH,2023-09-11
B09B4HXZSH,2023-10-09
B09B4HXZSH,2023-11-06
B09B4HXZSH,2023-12-04
B09B4HXZSH,2024-01-01
B09B4HXZSH,2024-01-29
B09B6ZNX2H,2023-02-27
B09B6ZNX2H,2023-03-27
B09B6ZNX2H,2023-04-24
B09B6ZNX2H,2023-05-22
B09B6ZNX2H,2023-06-19
B09B6ZNX2H,2023-07-17
B09B6ZNX2H,2023-08-14
B09B6ZNX2H,2023-09-11
B09B6ZNX2H,2023-10-09
B09B6ZNX2H,2023-11-06
B09B6ZNX2H,2023-12-04
B09B6ZNX2H,2024-01-01
B09B6ZNX2H,2024-01-29
B09B7K8Y7Q,2023-02-27
B09B7K8Y7Q,2023-03-27
B09B7K8Y7Q,2023-04-24
B09B7K8Y7Q,2023-05-22
B09B7K8Y7Q,2023-06-19
B09B7K8Y7Q,2023-07-17
B09B7K8Y7Q,2023-08-14
B09B7K8Y7Q,2023-09-11
B09B7K8Y7Q,2023-10-09
B09B7K8Y7Q,2023-11-06
B09B7K8Y7Q,2023-12-04
B09B7K8Y7Q,2024-01-01
B09B7K8Y7Q,2024-01-29
B09B7WYCBV,2023-02-27
B09B7WYCBV,2023-03-27
B09B7WYCBV,2023-04-24
B09B7WYCBV,2023-05-22
B09B7WYCBV,2023-06-19
B09B7WYCBV,2023-07-17
B09B7WYCBV,2023-08-14
B09B7WYCBV,2023-09-11
B09B7WYCBV,2023-10-09
B09B7WYCBV,2023-11-06
B09B7WYCBV,2023-12-04
B09B7WYCBV,2024-01-01
B09B7WYCBV,2024-01-29
B09B8V6692,2023-05-22
B09B8V6692,2023-06-19
B09B8V6692,2023-07-17
B09B8V6692,2023-08-14
B09B8V6692,2023-09-11
B09B8V6692,2023-10-09
B09B8V6692,2023-11-06
B09B8V6692,2023-12-04
B09B8V6692,2024-01-01
B09B8V6692,2024-01-29
B09BDCP3QJ,2023-02-27
B09BDCP3QJ,2023-03-27
B09BDCP3QJ,2023-04-24
B09BDCP3QJ,2023-05-22
B09BDCP3QJ,2023-06-19
B09BDCP3QJ,2023-07-17
B09BDCP3QJ,2023-08-14
B09BDCP3QJ,2023-09-11
B09BDCP3QJ,2023-10-09
B09BDCP3QJ,2023-11-06
B09BDCP3QJ,2023-12-04
B09BDCP3QJ,2024-01-01
B09BDCP3QJ,2024-01-29
B09BFWN5JK,2023-02-27
B09BFWN5JK,2023-03-27
B09BFWN5JK,2023-04-24
B09BFWN5JK,2023-05-22
B09BFWN5JK,2023-06-19
B09BFWN5JK,2023-07-17
B09BFWN5JK,2023-08-14
B09BFWN5JK,2023-09-11
B09BFWN5JK,2023-10-09
B09BFWN5JK,2023-11-06
B09BFWN5JK,2023-12-04
B09BFWN5JK,2024-01-01
B09BFWN5JK,2024-01-29
B09BFY2J8B,2023-02-27
B09BFY2J8B,2023-03-27
B09BFY2J8B,2023-04-24
B09BFY2J8B,2023-05-22
B09BFY2J8B,2023-06-19
B09BFY2J8B,2023-07-17
B09BFY2J8B,2023-08-14
B09BFY2J8B,2023-09-11
B09BFY2J8B,2023-10-09
B09BFY2J8B,2023-11-06
B09BFY2J8B,2023-12-04
B09BFY2J8B,2024-01-01
B09BFY2J8B,2024-01-29
B09BFY3YCN,2023-02-27
B09BFY3YCN,2023-03-27
B09BFY3YCN,2023-04-24
B09BFY3YCN,2023-05-22
B09BFY3YCN,2023-06-19
B09BFY3YCN,2023-07-17
B09BFY3YCN,2023-08-14
B09BFY3YCN,2023-09-11
B09BFY3YCN,2023-10-09
B09BFY3YCN,2023-11-06
B09BFY3YCN,2023-12-04
B09BFY3YCN,2024-01-01
B09BFY3YCN,2024-01-29
B09BFZ6QSM,2023-02-27
B09BFZ6QSM,2023-03-27
B09BFZ6QSM,2023-04-24
B09BFZ6QSM,2023-05-22
B09BFZ6QSM,2023-06-19
B09BFZ6QSM,2023-07-17
B09BFZ6QSM,2023-08-14
B09BFZ6QSM,2023-09-11
B09BFZ6QSM,2023-10-09
B09BFZ6QSM,2023-11-06
B09BFZ6QSM,2023-12-04
B09BFZ6QSM,2024-01-01
B09BFZ6QSM,2024-01-29
B09BJKVXCX,2023-02-27
B09BJKVXCX,2023-03-27
B09BJKVXCX,2023-04-24
B09BJKVXCX,2023-05-22
B09BJKVXCX,2023-06-19
B09BJKVXCX,2023-07-17
B09BJKVXCX,2023-08-14
B09BJKVXCX,2023-09-11
B09BJKVXCX,2023-10-09
B09BJKVXCX,2023-11-06
B09BJKVXCX,2023-12-04
B09BJKVXCX,2024-01-01
B09BJKVXCX,2024-01-29
B09BQJQRGF,2023-02-27
B09BQJQRGF,2023-03-27
B09BQJQRGF,2023-04-24
B09BQJQRGF,2023-05-22
B09BQJQRGF,2023-06-19
B09BQJQRGF,2023-07-17
B09BQJQRGF,2023-08-14
B09BQJQRGF,2023-09-11
B09BQJQRGF,2023-10-09
B09BQJQRGF,2023-11-06
B09BQJQRGF,2023-12-04
B09BQJQRGF,2024-01-01
B09BQJQRGF,2024-01-29
B09BSY5HRP,2023-02-27
B09BSY5HRP,2023-03-27
B09BSY5HRP,2023-04-24
B09BSY5HRP,2023-05-22
B09BSY5HRP,2023-06-19
B09BSY5HRP,2023-07-17
B09BSY5HRP,2023-08-14
B09BSY5HRP,2023-09-11
B09BSY5HRP,2023-10-09
B09BSY5HRP,2023-11-06
B09BSY5HRP,2023-12-04
B09BSY5HRP,2024-01-01
B09BSY5HRP,2024-01-29
B09BT2Y7P3,2023-10-09
B09BT2Y7P3,2023-11-06
B09BT2Y7P3,2023-12-04
B09BT2Y7P3,2024-01-01
B09BT2Y7P3,2024-01-29
B09BTVPBKC,2023-02-27
B09BTVPBKC,2023-03-27
B09BTVPBKC,2023-04-24
B09BTVPBKC,2023-05-22
B09BTVPBKC,2023-06-19
B09BTVPBKC,2023-07-17
B09BTVPBKC,2023-08-14
B09BTVPBKC,2023-09-11
B09BTVPBKC,2023-10-09
B09BTVPBKC,2023-11-06
B09BTVPBKC,2023-12-04
B09BTVPBKC,2024-01-01
B09BTVPBKC,2024-01-29
B09BVQBJ3Q,2023-02-27
B09BVQBJ3Q,2023-03-27
B09BVQBJ3Q,2023-04-24
B09BVQBJ3Q,2023-05-22
B09BVQBJ3Q,2023-06-19
B09BVQBJ3Q,2023-07-17
B09BVQBJ3Q,2023-08-14
B09BVQBJ3Q,2023-09-11
B09BVQBJ3Q,2023-10-09
B09BVQBJ3Q,2023-11-06
B09BVQBJ3Q,2023-12-04
B09BVQBJ3Q,2024-01-01
B09BVQBJ3Q,2024-01-29
B09BW2CWJC,2023-02-27
B09BW2CWJC,2023-03-27
B09BW2CWJC,2023-04-24
B09BW2CWJC,2023-05-22
B09BW2CWJC,2023-06-19
B09BW2CWJC,2023-07-17
B09BW2CWJC,2023-08-14
B09BW2CWJC,2023-09-11
B09BW2CWJC,2023-10-09
B09BW2CWJC,2023-11-06
B09BW2CWJC,2023-12-04
B09BW2CWJC,2024-01-01
B09BW2CWJC,2024-01-29
B09BW2XYMR,2023-02-27
B09BW2XYMR,2023-03-27
B09BW2XYMR,2023-04-24
B09BW2XYMR,2023-05-22
B09BW2XYMR,2023-06-19
B09BW2XYMR,2023-07-17
B09BW2XYMR,2023-08-14
B09BW2XYMR,2023-09-11
B09BW2XYMR,2023-10-09
B09BW2XYMR,2023-11-06
B09BW2XYMR,2023-12-04
B09BW2XYMR,2024-01-01
B09BW2XYMR,2024-01-29
B09BW39PMY,2023-02-27
B09BW39PMY,2023-03-27
B09BW39PMY,2023-04-24
B09BW39PMY,2023-05-22
B09BW39PMY,2023-06-19
B09BW39PMY,2023-07-17
B09BW39PMY,2023-08-14
B09BW39PMY,2023-09-11
B09BW39PMY,2023-10-09
B09BW39PMY,2023-11-06
B09BW39PMY,2023-12-04
B09BW39PMY,2024-01-01
B09BW39PMY,2024-01-29
B09BW3NWFC,2023-02-27
B09BW3NWFC,2023-03-27
B09BW3NWFC,2023-04-24
B09BW3NWFC,2023-05-22
B09BW3NWFC,2023-06-19
B09BW3NWFC,2023-07-17
B09BW3NWFC,2023-08-14
B09BW3NWFC,2023-09-11
B09BW3NWFC,2023-10-09
B09BW3NWFC,2023-11-06
B09BW3NWFC,2023-12-04
B09BW3NWFC,2024-01-01
B09BW3NWFC,2024-01-29
B09BW4495Q,2023-02-27
B09BW4495Q,2023-03-27
B09BW4495Q,2023-04-24
B09BW4495Q,2023-05-22
B09BW4495Q,2023-06-19
B09BW4495Q,2023-07-17
B09BW4495Q,2023-08-14
B09BW4495Q,2023-09-11
B09BW4495Q,2023-10-09
B09BW4495Q,2023-11-06
B09BW4495Q,2023-12-04
B09BW4495Q,2024-01-01
B09BW4495Q,2024-01-29
B09BW4MBNT,2023-02-27
B09BW4MBNT,2023-03-27
B09BW4MBNT,2023-04-24
B09BW4MBNT,2023-05-22
B09BW4MBNT,2023-06-19
B09BW4MBNT,2023-07-17
B09BW4MBNT,2023-08-14
B09BW4MBNT,2023-09-11
B09BW4MBNT,2023-10-09
B09BW4MBNT,2023-11-06
B09BW4MBNT,2023-12-04
B09BW4MBNT,2024-01-01
B09BW4MBNT,2024-01-29
B09BW4QYYP,2023-02-27
B09BW4QYYP,2023-03-27
B09BW4QYYP,2023-04-24
B09BW4QYYP,2023-05-22
B09BW4QYYP,2023-06-19
B09BW4QYYP,2023-07-17
B09BW4QYYP,2023-08-14
B09BW4QYYP,2023-09-11
B09BW4QYYP,2023-10-09
B09BW4QYYP,2023-11-06
B09BW4QYYP,2023-12-04
B09BW4QYYP,2024-01-01
B09BW4QYYP,2024-01-29
B09BW4XD66,2023-02-27
B09BW4XD66,2023-03-27
B09BW4XD66,2023-04-24
B09BW4XD66,2023-05-22
B09BW4XD66,2023-06-19
B09BW4XD66,2023-07-17
B09BW4XD66,2023-08-14
B09BW4XD66,2023-09-11
B09BW4XD66,2023-10-09
B09BW4XD66,2023-11-06
B09BW4XD66,2023-12-04
B09BW4XD66,2024-01-01
B09BW4XD66,2024-01-29
B09BZF7YVM,2023-02-27
B09BZF7YVM,2023-03-27
B09BZF7YVM,2023-04-24
B09BZF7YVM,2023-05-22
B09BZF7YVM,2023-06-19
B09BZF7YVM,2023-07-17
B09BZF7YVM,2023-08-14
B09BZF7YVM,2023-09-11
B09BZF7YVM,2023-10-09
B09BZF7YVM,2023-11-06
B09BZF7YVM,2023-12-04
B09BZF7YVM,2024-01-01
B09BZF7YVM,2024-01-29
B09BZZKQNL,2023-02-27
B09BZZKQNL,2023-03-27
B09BZZKQNL,2023-04-24
B09BZZKQNL,2023-05-22
B09BZZKQNL,2023-06-19
B09BZZKQNL,2023-07-17
B09BZZKQNL,2023-08-14
B09BZZKQNL,2023-09-11
B09BZZKQNL,2023-10-09
B09BZZKQNL,2023-11-06
B09BZZKQNL,2023-12-04
B09BZZKQNL,2024-01-01
B09BZZKQNL,2024-01-29
B09C11H4MF,2023-02-27
B09C11H4MF,2023-03-27
B09C11H4MF,2023-04-24
B09C11H4MF,2023-05-22
B09C11H4MF,2023-06-19
B09C11H4MF,2023-07-17
B09C11H4MF,2023-08-14
B09C11H4MF,2023-09-11
B09C11H4MF,2023-10-09
B09C11H4MF,2023-11-06
B09C11H4MF,2023-12-04
B09C11H4MF,2024-01-01
B09C11H4MF,2024-01-29
B09C11KPSL,2023-02-27
B09C11KPSL,2023-03-27
B09C11KPSL,2023-04-24
B09C11KPSL,2023-05-22
B09C11KPSL,2023-06-19
B09C11KPSL,2023-07-17
B09C11KPSL,2023-08-14
B09C11KPSL,2023-09-11
B09C11KPSL,2023-10-09
B09C11KPSL,2023-11-06
B09C11KPSL,2023-12-04
B09C11KPSL,2024-01-01
B09C11KPSL,2024-01-29
B09C11M3CF,2023-02-27
B09C11M3CF,2023-03-27
B09C11M3CF,2023-04-24
B09C11M3CF,2023-05-22
B09C11M3CF,2023-06-19
B09C11M3CF,2023-07-17
B09C11M3CF,2023-08-14
B09C11M3CF,2023-09-11
B09C11M3CF,2023-10-09
B09C11M3CF,2023-11-06
B09C11M3CF,2023-12-04
B09C11M3CF,2024-01-01
B09C11M3CF,2024-01-29
B09C11MXCZ,2023-02-27
B09C11MXCZ,2023-03-27
B09C11MXCZ,2023-04-24
B09C11MXCZ,2023-05-22
B09C11MXCZ,2023-06-19
B09C11MXCZ,2023-07-17
B09C11MXCZ,2023-08-14
B09C11MXCZ,2023-09-11
B09C11MXCZ,2023-10-09
B09C11MXCZ,2023-11-06
B09C11MXCZ,2023-12-04
B09C11MXCZ,2024-01-01
B09C11MXCZ,2024-01-29
B09C11ZGHX,2023-02-27
B09C11ZGHX,2023-03-27
B09C11ZGHX,2023-04-24
B09C11ZGHX,2023-05-22
B09C11ZGHX,2023-06-19
B09C11ZGHX,2023-07-17
B09C11ZGHX,2023-08-14
B09C11ZGHX,2023-09-11
B09C11ZGHX,2023-10-09
B09C11ZGHX,2023-11-06
B09C11ZGHX,2023-12-04
B09C11ZGHX,2024-01-01
B09C11ZGHX,2024-01-29
B09C12465C,2023-02-27
B09C12465C,2023-03-27
B09C12465C,2023-04-24
B09C12465C,2023-05-22
B09C12465C,2023-06-19
B09C12465C,2023-07-17
B09C12465C,2023-08-14
B09C12465C,2023-09-11
B09C12465C,2023-10-09
B09C12465C,2023-11-06
B09C12465C,2023-12-04
B09C12465C,2024-01-01
B09C12465C,2024-01-29
B09C12FWZR,2023-02-27
B09C12FWZR,2023-03-27
B09C12FWZR,2023-04-24
B09C12FWZR,2023-05-22
B09C12FWZR,2023-06-19
B09C12FWZR,2023-07-17
B09C12FWZR,2023-08-14
B09C12FWZR,2023-09-11
B09C12FWZR,2023-10-09
B09C12FWZR,2023-11-06
B09C12FWZR,2023-12-04
B09C12FWZR,2024-01-01
B09C12FWZR,2024-01-29
B09C12XCYL,2023-02-27
B09C12XCYL,2023-03-27
B09C12XCYL,2023-04-24
B09C12XCYL,2023-05-22
B09C12XCYL,2023-06-19
B09C12XCYL,2023-07-17
B09C12XCYL,2023-08-14
B09C12XCYL,2023-09-11
B09C12XCYL,2023-10-09
B09C12XCYL,2023-11-06
B09C12XCYL,2023-12-04
B09C12XCYL,2024-01-01
B09C12XCYL,2024-01-29
B09C131YGS,2023-02-27
B09C131YGS,2023-03-27
B09C131YGS,2023-04-24
B09C131YGS,2023-05-22
B09C131YGS,2023-06-19
B09C131YGS,2023-07-17
B09C131YGS,2023-08-14
B09C131YGS,2023-09-11
B09C131YGS,2023-10-09
B09C131YGS,2023-11-06
B09C131YGS,2023-12-04
B09C131YGS,2024-01-01
B09C131YGS,2024-01-29
B09C134QSV,2023-02-27
B09C134QSV,2023-03-27
B09C134QSV,2023-04-24
B09C134QSV,2023-05-22
B09C134QSV,2023-06-19
B09C134QSV,2023-07-17
B09C134QSV,2023-08-14
B09C134QSV,2023-09-11
B09C134QSV,2023-10-09
B09C134QSV,2023-11-06
B09C134QSV,2023-12-04
B09C134QSV,2024-01-01
B09C134QSV,2024-01-29
B09C135JMZ,2023-02-27
B09C135JMZ,2023-03-27
B09C135JMZ,2023-04-24
B09C135JMZ,2023-05-22
B09C135JMZ,2023-06-19
B09C135JMZ,2023-07-17
B09C135JMZ,2023-08-14
B09C135JMZ,2023-09-11
B09C135JMZ,2023-10-09
B09C135JMZ,2023-11-06
B09C135JMZ,2023-12-04
B09C135JMZ,2024-01-01
B09C135JMZ,2024-01-29
B09C13LBKC,2023-02-27
B09C13LBKC,2023-03-27
B09C13LBKC,2023-04-24
B09C13LBKC,2023-05-22
B09C13LBKC,2023-06-19
B09C13LBKC,2023-07-17
B09C13LBKC,2023-08-14
B09C13LBKC,2023-09-11
B09C13LBKC,2023-10-09
B09C13LBKC,2023-11-06
B09C13LBKC,2023-12-04
B09C13LBKC,2024-01-01
B09C13LBKC,2024-01-29
B09C141CG5,2023-02-27
B09C141CG5,2023-03-27
B09C141CG5,2023-04-24
B09C141CG5,2023-05-22
B09C141CG5,2023-06-19
B09C141CG5,2023-07-17
B09C141CG5,2023-08-14
B09C141CG5,2023-09-11
B09C141CG5,2023-10-09
B09C141CG5,2023-11-06
B09C141CG5,2023-12-04
B09C141CG5,2024-01-01
B09C141CG5,2024-01-29
B09C355C5G,2023-02-27
B09C355C5G,2023-03-27
B09C355C5G,2023-04-24
B09C355C5G,2023-05-22
B09C355C5G,2023-06-19
B09C355C5G,2023-07-17
B09C355C5G,2023-08-14
B09C355C5G,2023-09-11
B09C355C5G,2023-10-09
B09C355C5G,2023-11-06
B09C355C5G,2023-12-04
B09C355C5G,2024-01-01
B09C355C5G,2024-01-29
B09C3WCG2N,2023-02-27
B09C3WCG2N,2023-03-27
B09C3WCG2N,2023-04-24
B09C3WCG2N,2023-05-22
B09C3WCG2N,2023-06-19
B09C3WCG2N,2023-07-17
B09C3WCG2N,2023-08-14
B09C3WCG2N,2023-09-11
B09C3WCG2N,2023-10-09
B09C3WCG2N,2023-11-06
B09C3WCG2N,2023-12-04
B09C3WCG2N,2024-01-01
B09C3WCG2N,2024-01-29
B09C8JTHPZ,2023-02-27
B09C8JTHPZ,2023-03-27
B09C8JTHPZ,2023-04-24
B09C8JTHPZ,2023-05-22
B09C8JTHPZ,2023-06-19
B09C8JTHPZ,2023-07-17
B09C8JTHPZ,2023-08-14
B09C8JTHPZ,2023-09-11
B09C8JTHPZ,2023-10-09
B09C8JTHPZ,2023-11-06
B09C8JTHPZ,2023-12-04
B09C8JTHPZ,2024-01-01
B09C8JTHPZ,2024-01-29
B09C9R6GHV,2023-02-27
B09C9R6GHV,2023-03-27
B09C9R6GHV,2023-04-24
B09C9R6GHV,2023-05-22
B09C9R6GHV,2023-06-19
B09C9R6GHV,2023-07-17
B09C9R6GHV,2023-08-14
B09C9R6GHV,2023-09-11
B09C9R6GHV,2023-10-09
B09C9R6GHV,2023-11-06
B09C9R6GHV,2023-12-04
B09C9R6GHV,2024-01-01
B09C9R6GHV,2024-01-29
B09CB1F9DN,2023-02-27
B09CB1F9DN,2023-03-27
B09CB1F9DN,2023-04-24
B09CB1F9DN,2023-05-22
B09CB1F9DN,2023-06-19
B09CB1F9DN,2023-07-17
B09CB1F9DN,2023-08-14
B09CB1F9DN,2023-09-11
B09CB1F9DN,2023-10-09
B09CB1F9DN,2023-11-06
B09CB1F9DN,2023-12-04
B09CB1F9DN,2024-01-01
B09CB1F9DN,2024-01-29
B09CFKW944,2023-02-27
B09CFKW944,2023-03-27
B09CFKW944,2023-04-24
B09CFKW944,2023-05-22
B09CFKW944,2023-06-19
B09CFKW944,2023-07-17
B09CFKW944,2023-08-14
B09CFKW944,2023-09-11
B09CFKW944,2023-10-09
B09CFKW944,2023-11-06
B09CFKW944,2023-12-04
B09CFKW944,2024-01-01
B09CFKW944,2024-01-29
B09CFP81PP,2023-02-27
B09CFP81PP,2023-03-27
B09CFP81PP,2023-04-24
B09CFP81PP,2023-05-22
B09CFP81PP,2023-06-19
B09CFP81PP,2023-07-17
B09CFP81PP,2023-08-14
B09CFP81PP,2023-09-11
B09CFP81PP,2023-10-09
B09CFP81PP,2023-11-06
B09CFP81PP,2023-12-04
B09CFP81PP,2024-01-01
B09CFP81PP,2024-01-29
B09CFPBXP1,2023-02-27
B09CFPBXP1,2023-03-27
B09CFPBXP1,2023-04-24
B09CFPBXP1,2023-05-22
B09CFPBXP1,2023-06-19
B09CFPBXP1,2023-07-17
B09CFPBXP1,2023-08-14
B09CFPBXP1,2023-09-11
B09CFPBXP1,2023-10-09
B09CFPBXP1,2023-11-06
B09CFPBXP1,2023-12-04
B09CFPBXP1,2024-01-01
B09CFPBXP1,2024-01-29
B09CFRJYDR,2023-02-27
B09CFRJYDR,2023-03-27
B09CFRJYDR,2023-04-24
B09CFRJYDR,2023-05-22
B09CFRJYDR,2023-06-19
B09CFRJYDR,2023-07-17
B09CFRJYDR,2023-08-14
B09CFRJYDR,2023-09-11
B09CFRJYDR,2023-10-09
B09CFRJYDR,2023-11-06
B09CFRJYDR,2023-12-04
B09CFRJYDR,2024-01-01
B09CFRJYDR,2024-01-29
B09CFRMC8P,2024-01-01
B09CFRMC8P,2024-01-29
B09CFSSJ3K,2023-02-27
B09CFSSJ3K,2023-03-27
B09CFSSJ3K,2023-04-24
B09CFSSJ3K,2023-05-22
B09CFSSJ3K,2023-06-19
B09CFSSJ3K,2023-07-17
B09CFSSJ3K,2023-08-14
B09CFSSJ3K,2023-09-11
B09CFSSJ3K,2023-10-09
B09CFSSJ3K,2023-11-06
B09CFSSJ3K,2023-12-04
B09CFSSJ3K,2024-01-01
B09CFSSJ3K,2024-01-29
B09CFTPDQL,2023-02-27
B09CFTPDQL,2023-03-27
B09CFTPDQL,2023-04-24
B09CFTPDQL,2023-05-22
B09CFTPDQL,2023-06-19
B09CFTPDQL,2023-07-17
B09CFTPDQL,2023-08-14
B09CFTPDQL,2023-09-11
B09CFTPDQL,2023-10-09
B09CFTPDQL,2023-11-06
B09CFTPDQL,2023-12-04
B09CFTPDQL,2024-01-01
B09CFTPDQL,2024-01-29
B09CFWDRK2,2023-02-27
B09CFWDRK2,2023-03-27
B09CFWDRK2,2023-04-24
B09CFWDRK2,2023-05-22
B09CFWDRK2,2023-06-19
B09CFWDRK2,2023-07-17
B09CFWDRK2,2023-08-14
B09CFWDRK2,2023-09-11
B09CFWDRK2,2023-10-09
B09CFWDRK2,2023-11-06
B09CFWDRK2,2023-12-04
B09CFWDRK2,2024-01-01
B09CFWDRK2,2024-01-29
B09CFXT16V,2023-02-27
B09CFXT16V,2023-03-27
B09CFXT16V,2023-04-24
B09CFXT16V,2023-05-22
B09CFXT16V,2023-06-19
B09CFXT16V,2023-07-17
B09CFXT16V,2023-08-14
B09CFXT16V,2023-09-11
B09CFXT16V,2023-10-09
B09CFXT16V,2023-11-06
B09CFXT16V,2023-12-04
B09CFXT16V,2024-01-01
B09CFXT16V,2024-01-29
B09CFYHWMW,2023-02-27
B09CFYHWMW,2023-03-27
B09CFYHWMW,2023-04-24
B09CFYHWMW,2023-05-22
B09CFYHWMW,2023-06-19
B09CFYHWMW,2023-07-17
B09CFYHWMW,2023-08-14
B09CFYHWMW,2023-09-11
B09CFYHWMW,2023-10-09
B09CFYHWMW,2023-11-06
B09CFYHWMW,2023-12-04
B09CFYHWMW,2024-01-01
B09CFYHWMW,2024-01-29
B09CFYJBDD,2023-02-27
B09CFYJBDD,2023-03-27
B09CFYJBDD,2023-04-24
B09CFYJBDD,2023-05-22
B09CFYJBDD,2023-06-19
B09CFYJBDD,2023-07-17
B09CFYJBDD,2023-08-14
B09CFYJBDD,2023-09-11
B09CFYJBDD,2023-10-09
B09CFYJBDD,2023-11-06
B09CFYJBDD,2023-12-04
B09CFYJBDD,2024-01-01
B09CFYJBDD,2024-01-29
B09CFYKBGM,2023-02-27
B09CFYKBGM,2023-03-27
B09CFYKBGM,2023-04-24
B09CFYKBGM,2023-05-22
B09CFYKBGM,2023-06-19
B09CFYKBGM,2023-07-17
B09CFYKBGM,2023-08-14
B09CFYKBGM,2023-09-11
B09CFYKBGM,2023-10-09
B09CFYKBGM,2023-11-06
B09CFYKBGM,2023-12-04
B09CFYKBGM,2024-01-01
B09CFYKBGM,2024-01-29
B09CFYYYL2,2023-02-27
B09CFYYYL2,2023-03-27
B09CFYYYL2,2023-04-24
B09CFYYYL2,2023-05-22
B09CFYYYL2,2023-06-19
B09CFYYYL2,2023-07-17
B09CFYYYL2,2023-08-14
B09CFYYYL2,2023-09-11
B09CFYYYL2,2023-10-09
B09CFYYYL2,2023-11-06
B09CFYYYL2,2023-12-04
B09CFYYYL2,2024-01-01
B09CFYYYL2,2024-01-29
B09CG2L5L2,2023-02-27
B09CG2L5L2,2023-03-27
B09CG2L5L2,2023-04-24
B09CG2L5L2,2023-05-22
B09CG2L5L2,2023-06-19
B09CG2L5L2,2023-07-17
B09CG2L5L2,2023-08-14
B09CG2L5L2,2023-09-11
B09CG2L5L2,2023-10-09
B09CG2L5L2,2023-11-06
B09CG2L5L2,2023-12-04
B09CG2L5L2,2024-01-01
B09CG2L5L2,2024-01-29
B09CG5GMV2,2023-02-27
B09CG5GMV2,2023-03-27
B09CG5GMV2,2023-04-24
B09CG5GMV2,2023-05-22
B09CG5GMV2,2023-06-19
B09CG5GMV2,2023-07-17
B09CG5GMV2,2023-08-14
B09CG5GMV2,2023-09-11
B09CG5GMV2,2023-10-09
B09CG5GMV2,2023-11-06
B09CG5GMV2,2023-12-04
B09CG5GMV2,2024-01-01
B09CG5GMV2,2024-01-29
B09CG78BF3,2023-02-27
B09CG78BF3,2023-03-27
B09CG78BF3,2023-04-24
B09CG78BF3,2023-05-22
B09CG78BF3,2023-06-19
B09CG78BF3,2023-07-17
B09CG78BF3,2023-08-14
B09CG78BF3,2023-09-11
B09CG78BF3,2023-10-09
B09CG78BF3,2023-11-06
B09CG78BF3,2023-12-04
B09CG78BF3,2024-01-01
B09CG78BF3,2024-01-29
B09CG7L7ST,2023-02-27
B09CG7L7ST,2023-03-27
B09CG7L7ST,2023-04-24
B09CG7L7ST,2023-05-22
B09CG7L7ST,2023-06-19
B09CG7L7ST,2023-07-17
B09CG7L7ST,2023-08-14
B09CG7L7ST,2023-09-11
B09CG7L7ST,2023-10-09
B09CG7L7ST,2023-11-06
B09CG7L7ST,2023-12-04
B09CG7L7ST,2024-01-01
B09CG7L7ST,2024-01-29
B09CG8MW7C,2023-02-27
B09CG8MW7C,2023-03-27
B09CG8MW7C,2023-04-24
B09CG8MW7C,2023-05-22
B09CG8MW7C,2023-06-19
B09CG8MW7C,2023-07-17
B09CG8MW7C,2023-08-14
B09CG8MW7C,2023-09-11
B09CG8MW7C,2023-10-09
B09CG8MW7C,2023-11-06
B09CG8MW7C,2023-12-04
B09CG8MW7C,2024-01-01
B09CG8MW7C,2024-01-29
B09CGB41Y4,2023-02-27
B09CGB41Y4,2023-03-27
B09CGB41Y4,2023-04-24
B09CGB41Y4,2023-05-22
B09CGB41Y4,2023-06-19
B09CGB41Y4,2023-07-17
B09CGB41Y4,2023-08-14
B09CGB41Y4,2023-09-11
B09CGB41Y4,2023-10-09
B09CGB41Y4,2023-11-06
B09CGB41Y4,2023-12-04
B09CGB41Y4,2024-01-01
B09CGB41Y4,2024-01-29
B09CGCBJHJ,2023-02-27
B09CGCBJHJ,2023-03-27
B09CGCBJHJ,2023-04-24
B09CGCBJHJ,2023-05-22
B09CGCBJHJ,2023-06-19
B09CGCBJHJ,2023-07-17
B09CGCBJHJ,2023-08-14
B09CGCBJHJ,2023-09-11
B09CGCBJHJ,2023-10-09
B09CGCBJHJ,2023-11-06
B09CGCBJHJ,2023-12-04
B09CGCBJHJ,2024-01-01
B09CGCBJHJ,2024-01-29
B09CGCBVJZ,2023-02-27
B09CGCBVJZ,2023-03-27
B09CGCBVJZ,2023-04-24
B09CGCBVJZ,2023-05-22
B09CGCBVJZ,2023-06-19
B09CGCBVJZ,2023-07-17
B09CGCBVJZ,2023-08-14
B09CGCBVJZ,2023-09-11
B09CGCBVJZ,2023-10-09
B09CGCBVJZ,2023-11-06
B09CGCBVJZ,2023-12-04
B09CGCBVJZ,2024-01-01
B09CGCBVJZ,2024-01-29
B09CGCR4MX,2023-02-27
B09CGCR4MX,2023-03-27
B09CGCR4MX,2023-04-24
B09CGCR4MX,2023-05-22
B09CGCR4MX,2023-06-19
B09CGCR4MX,2023-07-17
B09CGCR4MX,2023-08-14
B09CGCR4MX,2023-09-11
B09CGCR4MX,2023-10-09
B09CGCR4MX,2023-11-06
B09CGCR4MX,2023-12-04
B09CGCR4MX,2024-01-01
B09CGCR4MX,2024-01-29
B09CHDVR17,2023-02-27
B09CHDVR17,2023-03-27
B09CHDVR17,2023-04-24
B09CHDVR17,2023-05-22
B09CHDVR17,2023-06-19
B09CHDVR17,2023-07-17
B09CHDVR17,2023-08-14
B09CHDVR17,2023-09-11
B09CHDVR17,2023-10-09
B09CHDVR17,2023-11-06
B09CHDVR17,2023-12-04
B09CHDVR17,2024-01-01
B09CHDVR17,2024-01-29
B09CHL24TC,2023-02-27
B09CHL24TC,2023-03-27
B09CHL24TC,2023-04-24
B09CHL24TC,2023-05-22
B09CHL24TC,2023-06-19
B09CHL24TC,2023-07-17
B09CHL24TC,2023-08-14
B09CHL24TC,2023-09-11
B09CHL24TC,2023-10-09
B09CHL24TC,2023-11-06
B09CHL24TC,2023-12-04
B09CHL24TC,2024-01-01
B09CHL24TC,2024-01-29
B09CLNW77D,2023-02-27
B09CLNW77D,2023-03-27
B09CLNW77D,2023-04-24
B09CLNW77D,2023-05-22
B09CLNW77D,2023-06-19
B09CLNW77D,2023-07-17
B09CLNW77D,2023-08-14
B09CLNW77D,2023-09-11
B09CLNW77D,2023-10-09
B09CLNW77D,2023-11-06
B09CLNW77D,2023-12-04
B09CLNW77D,2024-01-01
B09CLNW77D,2024-01-29
B09CPKWL76,2023-02-27
B09CPKWL76,2023-03-27
B09CPKWL76,2023-04-24
B09CPKWL76,2023-05-22
B09CPKWL76,2023-06-19
B09CPKWL76,2023-07-17
B09CPKWL76,2023-08-14
B09CPKWL76,2023-09-11
B09CPKWL76,2023-10-09
B09CPKWL76,2023-11-06
B09CPKWL76,2023-12-04
B09CPKWL76,2024-01-01
B09CPKWL76,2024-01-29
B09CQ3GC5Y,2023-02-27
B09CQ3GC5Y,2023-03-27
B09CQ3GC5Y,2023-04-24
B09CQ3GC5Y,2023-05-22
B09CQ3GC5Y,2023-06-19
B09CQ3GC5Y,2023-07-17
B09CQ3GC5Y,2023-08-14
B09CQ3GC5Y,2023-09-11
B09CQ3GC5Y,2023-10-09
B09CQ3GC5Y,2023-11-06
B09CQ3GC5Y,2023-12-04
B09CQ3GC5Y,2024-01-01
B09CQ3GC5Y,2024-01-29
B09CQBZ7R7,2023-02-27
B09CQBZ7R7,2023-03-27
B09CQBZ7R7,2023-04-24
B09CQBZ7R7,2023-05-22
B09CQBZ7R7,2023-06-19
B09CQBZ7R7,2023-07-17
B09CQBZ7R7,2023-08-14
B09CQBZ7R7,2023-09-11
B09CQBZ7R7,2023-10-09
B09CQBZ7R7,2023-11-06
B09CQBZ7R7,2023-12-04
B09CQBZ7R7,2024-01-01
B09CQBZ7R7,2024-01-29
B09D1ZRK4Z,2023-02-27
B09D1ZRK4Z,2023-03-27
B09D1ZRK4Z,2023-04-24
B09D1ZRK4Z,2023-05-22
B09D1ZRK4Z,2023-06-19
B09D1ZRK4Z,2023-07-17
B09D1ZRK4Z,2023-08-14
B09D1ZRK4Z,2023-09-11
B09D1ZRK4Z,2023-10-09
B09D1ZRK4Z,2023-11-06
B09D1ZRK4Z,2023-12-04
B09D1ZRK4Z,2024-01-01
B09D1ZRK4Z,2024-01-29
B09D3876JB,2023-02-27
B09D3876JB,2023-03-27
B09D3876JB,2023-04-24
B09D3876JB,2023-05-22
B09D3876JB,2023-06-19
B09D3876JB,2023-07-17
B09D3876JB,2023-08-14
B09D3876JB,2023-09-11
B09D3876JB,2023-10-09
B09D3876JB,2023-11-06
B09D3876JB,2023-12-04
B09D3876JB,2024-01-01
B09D3876JB,2024-01-29
B09D7V7P46,2023-02-27
B09D7V7P46,2023-03-27
B09D7V7P46,2023-04-24
B09D7V7P46,2023-05-22
B09D7V7P46,2023-06-19
B09D7V7P46,2023-07-17
B09D7V7P46,2023-08-14
B09D7V7P46,2023-09-11
B09D7V7P46,2023-10-09
B09D7V7P46,2023-11-06
B09D7V7P46,2023-12-04
B09D7V7P46,2024-01-01
B09D7V7P46,2024-01-29
B09D7W6HMZ,2023-02-27
B09D7W6HMZ,2023-03-27
B09D7W6HMZ,2023-04-24
B09D7W6HMZ,2023-05-22
B09D7W6HMZ,2023-06-19
B09D7W6HMZ,2023-07-17
B09D7W6HMZ,2023-08-14
B09D7W6HMZ,2023-09-11
B09D7W6HMZ,2023-10-09
B09D7W6HMZ,2023-11-06
B09D7W6HMZ,2023-12-04
B09D7W6HMZ,2024-01-01
B09D7W6HMZ,2024-01-29
B09D7ZZFY3,2023-04-24
B09D7ZZFY3,2023-05-22
B09D7ZZFY3,2023-06-19
B09D7ZZFY3,2023-07-17
B09D7ZZFY3,2023-08-14
B09D7ZZFY3,2023-09-11
B09D7ZZFY3,2023-10-09
B09D7ZZFY3,2023-11-06
B09D7ZZFY3,2023-12-04
B09D7ZZFY3,2024-01-01
B09D7ZZFY3,2024-01-29
B09DBWG3NH,2023-02-27
B09DBWG3NH,2023-03-27
B09DBWG3NH,2023-04-24
B09DBWG3NH,2023-05-22
B09DBWG3NH,2023-06-19
B09DBWG3NH,2023-07-17
B09DBWG3NH,2023-08-14
B09DBWG3NH,2023-09-11
B09DBWG3NH,2023-10-09
B09DBWG3NH,2023-11-06
B09DBWG3NH,2023-12-04
B09DBWG3NH,2024-01-01
B09DBWG3NH,2024-01-29
B09DG6ZXD9,2023-02-27
B09DG6ZXD9,2023-03-27
B09DG6ZXD9,2023-04-24
B09DG6ZXD9,2023-05-22
B09DG6ZXD9,2023-06-19
B09DG6ZXD9,2023-07-17
B09DG6ZXD9,2023-08-14
B09DG6ZXD9,2023-09-11
B09DG6ZXD9,2023-10-09
B09DG6ZXD9,2023-11-06
B09DG6ZXD9,2023-12-04
B09DG6ZXD9,2024-01-01
B09DG6ZXD9,2024-01-29
B09DG77LMQ,2023-02-27
B09DG77LMQ,2023-03-27
B09DG77LMQ,2023-04-24
B09DG77LMQ,2023-05-22
B09DG77LMQ,2023-06-19
B09DG77LMQ,2023-07-17
B09DG77LMQ,2023-08-14
B09DG77LMQ,2023-09-11
B09DG77LMQ,2023-10-09
B09DG77LMQ,2023-11-06
B09DG77LMQ,2023-12-04
B09DG77LMQ,2024-01-01
B09DG77LMQ,2024-01-29
B09DG89718,2023-02-27
B09DG89718,2023-03-27
B09DG89718,2023-04-24
B09DG89718,2023-05-22
B09DG89718,2023-06-19
B09DG89718,2023-07-17
B09DG89718,2023-08-14
B09DG89718,2023-09-11
B09DG89718,2023-10-09
B09DG89718,2023-11-06
B09DG89718,2023-12-04
B09DG89718,2024-01-01
B09DG89718,2024-01-29
B09DGMHP3R,2023-02-27
B09DGMHP3R,2023-03-27
B09DGMHP3R,2023-04-24
B09DGMHP3R,2023-05-22
B09DGMHP3R,2023-06-19
B09DGMHP3R,2023-07-17
B09DGMHP3R,2023-08-14
B09DGMHP3R,2023-09-11
B09DGMHP3R,2023-10-09
B09DGMHP3R,2023-11-06
B09DGMHP3R,2023-12-04
B09DGMHP3R,2024-01-01
B09DGMHP3R,2024-01-29
B09DL4C8L9,2023-02-27
B09DL4C8L9,2023-03-27
B09DL4C8L9,2023-04-24
B09DL4C8L9,2023-05-22
B09DL4C8L9,2023-06-19
B09DL4C8L9,2023-07-17
B09DL4C8L9,2023-08-14
B09DL4C8L9,2023-09-11
B09DL4C8L9,2023-10-09
B09DL4C8L9,2023-11-06
B09DL4C8L9,2023-12-04
B09DL4C8L9,2024-01-01
B09DL4C8L9,2024-01-29
B09DR4K94X,2023-02-27
B09DR4K94X,2023-03-27
B09DR4K94X,2023-04-24
B09DR4K94X,2023-05-22
B09DR4K94X,2023-06-19
B09DR4K94X,2023-07-17
B09DR4K94X,2023-08-14
B09DR4K94X,2023-09-11
B09DR4K94X,2023-10-09
B09DR4K94X,2023-11-06
B09DR4K94X,2023-12-04
B09DR4K94X,2024-01-01
B09DR4K94X,2024-01-29
B09DXHZR1K,2023-02-27
B09DXHZR1K,2023-03-27
B09DXHZR1K,2023-04-24
B09DXHZR1K,2023-05-22
B09DXHZR1K,2023-06-19
B09DXHZR1K,2023-07-17
B09DXHZR1K,2023-08-14
B09DXHZR1K,2023-09-11
B09DXHZR1K,2023-10-09
B09DXHZR1K,2023-11-06
B09DXHZR1K,2023-12-04
B09DXHZR1K,2024-01-01
B09DXHZR1K,2024-01-29
B09DYSJD3K,2023-02-27
B09DYSJD3K,2023-03-27
B09DYSJD3K,2023-04-24
B09DYSJD3K,2023-05-22
B09DYSJD3K,2023-06-19
B09DYSJD3K,2023-07-17
B09DYSJD3K,2023-08-14
B09DYSJD3K,2023-09-11
B09DYSJD3K,2023-10-09
B09DYSJD3K,2023-11-06
B09DYSJD3K,2023-12-04
B09DYSJD3K,2024-01-01
B09DYSJD3K,2024-01-29
B09DYV44S8,2023-02-27
B09DYV44S8,2023-03-27
B09DYV44S8,2023-04-24
B09DYV44S8,2023-05-22
B09DYV44S8,2023-06-19
B09DYV44S8,2023-07-17
B09DYV44S8,2023-08-14
B09DYV44S8,2023-09-11
B09DYV44S8,2023-10-09
B09DYV44S8,2023-11-06
B09DYV44S8,2023-12-04
B09DYV44S8,2024-01-01
B09DYV44S8,2024-01-29
B09DYVV216,2023-02-27
B09DYVV216,2023-03-27
B09DYVV216,2023-04-24
B09DYVV216,2023-05-22
B09DYVV216,2023-06-19
B09DYVV216,2023-07-17
B09DYVV216,2023-08-14
B09DYVV216,2023-09-11
B09DYVV216,2023-10-09
B09DYVV216,2023-11-06
B09DYVV216,2023-12-04
B09DYVV216,2024-01-01
B09DYVV216,2024-01-29
B09DZ1PY6C,2023-02-27
B09DZ1PY6C,2023-03-27
B09DZ1PY6C,2023-04-24
B09DZ1PY6C,2023-05-22
B09DZ1PY6C,2023-06-19
B09DZ1PY6C,2023-07-17
B09DZ1PY6C,2023-08-14
B09DZ1PY6C,2023-09-11
B09DZ1PY6C,2023-10-09
B09DZ1PY6C,2023-11-06
B09DZ1PY6C,2023-12-04
B09DZ1PY6C,2024-01-01
B09DZ1PY6C,2024-01-29
B09F18KH74,2023-02-27
B09F18KH74,2023-03-27
B09F18KH74,2023-04-24
B09F18KH74,2023-05-22
B09F18KH74,2023-06-19
B09F18KH74,2023-07-17
B09F18KH74,2023-08-14
B09F18KH74,2023-09-11
B09F18KH74,2023-10-09
B09F18KH74,2023-11-06
B09F18KH74,2023-12-04
B09F18KH74,2024-01-01
B09F18KH74,2024-01-29
B09F37P98Z,2023-02-27
B09F37P98Z,2023-03-27
B09F37P98Z,2023-04-24
B09F37P98Z,2023-05-22
B09F37P98Z,2023-06-19
B09F37P98Z,2023-07-17
B09F37P98Z,2023-08-14
B09F37P98Z,2023-09-11
B09F37P98Z,2023-10-09
B09F37P98Z,2023-11-06
B09F37P98Z,2023-12-04
B09F37P98Z,2024-01-01
B09F37P98Z,2024-01-29
B09F396J8B,2023-02-27
B09F396J8B,2023-03-27
B09F396J8B,2023-04-24
B09F396J8B,2023-05-22
B09F396J8B,2023-06-19
B09F396J8B,2023-07-17
B09F396J8B,2023-08-14
B09F396J8B,2023-09-11
B09F396J8B,2023-10-09
B09F396J8B,2023-11-06
B09F396J8B,2023-12-04
B09F396J8B,2024-01-01
B09F396J8B,2024-01-29
B09F9K71QZ,2023-02-27
B09F9K71QZ,2023-03-27
B09F9K71QZ,2023-04-24
B09F9K71QZ,2023-05-22
B09F9K71QZ,2023-06-19
B09F9K71QZ,2023-07-17
B09F9K71QZ,2023-08-14
B09F9K71QZ,2023-09-11
B09F9K71QZ,2023-10-09
B09F9K71QZ,2023-11-06
B09F9K71QZ,2023-12-04
B09F9K71QZ,2024-01-01
B09F9K71QZ,2024-01-29
B09FG7TQ44,2023-02-27
B09FG7TQ44,2023-03-27
B09FG7TQ44,2023-04-24
B09FG7TQ44,2023-05-22
B09FG7TQ44,2023-06-19
B09FG7TQ44,2023-07-17
B09FG7TQ44,2023-08-14
B09FG7TQ44,2023-09-11
B09FG7TQ44,2023-10-09
B09FG7TQ44,2023-11-06
B09FG7TQ44,2023-12-04
B09FG7TQ44,2024-01-01
B09FG7TQ44,2024-01-29
B09FGJ4Y4N,2023-02-27
B09FGJ4Y4N,2023-03-27
B09FGJ4Y4N,2023-10-09
B09FGJ4Y4N,2023-11-06
B09FGJ4Y4N,2023-12-04
B09FGJ4Y4N,2024-01-01
B09FGJ4Y4N,2024-01-29
B09FJ3MT2W,2023-06-19
B09FJ3MT2W,2023-07-17
B09FJ3MT2W,2023-08-14
B09FJ3MT2W,2023-09-11
B09FJ3MT2W,2023-10-09
B09FJ3MT2W,2023-11-06
B09FJ3MT2W,2023-12-04
B09FJ3MT2W,2024-01-01
B09FJ3MT2W,2024-01-29
B09FJHRK13,2023-02-27
B09FJHRK13,2023-03-27
B09FJHRK13,2023-04-24
B09FJHRK13,2023-05-22
B09FJHRK13,2023-06-19
B09FJHRK13,2023-07-17
B09FJHRK13,2023-08-14
B09FJHRK13,2023-09-11
B09FJHRK13,2023-10-09
B09FJHRK13,2023-11-06
B09FJHRK13,2023-12-04
B09FJHRK13,2024-01-01
B09FJHRK13,2024-01-29
B09FLQ1JHX,2023-02-27
B09FLQ1JHX,2023-03-27
B09FLQ1JHX,2023-04-24
B09FLQ1JHX,2023-05-22
B09FLQ1JHX,2023-06-19
B09FLQ1JHX,2023-07-17
B09FLQ1JHX,2023-08-14
B09FLQ1JHX,2023-09-11
B09FLQ1JHX,2023-10-09
B09FLQ1JHX,2023-11-06
B09FLQ1JHX,2023-12-04
B09FLQ1JHX,2024-01-01
B09FLQ1JHX,2024-01-29
B09FN7LKF2,2023-02-27
B09FN7LKF2,2023-03-27
B09FN7LKF2,2023-04-24
B09FN7LKF2,2023-05-22
B09FN7LKF2,2023-06-19
B09FN7LKF2,2023-07-17
B09FN7LKF2,2023-08-14
B09FN7LKF2,2023-09-11
B09FN7LKF2,2023-10-09
B09FN7LKF2,2023-11-06
B09FN7LKF2,2023-12-04
B09FN7LKF2,2024-01-01
B09FN7LKF2,2024-01-29
B09FNKB654,2023-02-27
B09FNKB654,2023-03-27
B09FNKB654,2023-04-24
B09FNKB654,2023-05-22
B09FNKB654,2023-06-19
B09FNKB654,2023-07-17
B09FNKB654,2023-08-14
B09FNKB654,2023-09-11
B09FNKB654,2023-10-09
B09FNKB654,2023-11-06
B09FNKB654,2023-12-04
B09FNKB654,2024-01-01
B09FNKB654,2024-01-29
B09FPPVGM3,2023-02-27
B09FPPVGM3,2023-03-27
B09FPPVGM3,2023-04-24
B09FPPVGM3,2023-05-22
B09FPPVGM3,2023-06-19
B09FPPVGM3,2023-07-17
B09FPPVGM3,2023-08-14
B09FPPVGM3,2023-09-11
B09FPPVGM3,2023-10-09
B09FPPVGM3,2023-11-06
B09FPPVGM3,2023-12-04
B09FPPVGM3,2024-01-01
B09FPPVGM3,2024-01-29
B09FXRV2MW,2023-02-27
B09FXRV2MW,2023-03-27
B09FXRV2MW,2023-04-24
B09FXRV2MW,2023-05-22
B09FXRV2MW,2023-06-19
B09FXRV2MW,2023-07-17
B09FXRV2MW,2023-08-14
B09FXRV2MW,2023-09-11
B09FXRV2MW,2023-10-09
B09FXRV2MW,2023-11-06
B09FXRV2MW,2023-12-04
B09FXRV2MW,2024-01-01
B09FXRV2MW,2024-01-29
B09FZGN6SY,2023-02-27
B09FZGN6SY,2023-03-27
B09FZGN6SY,2023-04-24
B09FZGN6SY,2023-05-22
B09FZGN6SY,2023-06-19
B09FZGN6SY,2023-07-17
B09FZGN6SY,2023-08-14
B09FZGN6SY,2023-09-11
B09FZGN6SY,2023-10-09
B09FZGN6SY,2023-11-06
B09FZGN6SY,2023-12-04
B09FZGN6SY,2024-01-01
B09FZGN6SY,2024-01-29
B09FZZN4TQ,2023-02-27
B09FZZN4TQ,2023-03-27
B09FZZN4TQ,2023-04-24
B09FZZN4TQ,2023-05-22
B09FZZN4TQ,2023-06-19
B09FZZN4TQ,2023-07-17
B09FZZN4TQ,2023-08-14
B09FZZN4TQ,2023-09-11
B09FZZN4TQ,2023-10-09
B09FZZN4TQ,2023-11-06
B09FZZN4TQ,2023-12-04
B09FZZN4TQ,2024-01-01
B09FZZN4TQ,2024-01-29
B09G2KD7VX,2023-02-27
B09G2KD7VX,2023-03-27
B09G2KD7VX,2023-04-24
B09G2KD7VX,2023-05-22
B09G2KD7VX,2023-06-19
B09G2KD7VX,2023-07-17
B09G2KD7VX,2023-08-14
B09G2KD7VX,2023-09-11
B09G2KD7VX,2023-10-09
B09G2KD7VX,2023-11-06
B09G2KD7VX,2023-12-04
B09G2KD7VX,2024-01-01
B09G2KD7VX,2024-01-29
B09G2R9QQQ,2023-02-27
B09G2R9QQQ,2023-03-27
B09G2R9QQQ,2023-04-24
B09G2R9QQQ,2023-05-22
B09G2R9QQQ,2023-06-19
B09G2R9QQQ,2023-07-17
B09G2R9QQQ,2023-08-14
B09G2R9QQQ,2023-09-11
B09G2R9QQQ,2023-10-09
B09G2R9QQQ,2023-11-06
B09G2R9QQQ,2023-12-04
B09G2R9QQQ,2024-01-01
B09G2R9QQQ,2024-01-29
B09G5L1TGY,2023-02-27
B09G5L1TGY,2023-03-27
B09G5L1TGY,2023-04-24
B09G5L1TGY,2023-05-22
B09G5L1TGY,2023-06-19
B09G5L1TGY,2023-07-17
B09G5L1TGY,2023-08-14
B09G5L1TGY,2023-09-11
B09G5L1TGY,2023-10-09
B09G5L1TGY,2023-11-06
B09G5L1TGY,2023-12-04
B09G5L1TGY,2024-01-01
B09G5L1TGY,2024-01-29
B09G5L4P7T,2023-02-27
B09G5L4P7T,2023-03-27
B09G5L4P7T,2023-04-24
B09G5L4P7T,2023-05-22
B09G5L4P7T,2023-06-19
B09G5L4P7T,2023-07-17
B09G5L4P7T,2023-08-14
B09G5L4P7T,2023-09-11
B09G5L4P7T,2023-10-09
B09G5L4P7T,2023-11-06
B09G5L4P7T,2023-12-04
B09G5L4P7T,2024-01-01
B09G5L4P7T,2024-01-29
B09G6J296F,2023-02-27
B09G6J296F,2023-03-27
B09G6J296F,2023-04-24
B09G6J296F,2023-05-22
B09G6J296F,2023-06-19
B09G6J296F,2023-07-17
B09G6J296F,2023-08-14
B09G6J296F,2023-09-11
B09G6J296F,2023-10-09
B09G6J296F,2023-11-06
B09G6J296F,2023-12-04
B09G6J296F,2024-01-01
B09G6J296F,2024-01-29
B09G6SG331,2023-02-27
B09G6SG331,2023-03-27
B09G6SG331,2023-04-24
B09G6SG331,2023-05-22
B09G6SG331,2023-06-19
B09G6SG331,2023-07-17
B09G6SG331,2023-08-14
B09G6SG331,2023-09-11
B09G6SG331,2023-10-09
B09G6SG331,2023-11-06
B09G6SG331,2023-12-04
B09G6SG331,2024-01-01
B09G6SG331,2024-01-29
B09G8S39GF,2023-02-27
B09G8S39GF,2023-03-27
B09G8S39GF,2023-04-24
B09G8S39GF,2023-05-22
B09G8S39GF,2023-06-19
B09G8S39GF,2023-07-17
B09G8S39GF,2023-08-14
B09G8S39GF,2023-09-11
B09G8S39GF,2023-10-09
B09G8S39GF,2023-11-06
B09G8S39GF,2023-12-04
B09G8S39GF,2024-01-01
B09G8S39GF,2024-01-29
B09GFKZS1N,2023-02-27
B09GFKZS1N,2023-03-27
B09GFKZS1N,2023-04-24
B09GFKZS1N,2023-05-22
B09GFKZS1N,2023-06-19
B09GFKZS1N,2023-07-17
B09GFKZS1N,2023-08-14
B09GFKZS1N,2023-09-11
B09GFKZS1N,2023-10-09
B09GFKZS1N,2023-11-06
B09GFKZS1N,2023-12-04
B09GFKZS1N,2024-01-01
B09GFKZS1N,2024-01-29
B09GLWHWRV,2023-02-27
B09GLWHWRV,2023-03-27
B09GLWHWRV,2023-04-24
B09GLWHWRV,2023-05-22
B09GLWHWRV,2023-06-19
B09GLWHWRV,2023-07-17
B09GLWHWRV,2023-08-14
B09GLWHWRV,2023-09-11
B09GLWHWRV,2023-10-09
B09GLWHWRV,2023-11-06
B09GLWHWRV,2023-12-04
B09GLWHWRV,2024-01-01
B09GLWHWRV,2024-01-29
B09GPML2PV,2023-02-27
B09GPML2PV,2023-03-27
B09GPML2PV,2023-04-24
B09GPML2PV,2023-05-22
B09GPML2PV,2023-06-19
B09GPML2PV,2023-07-17
B09GPML2PV,2023-08-14
B09GPML2PV,2023-09-11
B09GPML2PV,2023-10-09
B09GPML2PV,2023-11-06
B09GPML2PV,2023-12-04
B09GPML2PV,2024-01-01
B09GPML2PV,2024-01-29
B09GSDVMPN,2023-02-27
B09GSDVMPN,2023-03-27
B09GSDVMPN,2023-04-24
B09GSDVMPN,2023-05-22
B09GSDVMPN,2023-06-19
B09GSDVMPN,2023-07-17
B09GSDVMPN,2023-08-14
B09GSDVMPN,2023-09-11
B09GSDVMPN,2023-10-09
B09GSDVMPN,2023-11-06
B09GSDVMPN,2023-12-04
B09GSDVMPN,2024-01-01
B09GSDVMPN,2024-01-29
B09H1ZVKVD,2023-02-27
B09H1ZVKVD,2023-03-27
B09H1ZVKVD,2023-04-24
B09H1ZVKVD,2023-05-22
B09H1ZVKVD,2023-06-19
B09H1ZVKVD,2023-07-17
B09H1ZVKVD,2023-08-14
B09H1ZVKVD,2023-09-11
B09H1ZVKVD,2023-10-09
B09H1ZVKVD,2023-11-06
B09H1ZVKVD,2023-12-04
B09H1ZVKVD,2024-01-01
B09H1ZVKVD,2024-01-29
B09H2P4SRY,2023-02-27
B09H2P4SRY,2023-03-27
B09H2P4SRY,2023-04-24
B09H2P4SRY,2023-05-22
B09H2P4SRY,2023-06-19
B09H2P4SRY,2023-07-17
B09H2P4SRY,2023-08-14
B09H2P4SRY,2023-09-11
B09H2P4SRY,2023-10-09
B09H2P4SRY,2023-11-06
B09H2P4SRY,2023-12-04
B09H2P4SRY,2024-01-01
B09H2P4SRY,2024-01-29
B09H2Q7W74,2023-02-27
B09H2Q7W74,2023-03-27
B09H2Q7W74,2023-04-24
B09H2Q7W74,2023-05-22
B09H2Q7W74,2023-06-19
B09H2Q7W74,2023-07-17
B09H2Q7W74,2023-08-14
B09H2Q7W74,2023-09-11
B09H2Q7W74,2023-10-09
B09H2Q7W74,2023-11-06
B09H2Q7W74,2023-12-04
B09H2Q7W74,2024-01-01
B09H2Q7W74,2024-01-29
B09H3HVZDF,2023-02-27
B09H3HVZDF,2023-03-27
B09H3HVZDF,2023-04-24
B09H3HVZDF,2023-05-22
B09H3HVZDF,2023-06-19
B09H3HVZDF,2023-07-17
B09H3HVZDF,2023-08-14
B09H3HVZDF,2023-09-11
B09H3HVZDF,2023-10-09
B09H3HVZDF,2023-11-06
B09H3HVZDF,2023-12-04
B09H3HVZDF,2024-01-01
B09H3HVZDF,2024-01-29
B09H5W4JBN,2023-02-27
B09H5W4JBN,2023-03-27
B09H5W4JBN,2023-04-24
B09H5W4JBN,2023-05-22
B09H5W4JBN,2023-06-19
B09H5W4JBN,2023-07-17
B09H5W4JBN,2023-08-14
B09H5W4JBN,2023-09-11
B09H5W4JBN,2023-10-09
B09H5W4JBN,2023-11-06
B09H5W4JBN,2023-12-04
B09H5W4JBN,2024-01-01
B09H5W4JBN,2024-01-29
B09HBWX2XX,2023-02-27
B09HBWX2XX,2023-03-27
B09HBWX2XX,2023-04-24
B09HBWX2XX,2023-05-22
B09HBWX2XX,2023-06-19
B09HBWX2XX,2023-07-17
B09HBWX2XX,2023-08-14
B09HBWX2XX,2023-09-11
B09HBWX2XX,2023-10-09
B09HBWX2XX,2023-11-06
B09HBWX2XX,2023-12-04
B09HBWX2XX,2024-01-01
B09HBWX2XX,2024-01-29
B09HC2SX2H,2023-02-27
B09HC2SX2H,2023-03-27
B09HC2SX2H,2023-04-24
B09HC2SX2H,2023-05-22
B09HC2SX2H,2023-06-19
B09HC2SX2H,2023-07-17
B09HC2SX2H,2023-08-14
B09HC2SX2H,2023-09-11
B09HC2SX2H,2023-10-09
B09HC2SX2H,2023-11-06
B09HC2SX2H,2023-12-04
B09HC2SX2H,2024-01-01
B09HC2SX2H,2024-01-29
B09HLZNZ6Q,2023-05-22
B09HLZNZ6Q,2023-06-19
B09HLZNZ6Q,2023-07-17
B09HLZNZ6Q,2023-08-14
B09HLZNZ6Q,2023-09-11
B09HLZNZ6Q,2023-10-09
B09HLZNZ6Q,2023-11-06
B09HLZNZ6Q,2023-12-04
B09HLZNZ6Q,2024-01-01
B09HLZNZ6Q,2024-01-29
B09HM2V5XZ,2023-03-27
B09HM2V5XZ,2023-04-24
B09HM2V5XZ,2023-05-22
B09HM2V5XZ,2023-06-19
B09HM2V5XZ,2023-07-17
B09HM2V5XZ,2023-08-14
B09HM2V5XZ,2023-09-11
B09HM2V5XZ,2023-10-09
B09HM2V5XZ,2023-11-06
B09HM2V5XZ,2023-12-04
B09HM2V5XZ,2024-01-01
B09HM2V5XZ,2024-01-29
B09HMFYRCW,2023-05-22
B09HMFYRCW,2023-06-19
B09HMFYRCW,2023-07-17
B09HMFYRCW,2023-08-14
B09HMFYRCW,2023-09-11
B09HMFYRCW,2023-10-09
B09HMFYRCW,2023-11-06
B09HMFYRCW,2023-12-04
B09HMFYRCW,2024-01-01
B09HMFYRCW,2024-01-29
B09HMSMCLT,2023-04-24
B09HMSMCLT,2023-05-22
B09HMSMCLT,2023-06-19
B09HMSMCLT,2023-07-17
B09HMSMCLT,2023-08-14
B09HMSMCLT,2023-09-11
B09HMSMCLT,2023-10-09
B09HMSMCLT,2023-11-06
B09HMSMCLT,2023-12-04
B09HMSMCLT,2024-01-01
B09HMSMCLT,2024-01-29
B09HMVRV34,2023-05-22
B09HMVRV34,2023-06-19
B09HMVRV34,2023-07-17
B09HMVRV34,2023-08-14
B09HMVRV34,2023-09-11
B09HMVRV34,2023-10-09
B09HMVRV34,2023-11-06
B09HMVRV34,2023-12-04
B09HMVRV34,2024-01-01
B09HMVRV34,2024-01-29
B09HMW948C,2023-05-22
B09HMW948C,2023-06-19
B09HMW948C,2023-07-17
B09HMW948C,2023-08-14
B09HMW948C,2023-09-11
B09HMW948C,2023-10-09
B09HMW948C,2023-11-06
B09HMW948C,2023-12-04
B09HMW948C,2024-01-01
B09HMW948C,2024-01-29
B09HR3VQHG,2023-02-27
B09HR3VQHG,2023-03-27
B09HR3VQHG,2023-04-24
B09HR3VQHG,2023-05-22
B09HR3VQHG,2023-06-19
B09HR3VQHG,2023-07-17
B09HR3VQHG,2023-08-14
B09HR3VQHG,2023-09-11
B09HR3VQHG,2023-10-09
B09HR3VQHG,2023-11-06
B09HR3VQHG,2023-12-04
B09HR3VQHG,2024-01-01
B09HR3VQHG,2024-01-29
B09HTNWBRQ,2023-05-22
B09HTNWBRQ,2023-06-19
B09HTNWBRQ,2023-07-17
B09HTNWBRQ,2023-08-14
B09HTNWBRQ,2023-09-11
B09HTNWBRQ,2023-10-09
B09HTNWBRQ,2023-11-06
B09HTNWBRQ,2023-12-04
B09HTNWBRQ,2024-01-01
B09HTNWBRQ,2024-01-29
B09HTSB6QP,2023-02-27
B09HTSB6QP,2023-03-27
B09HTSB6QP,2023-04-24
B09HTSB6QP,2023-05-22
B09HTSB6QP,2023-06-19
B09HTSB6QP,2023-07-17
B09HTSB6QP,2023-08-14
B09HTSB6QP,2023-09-11
B09HTSB6QP,2023-10-09
B09HTSB6QP,2023-11-06
B09HTSB6QP,2023-12-04
B09HTSB6QP,2024-01-01
B09HTSB6QP,2024-01-29
B09HV4MBLJ,2023-02-27
B09HV4MBLJ,2023-03-27
B09HV4MBLJ,2023-04-24
B09HV4MBLJ,2023-05-22
B09HV4MBLJ,2023-06-19
B09HV4MBLJ,2023-07-17
B09HV4MBLJ,2023-08-14
B09HV4MBLJ,2023-09-11
B09HV4MBLJ,2023-10-09
B09HV4MBLJ,2023-11-06
B09HV4MBLJ,2023-12-04
B09HV4MBLJ,2024-01-01
B09HV4MBLJ,2024-01-29
B09HWXX4MR,2023-02-27
B09HWXX4MR,2023-03-27
B09HWXX4MR,2023-04-24
B09HWXX4MR,2023-05-22
B09HWXX4MR,2023-06-19
B09HWXX4MR,2023-07-17
B09HWXX4MR,2023-08-14
B09HWXX4MR,2023-09-11
B09HWXX4MR,2023-10-09
B09HWXX4MR,2023-11-06
B09HWXX4MR,2023-12-04
B09HWXX4MR,2024-01-01
B09HWXX4MR,2024-01-29
B09HX56FTL,2023-02-27
B09HX56FTL,2023-03-27
B09HX56FTL,2023-04-24
B09HX56FTL,2023-05-22
B09HX56FTL,2023-06-19
B09HX56FTL,2023-07-17
B09HX56FTL,2023-08-14
B09HX56FTL,2023-09-11
B09HX56FTL,2023-10-09
B09HX56FTL,2023-11-06
B09HX56FTL,2023-12-04
B09HX56FTL,2024-01-01
B09HX56FTL,2024-01-29
B09HX86S6F,2023-02-27
B09HX86S6F,2023-03-27
B09HX86S6F,2023-04-24
B09HX86S6F,2023-05-22
B09HX86S6F,2023-06-19
B09HX86S6F,2023-07-17
B09HX86S6F,2023-08-14
B09HX86S6F,2023-09-11
B09HX86S6F,2023-10-09
B09HX86S6F,2023-11-06
B09HX86S6F,2023-12-04
B09HX86S6F,2024-01-01
B09HX86S6F,2024-01-29
B09J12J4TS,2023-02-27
B09J12J4TS,2023-03-27
B09J12J4TS,2023-04-24
B09J12J4TS,2023-05-22
B09J12J4TS,2023-06-19
B09J12J4TS,2023-07-17
B09J12J4TS,2023-08-14
B09J12J4TS,2023-09-11
B09J12J4TS,2023-10-09
B09J12J4TS,2023-11-06
B09J12J4TS,2023-12-04
B09J12J4TS,2024-01-01
B09J12J4TS,2024-01-29
B09J4KF894,2023-02-27
B09J4KF894,2023-03-27
B09J4KF894,2023-04-24
B09J4KF894,2023-05-22
B09J4KF894,2023-06-19
B09J4KF894,2023-07-17
B09J4KF894,2023-08-14
B09J4KF894,2023-09-11
B09J4KF894,2023-10-09
B09J4KF894,2023-11-06
B09J4KF894,2023-12-04
B09J4KF894,2024-01-01
B09J4KF894,2024-01-29
B09J89QP3D,2023-02-27
B09J89QP3D,2023-03-27
B09J89QP3D,2023-04-24
B09J89QP3D,2023-05-22
B09J89QP3D,2023-06-19
B09J89QP3D,2023-07-17
B09J89QP3D,2023-08-14
B09J89QP3D,2023-09-11
B09J89QP3D,2023-10-09
B09J89QP3D,2023-11-06
B09J89QP3D,2023-12-04
B09J89QP3D,2024-01-01
B09J89QP3D,2024-01-29
B09J8M1TJG,2023-02-27
B09J8M1TJG,2023-03-27
B09J8M1TJG,2023-04-24
B09J8M1TJG,2023-05-22
B09J8M1TJG,2023-06-19
B09J8M1TJG,2023-07-17
B09J8M1TJG,2023-08-14
B09J8M1TJG,2023-09-11
B09J8M1TJG,2023-10-09
B09J8M1TJG,2023-11-06
B09J8M1TJG,2023-12-04
B09J8M1TJG,2024-01-01
B09J8M1TJG,2024-01-29
B09JC9PNVQ,2023-02-27
B09JC9PNVQ,2023-03-27
B09JC9PNVQ,2023-04-24
B09JC9PNVQ,2023-05-22
B09JC9PNVQ,2023-06-19
B09JC9PNVQ,2023-07-17
B09JC9PNVQ,2023-08-14
B09JC9PNVQ,2023-09-11
B09JC9PNVQ,2023-10-09
B09JC9PNVQ,2023-11-06
B09JC9PNVQ,2023-12-04
B09JC9PNVQ,2024-01-01
B09JC9PNVQ,2024-01-29
B09JF5S1VR,2023-02-27
B09JF5S1VR,2023-03-27
B09JF5S1VR,2023-04-24
B09JF5S1VR,2023-05-22
B09JF5S1VR,2023-06-19
B09JF5S1VR,2023-07-17
B09JF5S1VR,2023-08-14
B09JF5S1VR,2023-09-11
B09JF5S1VR,2023-10-09
B09JF5S1VR,2023-11-06
B09JF5S1VR,2023-12-04
B09JF5S1VR,2024-01-01
B09JF5S1VR,2024-01-29
B09JFN9D51,2023-02-27
B09JFN9D51,2023-03-27
B09JFN9D51,2023-04-24
B09JFN9D51,2023-05-22
B09JFN9D51,2023-06-19
B09JFN9D51,2023-07-17
B09JFN9D51,2023-08-14
B09JFN9D51,2023-09-11
B09JFN9D51,2023-10-09
B09JFN9D51,2023-11-06
B09JFN9D51,2023-12-04
B09JFN9D51,2024-01-01
B09JFN9D51,2024-01-29
B09JFTDT26,2023-02-27
B09JFTDT26,2023-03-27
B09JFTDT26,2023-04-24
B09JFTDT26,2023-05-22
B09JFTDT26,2023-06-19
B09JFTDT26,2023-07-17
B09JFTDT26,2023-08-14
B09JFTDT26,2023-09-11
B09JFTDT26,2023-10-09
B09JFTDT26,2023-11-06
B09JFTDT26,2023-12-04
B09JFTDT26,2024-01-01
B09JFTDT26,2024-01-29
B09JHKN4R5,2023-02-27
B09JHKN4R5,2023-03-27
B09JHKN4R5,2023-04-24
B09JHKN4R5,2023-05-22
B09JHKN4R5,2023-06-19
B09JHKN4R5,2023-07-17
B09JHKN4R5,2023-08-14
B09JHKN4R5,2023-09-11
B09JHKN4R5,2023-10-09
B09JHKN4R5,2023-11-06
B09JHKN4R5,2023-12-04
B09JHKN4R5,2024-01-01
B09JHKN4R5,2024-01-29
B09JKBJ3ZQ,2023-02-27
B09JKBJ3ZQ,2023-03-27
B09JKBJ3ZQ,2023-04-24
B09JKBJ3ZQ,2023-05-22
B09JKBJ3ZQ,2023-06-19
B09JKBJ3ZQ,2023-07-17
B09JKBJ3ZQ,2023-08-14
B09JKBJ3ZQ,2023-09-11
B09JKBJ3ZQ,2023-10-09
B09JKBJ3ZQ,2023-11-06
B09JKBJ3ZQ,2023-12-04
B09JKBJ3ZQ,2024-01-01
B09JKBJ3ZQ,2024-01-29
B09JT718L3,2023-02-27
B09JT718L3,2023-03-27
B09JT718L3,2023-04-24
B09JT718L3,2023-05-22
B09JT718L3,2023-06-19
B09JT718L3,2023-07-17
B09JT718L3,2023-08-14
B09JT718L3,2023-09-11
B09JT718L3,2023-10-09
B09JT718L3,2023-11-06
B09JT718L3,2023-12-04
B09JT718L3,2024-01-01
B09JT718L3,2024-01-29
B09JWMMVN5,2023-08-14
B09JWMMVN5,2023-09-11
B09JWMMVN5,2023-10-09
B09JWMMVN5,2023-11-06
B09JWMMVN5,2023-12-04
B09JWMMVN5,2024-01-01
B09JWMMVN5,2024-01-29
B09K59H3YR,2023-02-27
B09K59H3YR,2023-03-27
B09K59H3YR,2023-04-24
B09K59H3YR,2023-05-22
B09K59H3YR,2023-06-19
B09K59H3YR,2023-07-17
B09K59H3YR,2023-08-14
B09K59H3YR,2023-09-11
B09K59H3YR,2023-10-09
B09K59H3YR,2023-11-06
B09K59H3YR,2023-12-04
B09K59H3YR,2024-01-01
B09K59H3YR,2024-01-29
B09K7JFGMJ,2023-02-27
B09K7JFGMJ,2023-03-27
B09K7JFGMJ,2023-04-24
B09K7JFGMJ,2023-05-22
B09K7JFGMJ,2023-06-19
B09K7JFGMJ,2023-07-17
B09K7JFGMJ,2023-08-14
B09K7JFGMJ,2023-09-11
B09K7JFGMJ,2023-10-09
B09K7JFGMJ,2023-11-06
B09K7JFGMJ,2023-12-04
B09K7JFGMJ,2024-01-01
B09K7JFGMJ,2024-01-29
B09K7RS5RX,2023-02-27
B09K7RS5RX,2023-03-27
B09K7RS5RX,2023-04-24
B09K7RS5RX,2023-05-22
B09K7RS5RX,2023-06-19
B09K7RS5RX,2023-07-17
B09K7RS5RX,2023-08-14
B09K7RS5RX,2023-09-11
B09K7RS5RX,2023-10-09
B09K7RS5RX,2023-11-06
B09K7RS5RX,2023-12-04
B09K7RS5RX,2024-01-01
B09K7RS5RX,2024-01-29
B09K7T9YSS,2023-02-27
B09K7T9YSS,2023-03-27
B09K7T9YSS,2023-04-24
B09K7T9YSS,2023-05-22
B09K7T9YSS,2023-06-19
B09K7T9YSS,2023-07-17
B09K7T9YSS,2023-08-14
B09K7T9YSS,2023-09-11
B09K7T9YSS,2023-10-09
B09K7T9YSS,2023-11-06
B09K7T9YSS,2023-12-04
B09K7T9YSS,2024-01-01
B09K7T9YSS,2024-01-29
B09K7YG28B,2023-02-27
B09K7YG28B,2023-03-27
B09K7YG28B,2023-04-24
B09K7YG28B,2023-05-22
B09K7YG28B,2023-06-19
B09K7YG28B,2023-07-17
B09K7YG28B,2023-08-14
B09K7YG28B,2023-09-11
B09K7YG28B,2023-10-09
B09K7YG28B,2023-11-06
B09K7YG28B,2023-12-04
B09K7YG28B,2024-01-01
B09K7YG28B,2024-01-29
B09K9FVLJN,2023-02-27
B09K9FVLJN,2023-03-27
B09K9FVLJN,2023-04-24
B09K9FVLJN,2023-05-22
B09K9FVLJN,2023-06-19
B09K9FVLJN,2023-07-17
B09K9FVLJN,2023-08-14
B09K9FVLJN,2023-09-11
B09K9FVLJN,2023-10-09
B09K9FVLJN,2023-11-06
B09K9FVLJN,2023-12-04
B09K9FVLJN,2024-01-01
B09K9FVLJN,2024-01-29
B09KGY9C4W,2023-02-27
B09KGY9C4W,2023-03-27
B09KGY9C4W,2023-04-24
B09KGY9C4W,2023-05-22
B09KGY9C4W,2023-06-19
B09KGY9C4W,2023-07-17
B09KGY9C4W,2023-08-14
B09KGY9C4W,2023-09-11
B09KGY9C4W,2023-10-09
B09KGY9C4W,2023-11-06
B09KGY9C4W,2023-12-04
B09KGY9C4W,2024-01-01
B09KGY9C4W,2024-01-29
B09KH19TFF,2023-02-27
B09KH19TFF,2023-03-27
B09KH19TFF,2023-04-24
B09KH19TFF,2023-05-22
B09KH19TFF,2023-06-19
B09KH19TFF,2023-07-17
B09KH19TFF,2023-08-14
B09KH19TFF,2023-09-11
B09KH19TFF,2023-10-09
B09KH19TFF,2023-11-06
B09KH19TFF,2023-12-04
B09KH19TFF,2024-01-01
B09KH19TFF,2024-01-29
B09KH3CBD1,2023-02-27
B09KH3CBD1,2023-03-27
B09KH3CBD1,2023-04-24
B09KH3CBD1,2023-05-22
B09KH3CBD1,2023-06-19
B09KH3CBD1,2023-07-17
B09KH3CBD1,2023-08-14
B09KH3CBD1,2023-09-11
B09KH3CBD1,2023-10-09
B09KH3CBD1,2023-11-06
B09KH3CBD1,2023-12-04
B09KH3CBD1,2024-01-01
B09KH3CBD1,2024-01-29
B09KKV17VP,2023-02-27
B09KKV17VP,2023-03-27
B09KKV17VP,2023-04-24
B09KKV17VP,2023-05-22
B09KKV17VP,2023-06-19
B09KKV17VP,2023-07-17
B09KKV17VP,2023-08-14
B09KKV17VP,2023-09-11
B09KKV17VP,2023-10-09
B09KKV17VP,2023-11-06
B09KKV17VP,2023-12-04
B09KKV17VP,2024-01-01
B09KKV17VP,2024-01-29
B09KLTH6M6,2023-02-27
B09KLTH6M6,2023-03-27
B09KLTH6M6,2023-04-24
B09KLTH6M6,2023-05-22
B09KLTH6M6,2023-06-19
B09KLTH6M6,2023-07-17
B09KLTH6M6,2023-08-14
B09KLTH6M6,2023-09-11
B09KLTH6M6,2023-10-09
B09KLTH6M6,2023-11-06
B09KLTH6M6,2023-12-04
B09KLTH6M6,2024-01-01
B09KLTH6M6,2024-01-29
B09KM7NSWS,2023-02-27
B09KM7NSWS,2023-03-27
B09KM7NSWS,2023-04-24
B09KM7NSWS,2023-05-22
B09KM7NSWS,2023-06-19
B09KM7NSWS,2023-07-17
B09KM7NSWS,2023-08-14
B09KM7NSWS,2023-09-11
B09KM7NSWS,2023-10-09
B09KM7NSWS,2023-11-06
B09KM7NSWS,2023-12-04
B09KM7NSWS,2024-01-01
B09KM7NSWS,2024-01-29
B09KNW4JFC,2023-02-27
B09KNW4JFC,2023-03-27
B09KNW4JFC,2023-04-24
B09KNW4JFC,2023-05-22
B09KNW4JFC,2023-06-19
B09KNW4JFC,2023-07-17
B09KNW4JFC,2023-08-14
B09KNW4JFC,2023-09-11
B09KNW4JFC,2023-10-09
B09KNW4JFC,2023-11-06
B09KNW4JFC,2023-12-04
B09KNW4JFC,2024-01-01
B09KNW4JFC,2024-01-29
B09KTB4R4W,2023-12-04
B09KTB4R4W,2024-01-01
B09KTB4R4W,2024-01-29
B09KX5VKGF,2023-02-27
B09KX5VKGF,2023-03-27
B09KX5VKGF,2023-04-24
B09KX5VKGF,2023-05-22
B09KX5VKGF,2023-06-19
B09KX5VKGF,2023-07-17
B09KX5VKGF,2023-08-14
B09KX5VKGF,2023-09-11
B09KX5VKGF,2023-10-09
B09KX5VKGF,2023-11-06
B09KX5VKGF,2023-12-04
B09KX5VKGF,2024-01-01
B09KX5VKGF,2024-01-29
B09KXC4HN1,2023-02-27
B09KXC4HN1,2023-03-27
B09KXC4HN1,2023-04-24
B09KXC4HN1,2023-05-22
B09KXC4HN1,2023-06-19
B09KXC4HN1,2023-07-17
B09KXC4HN1,2023-08-14
B09KXC4HN1,2023-09-11
B09KXC4HN1,2023-10-09
B09KXC4HN1,2023-11-06
B09KXC4HN1,2023-12-04
B09KXC4HN1,2024-01-01
B09KXC4HN1,2024-01-29
B09L2CT16Y,2023-02-27
B09L2CT16Y,2023-03-27
B09L2CT16Y,2023-04-24
B09L2CT16Y,2023-05-22
B09L2CT16Y,2023-06-19
B09L2CT16Y,2023-07-17
B09L2CT16Y,2023-08-14
B09L2CT16Y,2023-09-11
B09L2CT16Y,2023-10-09
B09L2CT16Y,2023-11-06
B09L2CT16Y,2023-12-04
B09L2CT16Y,2024-01-01
B09L2CT16Y,2024-01-29
B09L2D9XV4,2023-02-27
B09L2D9XV4,2023-03-27
B09L2D9XV4,2023-04-24
B09L2D9XV4,2023-05-22
B09L2D9XV4,2023-06-19
B09L2D9XV4,2023-07-17
B09L2D9XV4,2023-08-14
B09L2D9XV4,2023-09-11
B09L2D9XV4,2023-10-09
B09L2D9XV4,2023-11-06
B09L2D9XV4,2023-12-04
B09L2D9XV4,2024-01-01
B09L2D9XV4,2024-01-29
B09L2SD1T3,2023-02-27
B09L2SD1T3,2023-03-27
B09L2SD1T3,2023-04-24
B09L2SD1T3,2023-05-22
B09L2SD1T3,2023-06-19
B09L2SD1T3,2023-07-17
B09L2SD1T3,2023-08-14
B09L2SD1T3,2023-09-11
B09L2SD1T3,2023-10-09
B09L2SD1T3,2023-11-06
B09L2SD1T3,2023-12-04
B09L2SD1T3,2024-01-01
B09L2SD1T3,2024-01-29
B09L4SNKC4,2023-02-27
B09L4SNKC4,2023-03-27
B09L4SNKC4,2023-04-24
B09L4SNKC4,2023-05-22
B09L4SNKC4,2023-06-19
B09L4SNKC4,2023-07-17
B09L4SNKC4,2023-08-14
B09L4SNKC4,2023-09-11
B09L4SNKC4,2023-10-09
B09L4SNKC4,2023-11-06
B09L4SNKC4,2023-12-04
B09L4SNKC4,2024-01-01
B09L4SNKC4,2024-01-29
B09L9GLNV8,2023-02-27
B09L9GLNV8,2023-03-27
B09L9GLNV8,2023-04-24
B09L9GLNV8,2023-05-22
B09L9GLNV8,2023-06-19
B09L9GLNV8,2023-07-17
B09L9GLNV8,2023-08-14
B09L9GLNV8,2023-09-11
B09L9GLNV8,2023-10-09
B09L9GLNV8,2023-11-06
B09L9GLNV8,2023-12-04
B09L9GLNV8,2024-01-01
B09L9GLNV8,2024-01-29
B09LCF1P66,2023-02-27
B09LCF1P66,2023-03-27
B09LCF1P66,2023-04-24
B09LCF1P66,2023-05-22
B09LCF1P66,2023-06-19
B09LCF1P66,2023-07-17
B09LCF1P66,2023-08-14
B09LCF1P66,2023-09-11
B09LCF1P66,2023-10-09
B09LCF1P66,2023-11-06
B09LCF1P66,2023-12-04
B09LCF1P66,2024-01-01
B09LCF1P66,2024-01-29
B09LCMN3FR,2023-02-27
B09LCMN3FR,2023-03-27
B09LCMN3FR,2023-04-24
B09LCMN3FR,2023-05-22
B09LCMN3FR,2023-06-19
B09LCMN3FR,2023-07-17
B09LCMN3FR,2023-08-14
B09LCMN3FR,2023-09-11
B09LCMN3FR,2023-10-09
B09LCMN3FR,2023-11-06
B09LCMN3FR,2023-12-04
B09LCMN3FR,2024-01-01
B09LCMN3FR,2024-01-29
B09LCMV9NS,2023-02-27
B09LCMV9NS,2023-03-27
B09LCMV9NS,2023-04-24
B09LCMV9NS,2023-05-22
B09LCMV9NS,2023-06-19
B09LCMV9NS,2023-07-17
B09LCMV9NS,2023-08-14
B09LCMV9NS,2023-09-11
B09LCMV9NS,2023-10-09
B09LCMV9NS,2023-11-06
B09LCMV9NS,2023-12-04
B09LCMV9NS,2024-01-01
B09LCMV9NS,2024-01-29
B09LD2DFPZ,2023-02-27
B09LD2DFPZ,2023-03-27
B09LD2DFPZ,2023-04-24
B09LD2DFPZ,2023-05-22
B09LD2DFPZ,2023-06-19
B09LD2DFPZ,2023-07-17
B09LD2DFPZ,2023-08-14
B09LD2DFPZ,2023-09-11
B09LD2DFPZ,2023-10-09
B09LD2DFPZ,2023-11-06
B09LD2DFPZ,2023-12-04
B09LD2DFPZ,2024-01-01
B09LD2DFPZ,2024-01-29
B09LD3L1QT,2023-02-27
B09LD3L1QT,2023-03-27
B09LD3L1QT,2023-04-24
B09LD3L1QT,2023-05-22
B09LD3L1QT,2023-06-19
B09LD3L1QT,2023-07-17
B09LD3L1QT,2023-08-14
B09LD3L1QT,2023-09-11
B09LD3L1QT,2023-10-09
B09LD3L1QT,2023-11-06
B09LD3L1QT,2023-12-04
B09LD3L1QT,2024-01-01
B09LD3L1QT,2024-01-29
B09LD3T5JR,2023-02-27
B09LD3T5JR,2023-03-27
B09LD3T5JR,2023-04-24
B09LD3T5JR,2023-05-22
B09LD3T5JR,2023-06-19
B09LD3T5JR,2023-07-17
B09LD3T5JR,2023-08-14
B09LD3T5JR,2023-09-11
B09LD3T5JR,2023-10-09
B09LD3T5JR,2023-11-06
B09LD3T5JR,2023-12-04
B09LD3T5JR,2024-01-01
B09LD3T5JR,2024-01-29
B09LDZ9RVP,2023-02-27
B09LDZ9RVP,2023-03-27
B09LDZ9RVP,2023-04-24
B09LDZ9RVP,2023-05-22
B09LDZ9RVP,2023-06-19
B09LDZ9RVP,2023-07-17
B09LDZ9RVP,2023-08-14
B09LDZ9RVP,2023-09-11
B09LDZ9RVP,2023-10-09
B09LDZ9RVP,2023-11-06
B09LDZ9RVP,2023-12-04
B09LDZ9RVP,2024-01-01
B09LDZ9RVP,2024-01-29
B09LH1KV9G,2023-02-27
B09LH1KV9G,2023-03-27
B09LH1KV9G,2023-04-24
B09LH1KV9G,2023-05-22
B09LH1KV9G,2023-06-19
B09LH1KV9G,2023-07-17
B09LH1KV9G,2023-08-14
B09LH1KV9G,2023-09-11
B09LH1KV9G,2023-10-09
B09LH1KV9G,2023-11-06
B09LH1KV9G,2023-12-04
B09LH1KV9G,2024-01-01
B09LH1KV9G,2024-01-29
B09LH3PM2X,2023-02-27
B09LH3PM2X,2023-03-27
B09LH3PM2X,2023-11-06
B09LH3PM2X,2023-12-04
B09LH3PM2X,2024-01-01
B09LH3PM2X,2024-01-29
B09LH48ZBR,2023-02-27
B09LH48ZBR,2023-03-27
B09LH48ZBR,2023-11-06
B09LH48ZBR,2023-12-04
B09LH48ZBR,2024-01-01
B09LH48ZBR,2024-01-29
B09LH5D47B,2023-02-27
B09LH5D47B,2023-03-27
B09LH5D47B,2023-11-06
B09LH5D47B,2023-12-04
B09LH5D47B,2024-01-01
B09LH5D47B,2024-01-29
B09LM4GYNX,2023-02-27
B09LM4GYNX,2023-03-27
B09LM4GYNX,2023-04-24
B09LM4GYNX,2023-05-22
B09LM4GYNX,2023-06-19
B09LM4GYNX,2023-07-17
B09LM4GYNX,2023-08-14
B09LM4GYNX,2023-09-11
B09LM4GYNX,2023-10-09
B09LM4GYNX,2023-11-06
B09LM4GYNX,2023-12-04
B09LM4GYNX,2024-01-01
B09LM4GYNX,2024-01-29
B09LM56965,2023-02-27
B09LM56965,2023-03-27
B09LM56965,2023-04-24
B09LM56965,2023-05-22
B09LM56965,2023-06-19
B09LM56965,2023-07-17
B09LM56965,2023-08-14
B09LM56965,2023-09-11
B09LM56965,2023-10-09
B09LM56965,2023-11-06
B09LM56965,2023-12-04
B09LM56965,2024-01-01
B09LM56965,2024-01-29
B09LQGL1TJ,2023-02-27
B09LQGL1TJ,2023-03-27
B09LQGL1TJ,2023-04-24
B09LQGL1TJ,2023-05-22
B09LQGL1TJ,2023-06-19
B09LQGL1TJ,2023-07-17
B09LQGL1TJ,2023-08-14
B09LQGL1TJ,2023-09-11
B09LQGL1TJ,2023-10-09
B09LQGL1TJ,2023-11-06
B09LQGL1TJ,2023-12-04
B09LQGL1TJ,2024-01-01
B09LQGL1TJ,2024-01-29
B09LQK5MW7,2023-02-27
B09LQK5MW7,2023-03-27
B09LQK5MW7,2023-04-24
B09LQK5MW7,2023-05-22
B09LQK5MW7,2023-06-19
B09LQK5MW7,2023-07-17
B09LQK5MW7,2023-08-14
B09LQK5MW7,2023-09-11
B09LQK5MW7,2023-10-09
B09LQK5MW7,2023-11-06
B09LQK5MW7,2023-12-04
B09LQK5MW7,2024-01-01
B09LQK5MW7,2024-01-29
B09LQP8641,2023-02-27
B09LQP8641,2023-03-27
B09LQP8641,2023-04-24
B09LQP8641,2023-05-22
B09LQP8641,2023-06-19
B09LQP8641,2023-07-17
B09LQP8641,2023-08-14
B09LQP8641,2023-09-11
B09LQP8641,2023-10-09
B09LQP8641,2023-11-06
B09LQP8641,2023-12-04
B09LQP8641,2024-01-01
B09LQP8641,2024-01-29
B09LV9PRGS,2023-02-27
B09LV9PRGS,2023-03-27
B09LV9PRGS,2023-04-24
B09LV9PRGS,2023-05-22
B09LV9PRGS,2023-06-19
B09LV9PRGS,2023-07-17
B09LV9PRGS,2023-08-14
B09LV9PRGS,2023-09-11
B09LV9PRGS,2023-10-09
B09LV9PRGS,2023-11-06
B09LV9PRGS,2023-12-04
B09LV9PRGS,2024-01-01
B09LV9PRGS,2024-01-29
B09LV9R4Z2,2023-02-27
B09LV9R4Z2,2023-03-27
B09LV9R4Z2,2023-04-24
B09LV9R4Z2,2023-05-22
B09LV9R4Z2,2023-06-19
B09LV9R4Z2,2023-07-17
B09LV9R4Z2,2023-08-14
B09LV9R4Z2,2023-09-11
B09LV9R4Z2,2023-10-09
B09LV9R4Z2,2023-11-06
B09LV9R4Z2,2023-12-04
B09LV9R4Z2,2024-01-01
B09LV9R4Z2,2024-01-29
B09LZ6WNGB,2023-02-27
B09LZ6WNGB,2023-03-27
B09LZ6WNGB,2023-04-24
B09LZ6WNGB,2023-05-22
B09LZ6WNGB,2023-06-19
B09LZ6WNGB,2023-07-17
B09LZ6WNGB,2023-08-14
B09LZ6WNGB,2023-09-11
B09LZ6WNGB,2023-10-09
B09LZ6WNGB,2023-11-06
B09LZ6WNGB,2023-12-04
B09LZ6WNGB,2024-01-01
B09LZ6WNGB,2024-01-29
B09LZ7B4XJ,2023-02-27
B09LZ7B4XJ,2023-03-27
B09LZ7B4XJ,2023-04-24
B09LZ7B4XJ,2023-05-22
B09LZ7B4XJ,2023-06-19
B09LZ7B4XJ,2023-07-17
B09LZ7B4XJ,2023-08-14
B09LZ7B4XJ,2023-09-11
B09LZ7B4XJ,2023-10-09
B09LZ7B4XJ,2023-11-06
B09LZ7B4XJ,2023-12-04
B09LZ7B4XJ,2024-01-01
B09LZ7B4XJ,2024-01-29
B09M2ZWSJJ,2023-02-27
B09M2ZWSJJ,2023-03-27
B09M2ZWSJJ,2023-04-24
B09M2ZWSJJ,2023-05-22
B09M2ZWSJJ,2023-06-19
B09M2ZWSJJ,2023-07-17
B09M2ZWSJJ,2023-08-14
B09M2ZWSJJ,2023-09-11
B09M2ZWSJJ,2023-10-09
B09M2ZWSJJ,2023-11-06
B09M2ZWSJJ,2023-12-04
B09M2ZWSJJ,2024-01-01
B09M2ZWSJJ,2024-01-29
B09M4GSYFS,2023-02-27
B09M4GSYFS,2023-03-27
B09M4GSYFS,2023-04-24
B09M4GSYFS,2023-05-22
B09M4GSYFS,2023-06-19
B09M4GSYFS,2023-07-17
B09M4GSYFS,2023-08-14
B09M4GSYFS,2023-09-11
B09M4GSYFS,2023-10-09
B09M4GSYFS,2023-11-06
B09M4GSYFS,2023-12-04
B09M4GSYFS,2024-01-01
B09M4GSYFS,2024-01-29
B09M7KSJ2T,2023-02-27
B09M7KSJ2T,2023-03-27
B09M7KSJ2T,2023-04-24
B09M7KSJ2T,2023-05-22
B09M7KSJ2T,2023-06-19
B09M7KSJ2T,2023-07-17
B09M7KSJ2T,2023-08-14
B09M7KSJ2T,2023-09-11
B09M7KSJ2T,2023-10-09
B09M7KSJ2T,2023-11-06
B09M7KSJ2T,2023-12-04
B09M7KSJ2T,2024-01-01
B09M7KSJ2T,2024-01-29
B09M9BPPWT,2023-05-22
B09M9BPPWT,2023-06-19
B09M9BPPWT,2023-07-17
B09M9BPPWT,2023-08-14
B09M9BPPWT,2023-09-11
B09M9BPPWT,2023-10-09
B09M9BPPWT,2023-11-06
B09M9BPPWT,2023-12-04
B09M9BPPWT,2024-01-01
B09M9BPPWT,2024-01-29
B09MCRFR49,2023-08-14
B09MCRFR49,2023-09-11
B09MCRFR49,2023-10-09
B09MCRFR49,2023-11-06
B09MCRFR49,2023-12-04
B09MCRFR49,2024-01-01
B09MCRFR49,2024-01-29
B09MDSKWT1,2023-02-27
B09MDSKWT1,2023-03-27
B09MDSKWT1,2023-04-24
B09MDSKWT1,2023-05-22
B09MDSKWT1,2023-06-19
B09MDSKWT1,2023-07-17
B09MDSKWT1,2023-08-14
B09MDSKWT1,2023-09-11
B09MDSKWT1,2023-10-09
B09MDSKWT1,2023-11-06
B09MDSKWT1,2023-12-04
B09MDSKWT1,2024-01-01
B09MDSKWT1,2024-01-29
B09MDTLKTY,2023-02-27
B09MDTLKTY,2023-03-27
B09MDTLKTY,2023-04-24
B09MDTLKTY,2023-05-22
B09MDTLKTY,2023-06-19
B09MDTLKTY,2023-07-17
B09MDTLKTY,2023-08-14
B09MDTLKTY,2023-09-11
B09MDTLKTY,2023-10-09
B09MDTLKTY,2023-11-06
B09MDTLKTY,2023-12-04
B09MDTLKTY,2024-01-01
B09MDTLKTY,2024-01-29
B09MG4WD9N,2023-02-27
B09MG4WD9N,2023-03-27
B09MG4WD9N,2023-04-24
B09MG4WD9N,2023-05-22
B09MG4WD9N,2023-06-19
B09MG4WD9N,2023-07-17
B09MG4WD9N,2023-08-14
B09MG4WD9N,2023-09-11
B09MG4WD9N,2023-10-09
B09MG4WD9N,2023-11-06
B09MG4WD9N,2023-12-04
B09MG4WD9N,2024-01-01
B09MG4WD9N,2024-01-29
B09MN48Q9T,2023-02-27
B09MN48Q9T,2023-03-27
B09MN48Q9T,2023-04-24
B09MN48Q9T,2023-05-22
B09MN48Q9T,2023-06-19
B09MN48Q9T,2023-07-17
B09MN48Q9T,2023-08-14
B09MN48Q9T,2023-09-11
B09MN48Q9T,2023-10-09
B09MN48Q9T,2023-11-06
B09MN48Q9T,2023-12-04
B09MN48Q9T,2024-01-01
B09MN48Q9T,2024-01-29
B09MN87VHX,2023-02-27
B09MN87VHX,2023-03-27
B09MN87VHX,2023-04-24
B09MN87VHX,2023-05-22
B09MN87VHX,2023-06-19
B09MN87VHX,2023-07-17
B09MN87VHX,2023-08-14
B09MN87VHX,2023-09-11
B09MN87VHX,2023-10-09
B09MN87VHX,2023-11-06
B09MN87VHX,2023-12-04
B09MN87VHX,2024-01-01
B09MN87VHX,2024-01-29
B09MNQP75D,2023-02-27
B09MNQP75D,2023-03-27
B09MNQP75D,2023-04-24
B09MNQP75D,2023-05-22
B09MNQP75D,2023-06-19
B09MNQP75D,2023-07-17
B09MNQP75D,2023-08-14
B09MNQP75D,2023-09-11
B09MNQP75D,2023-10-09
B09MNQP75D,2023-11-06
B09MNQP75D,2023-12-04
B09MNQP75D,2024-01-01
B09MNQP75D,2024-01-29
B09MNR5GVG,2023-02-27
B09MNR5GVG,2023-03-27
B09MNR5GVG,2023-04-24
B09MNR5GVG,2023-05-22
B09MNR5GVG,2023-06-19
B09MNR5GVG,2023-07-17
B09MNR5GVG,2023-08-14
B09MNR5GVG,2023-09-11
B09MNR5GVG,2023-10-09
B09MNR5GVG,2023-11-06
B09MNR5GVG,2023-12-04
B09MNR5GVG,2024-01-01
B09MNR5GVG,2024-01-29
B09MNRLMF2,2023-02-27
B09MNRLMF2,2023-03-27
B09MNRLMF2,2023-04-24
B09MNRLMF2,2023-05-22
B09MNRLMF2,2023-06-19
B09MNRLMF2,2023-07-17
B09MNRLMF2,2023-08-14
B09MNRLMF2,2023-09-11
B09MNRLMF2,2023-10-09
B09MNRLMF2,2023-11-06
B09MNRLMF2,2023-12-04
B09MNRLMF2,2024-01-01
B09MNRLMF2,2024-01-29
B09MNRPJD7,2023-02-27
B09MNRPJD7,2023-03-27
B09MNRPJD7,2023-04-24
B09MNRPJD7,2023-05-22
B09MNRPJD7,2023-06-19
B09MNRPJD7,2023-07-17
B09MNRPJD7,2023-08-14
B09MNRPJD7,2023-09-11
B09MNRPJD7,2023-10-09
B09MNRPJD7,2023-11-06
B09MNRPJD7,2023-12-04
B09MNRPJD7,2024-01-01
B09MNRPJD7,2024-01-29
B09MNT46T4,2023-02-27
B09MNT46T4,2023-03-27
B09MNT46T4,2023-04-24
B09MNT46T4,2023-05-22
B09MNT46T4,2023-06-19
B09MNT46T4,2023-07-17
B09MNT46T4,2023-08-14
B09MNT46T4,2023-09-11
B09MNT46T4,2023-10-09
B09MNT46T4,2023-11-06
B09MNT46T4,2023-12-04
B09MNT46T4,2024-01-01
B09MNT46T4,2024-01-29
B09MQDT933,2023-02-27
B09MQDT933,2023-03-27
B09MQDT933,2023-04-24
B09MQDT933,2023-05-22
B09MQDT933,2023-06-19
B09MQDT933,2023-07-17
B09MQDT933,2023-08-14
B09MQDT933,2023-09-11
B09MQDT933,2023-10-09
B09MQDT933,2023-11-06
B09MQDT933,2023-12-04
B09MQDT933,2024-01-01
B09MQDT933,2024-01-29
B09MSD7N4J,2023-02-27
B09MSD7N4J,2023-03-27
B09MSD7N4J,2023-04-24
B09MSD7N4J,2023-05-22
B09MSD7N4J,2023-06-19
B09MSD7N4J,2023-07-17
B09MSD7N4J,2023-08-14
B09MSD7N4J,2023-09-11
B09MSD7N4J,2023-10-09
B09MSD7N4J,2023-11-06
B09MSD7N4J,2023-12-04
B09MSD7N4J,2024-01-01
B09MSD7N4J,2024-01-29
B09MSRKWRL,2023-02-27
B09MSRKWRL,2023-03-27
B09MSRKWRL,2023-04-24
B09MSRKWRL,2023-05-22
B09MSRKWRL,2023-06-19
B09MSRKWRL,2023-07-17
B09MSRKWRL,2023-08-14
B09MSRKWRL,2023-09-11
B09MSRKWRL,2023-10-09
B09MSRKWRL,2023-11-06
B09MSRKWRL,2023-12-04
B09MSRKWRL,2024-01-01
B09MSRKWRL,2024-01-29
B09MVV2DMZ,2023-02-27
B09MVV2DMZ,2023-03-27
B09MVV2DMZ,2023-04-24
B09MVV2DMZ,2023-05-22
B09MVV2DMZ,2023-06-19
B09MVV2DMZ,2023-07-17
B09MVV2DMZ,2023-08-14
B09MVV2DMZ,2023-09-11
B09MVV2DMZ,2023-10-09
B09MVV2DMZ,2023-11-06
B09MVV2DMZ,2023-12-04
B09MVV2DMZ,2024-01-01
B09MVV2DMZ,2024-01-29
B09MZSFYRR,2023-02-27
B09MZSFYRR,2023-03-27
B09MZSFYRR,2023-04-24
B09MZSFYRR,2023-05-22
B09MZSFYRR,2023-06-19
B09MZSFYRR,2023-07-17
B09MZSFYRR,2023-08-14
B09MZSFYRR,2023-09-11
B09MZSFYRR,2023-10-09
B09MZSFYRR,2023-11-06
B09MZSFYRR,2023-12-04
B09MZSFYRR,2024-01-01
B09MZSFYRR,2024-01-29
B09N14M8GZ,2023-02-27
B09N14M8GZ,2023-03-27
B09N14M8GZ,2023-04-24
B09N14M8GZ,2023-05-22
B09N14M8GZ,2023-06-19
B09N14M8GZ,2023-07-17
B09N14M8GZ,2023-08-14
B09N14M8GZ,2023-09-11
B09N14M8GZ,2023-10-09
B09N14M8GZ,2023-11-06
B09N14M8GZ,2023-12-04
B09N14M8GZ,2024-01-01
B09N14M8GZ,2024-01-29
B09N8XFRFB,2023-02-27
B09N8XFRFB,2023-03-27
B09N8XFRFB,2023-04-24
B09N8XFRFB,2023-05-22
B09N8XFRFB,2023-06-19
B09N8XFRFB,2023-07-17
B09N8XFRFB,2023-08-14
B09N8XFRFB,2023-09-11
B09N8XFRFB,2023-10-09
B09N8XFRFB,2023-11-06
B09N8XFRFB,2023-12-04
B09N8XFRFB,2024-01-01
B09N8XFRFB,2024-01-29
B09NB4HBCJ,2023-02-27
B09NB4HBCJ,2023-03-27
B09NB4HBCJ,2023-04-24
B09NB4HBCJ,2023-05-22
B09NB4HBCJ,2023-06-19
B09NB4HBCJ,2023-07-17
B09NB4HBCJ,2023-08-14
B09NB4HBCJ,2023-09-11
B09NB4HBCJ,2023-10-09
B09NB4HBCJ,2023-11-06
B09NB4HBCJ,2023-12-04
B09NB4HBCJ,2024-01-01
B09NB4HBCJ,2024-01-29
B09NB5TRRD,2023-02-27
B09NB5TRRD,2023-03-27
B09NB5TRRD,2023-04-24
B09NB5TRRD,2023-05-22
B09NB5TRRD,2023-06-19
B09NB5TRRD,2023-07-17
B09NB5TRRD,2023-08-14
B09NB5TRRD,2023-09-11
B09NB5TRRD,2023-10-09
B09NB5TRRD,2023-11-06
B09NB5TRRD,2023-12-04
B09NB5TRRD,2024-01-01
B09NB5TRRD,2024-01-29
B09NC5Y4NW,2023-02-27
B09NC5Y4NW,2023-03-27
B09NC5Y4NW,2023-04-24
B09NC5Y4NW,2023-05-22
B09NC5Y4NW,2023-06-19
B09NC5Y4NW,2023-07-17
B09NC5Y4NW,2023-08-14
B09NC5Y4NW,2023-09-11
B09NC5Y4NW,2023-10-09
B09NC5Y4NW,2023-11-06
B09NC5Y4NW,2023-12-04
B09NC5Y4NW,2024-01-01
B09NC5Y4NW,2024-01-29
B09NCBCW5W,2023-02-27
B09NCBCW5W,2023-03-27
B09NCBCW5W,2023-04-24
B09NCBCW5W,2023-05-22
B09NCBCW5W,2023-06-19
B09NCBCW5W,2023-07-17
B09NCBCW5W,2023-08-14
B09NCBCW5W,2023-09-11
B09NCBCW5W,2023-10-09
B09NCBCW5W,2023-11-06
B09NCBCW5W,2023-12-04
B09NCBCW5W,2024-01-01
B09NCBCW5W,2024-01-29
B09NF1GRXP,2023-02-27
B09NF1GRXP,2023-03-27
B09NF1GRXP,2023-04-24
B09NF1GRXP,2023-05-22
B09NF1GRXP,2023-06-19
B09NF1GRXP,2023-07-17
B09NF1GRXP,2023-08-14
B09NF1GRXP,2023-09-11
B09NF1GRXP,2023-10-09
B09NF1GRXP,2023-11-06
B09NF1GRXP,2023-12-04
B09NF1GRXP,2024-01-01
B09NF1GRXP,2024-01-29
B09NFH7ZVP,2023-02-27
B09NFH7ZVP,2023-03-27
B09NFH7ZVP,2023-04-24
B09NFH7ZVP,2023-05-22
B09NFH7ZVP,2023-06-19
B09NFH7ZVP,2023-07-17
B09NFH7ZVP,2023-08-14
B09NFH7ZVP,2023-09-11
B09NFH7ZVP,2023-10-09
B09NFH7ZVP,2023-11-06
B09NFH7ZVP,2023-12-04
B09NFH7ZVP,2024-01-01
B09NFH7ZVP,2024-01-29
B09NHVY72Z,2023-02-27
B09NHVY72Z,2023-03-27
B09NHVY72Z,2023-04-24
B09NHVY72Z,2023-05-22
B09NHVY72Z,2023-06-19
B09NHVY72Z,2023-07-17
B09NHVY72Z,2023-08-14
B09NHVY72Z,2023-09-11
B09NHVY72Z,2023-10-09
B09NHVY72Z,2023-11-06
B09NHVY72Z,2023-12-04
B09NHVY72Z,2024-01-01
B09NHVY72Z,2024-01-29
B09NHWPPL6,2023-02-27
B09NHWPPL6,2023-03-27
B09NHWPPL6,2023-04-24
B09NHWPPL6,2023-05-22
B09NHWPPL6,2023-06-19
B09NHWPPL6,2023-07-17
B09NHWPPL6,2023-08-14
B09NHWPPL6,2023-09-11
B09NHWPPL6,2023-10-09
B09NHWPPL6,2023-11-06
B09NHWPPL6,2023-12-04
B09NHWPPL6,2024-01-01
B09NHWPPL6,2024-01-29
B09NJQCV76,2023-02-27
B09NJQCV76,2023-03-27
B09NJQCV76,2023-04-24
B09NJQCV76,2023-05-22
B09NJQCV76,2023-06-19
B09NJQCV76,2023-07-17
B09NJQCV76,2023-08-14
B09NJQCV76,2023-09-11
B09NJQCV76,2023-10-09
B09NJQCV76,2023-11-06
B09NJQCV76,2023-12-04
B09NJQCV76,2024-01-01
B09NJQCV76,2024-01-29
B09NL5KT2F,2023-02-27
B09NL5KT2F,2023-03-27
B09NL5KT2F,2023-04-24
B09NL5KT2F,2023-05-22
B09NL5KT2F,2023-06-19
B09NL5KT2F,2023-07-17
B09NL5KT2F,2023-08-14
B09NL5KT2F,2023-09-11
B09NL5KT2F,2023-10-09
B09NL5KT2F,2023-11-06
B09NL5KT2F,2023-12-04
B09NL5KT2F,2024-01-01
B09NL5KT2F,2024-01-29
B09NL8H5VL,2023-02-27
B09NL8H5VL,2023-03-27
B09NL8H5VL,2023-04-24
B09NL8H5VL,2023-05-22
B09NL8H5VL,2023-06-19
B09NL8H5VL,2023-07-17
B09NL8H5VL,2023-08-14
B09NL8H5VL,2023-09-11
B09NL8H5VL,2023-10-09
B09NL8H5VL,2023-11-06
B09NL8H5VL,2023-12-04
B09NL8H5VL,2024-01-01
B09NL8H5VL,2024-01-29
B09NL95Y6Q,2023-02-27
B09NL95Y6Q,2023-03-27
B09NL95Y6Q,2023-04-24
B09NL95Y6Q,2023-05-22
B09NL95Y6Q,2023-06-19
B09NL95Y6Q,2023-07-17
B09NL95Y6Q,2023-08-14
B09NL95Y6Q,2023-09-11
B09NL95Y6Q,2023-10-09
B09NL95Y6Q,2023-11-06
B09NL95Y6Q,2023-12-04
B09NL95Y6Q,2024-01-01
B09NL95Y6Q,2024-01-29
B09NLCXQJV,2023-02-27
B09NLCXQJV,2023-03-27
B09NLCXQJV,2023-04-24
B09NLCXQJV,2023-05-22
B09NLCXQJV,2023-06-19
B09NLCXQJV,2023-07-17
B09NLCXQJV,2023-08-14
B09NLCXQJV,2023-09-11
B09NLCXQJV,2023-10-09
B09NLCXQJV,2023-11-06
B09NLCXQJV,2023-12-04
B09NLCXQJV,2024-01-01
B09NLCXQJV,2024-01-29
B09NLD5HPC,2023-02-27
B09NLD5HPC,2023-03-27
B09NLD5HPC,2023-04-24
B09NLD5HPC,2023-05-22
B09NLD5HPC,2023-06-19
B09NLD5HPC,2023-07-17
B09NLD5HPC,2023-08-14
B09NLD5HPC,2023-09-11
B09NLD5HPC,2023-10-09
B09NLD5HPC,2023-11-06
B09NLD5HPC,2023-12-04
B09NLD5HPC,2024-01-01
B09NLD5HPC,2024-01-29
B09NLDL9NT,2023-02-27
B09NLDL9NT,2023-03-27
B09NLDL9NT,2023-04-24
B09NLDL9NT,2023-05-22
B09NLDL9NT,2023-06-19
B09NLDL9NT,2023-07-17
B09NLDL9NT,2023-08-14
B09NLDL9NT,2023-09-11
B09NLDL9NT,2023-10-09
B09NLDL9NT,2023-11-06
B09NLDL9NT,2023-12-04
B09NLDL9NT,2024-01-01
B09NLDL9NT,2024-01-29
B09NLDZKVV,2023-02-27
B09NLDZKVV,2023-03-27
B09NLDZKVV,2023-04-24
B09NLDZKVV,2023-05-22
B09NLDZKVV,2023-06-19
B09NLDZKVV,2023-07-17
B09NLDZKVV,2023-08-14
B09NLDZKVV,2023-09-11
B09NLDZKVV,2023-10-09
B09NLDZKVV,2023-11-06
B09NLDZKVV,2023-12-04
B09NLDZKVV,2024-01-01
B09NLDZKVV,2024-01-29
B09NLG2NKF,2023-09-11
B09NLG2NKF,2023-10-09
B09NLG2NKF,2023-11-06
B09NLG2NKF,2023-12-04
B09NLG2NKF,2024-01-01
B09NLG2NKF,2024-01-29
B09NLGPPJF,2023-02-27
B09NLGPPJF,2023-03-27
B09NLGPPJF,2023-04-24
B09NLGPPJF,2023-05-22
B09NLGPPJF,2023-06-19
B09NLGPPJF,2023-07-17
B09NLGPPJF,2023-08-14
B09NLGPPJF,2023-09-11
B09NLGPPJF,2023-10-09
B09NLGPPJF,2023-11-06
B09NLGPPJF,2023-12-04
B09NLGPPJF,2024-01-01
B09NLGPPJF,2024-01-29
B09NMJCFKY,2023-02-27
B09NMJCFKY,2023-03-27
B09NMJCFKY,2023-04-24
B09NMJCFKY,2023-05-22
B09NMJCFKY,2023-06-19
B09NMJCFKY,2023-07-17
B09NMJCFKY,2023-08-14
B09NMJCFKY,2023-09-11
B09NMJCFKY,2023-10-09
B09NMJCFKY,2023-11-06
B09NMJCFKY,2023-12-04
B09NMJCFKY,2024-01-01
B09NMJCFKY,2024-01-29
B09NMMNLJB,2023-02-27
B09NMMNLJB,2023-03-27
B09NMMNLJB,2023-04-24
B09NMMNLJB,2023-05-22
B09NMMNLJB,2023-06-19
B09NMMNLJB,2023-07-17
B09NMMNLJB,2023-08-14
B09NMMNLJB,2023-09-11
B09NMMNLJB,2023-10-09
B09NMMNLJB,2023-11-06
B09NMMNLJB,2023-12-04
B09NMMNLJB,2024-01-01
B09NMMNLJB,2024-01-29
B09NMPM9MC,2023-02-27
B09NMPM9MC,2023-03-27
B09NMPM9MC,2023-04-24
B09NMPM9MC,2023-05-22
B09NMPM9MC,2023-06-19
B09NMPM9MC,2023-07-17
B09NMPM9MC,2023-08-14
B09NMPM9MC,2023-09-11
B09NMPM9MC,2023-10-09
B09NMPM9MC,2023-11-06
B09NMPM9MC,2023-12-04
B09NMPM9MC,2024-01-01
B09NMPM9MC,2024-01-29
B09NNZSWQZ,2023-02-27
B09NNZSWQZ,2023-03-27
B09NNZSWQZ,2023-04-24
B09NNZSWQZ,2023-05-22
B09NNZSWQZ,2023-06-19
B09NNZSWQZ,2023-07-17
B09NNZSWQZ,2023-08-14
B09NNZSWQZ,2023-09-11
B09NNZSWQZ,2023-10-09
B09NNZSWQZ,2023-11-06
B09NNZSWQZ,2023-12-04
B09NNZSWQZ,2024-01-01
B09NNZSWQZ,2024-01-29
B09NP42HQQ,2023-02-27
B09NP42HQQ,2023-03-27
B09NP42HQQ,2023-04-24
B09NP42HQQ,2023-05-22
B09NP42HQQ,2023-06-19
B09NP42HQQ,2023-07-17
B09NP42HQQ,2023-08-14
B09NP42HQQ,2023-09-11
B09NP42HQQ,2023-10-09
B09NP42HQQ,2023-11-06
B09NP42HQQ,2023-12-04
B09NP42HQQ,2024-01-01
B09NP42HQQ,2024-01-29
B09NP4TMSZ,2023-02-27
B09NP4TMSZ,2023-03-27
B09NP4TMSZ,2023-04-24
B09NP4TMSZ,2023-05-22
B09NP4TMSZ,2023-06-19
B09NP4TMSZ,2023-07-17
B09NP4TMSZ,2023-08-14
B09NP4TMSZ,2023-09-11
B09NP4TMSZ,2023-10-09
B09NP4TMSZ,2023-11-06
B09NP4TMSZ,2023-12-04
B09NP4TMSZ,2024-01-01
B09NP4TMSZ,2024-01-29
B09NP4TRN7,2023-02-27
B09NP4TRN7,2023-03-27
B09NP4TRN7,2023-04-24
B09NP4TRN7,2023-05-22
B09NP4TRN7,2023-06-19
B09NP4TRN7,2023-07-17
B09NP4TRN7,2023-08-14
B09NP4TRN7,2023-09-11
B09NP4TRN7,2023-10-09
B09NP4TRN7,2023-11-06
B09NP4TRN7,2023-12-04
B09NP4TRN7,2024-01-01
B09NP4TRN7,2024-01-29
B09NPSTY8Y,2023-02-27
B09NPSTY8Y,2023-03-27
B09NPSTY8Y,2023-04-24
B09NPSTY8Y,2023-05-22
B09NPSTY8Y,2023-06-19
B09NPSTY8Y,2023-07-17
B09NPSTY8Y,2023-08-14
B09NPSTY8Y,2023-09-11
B09NPSTY8Y,2023-10-09
B09NPSTY8Y,2023-11-06
B09NPSTY8Y,2023-12-04
B09NPSTY8Y,2024-01-01
B09NPSTY8Y,2024-01-29
B09NPYWDYJ,2023-02-27
B09NPYWDYJ,2023-03-27
B09NPYWDYJ,2023-04-24
B09NPYWDYJ,2023-05-22
B09NPYWDYJ,2023-06-19
B09NPYWDYJ,2023-07-17
B09NPYWDYJ,2023-08-14
B09NPYWDYJ,2023-09-11
B09NPYWDYJ,2023-10-09
B09NPYWDYJ,2023-11-06
B09NPYWDYJ,2023-12-04
B09NPYWDYJ,2024-01-01
B09NPYWDYJ,2024-01-29
B09NPZGZCW,2023-02-27
B09NPZGZCW,2023-03-27
B09NPZGZCW,2023-04-24
B09NPZGZCW,2023-05-22
B09NPZGZCW,2023-06-19
B09NPZGZCW,2023-07-17
B09NPZGZCW,2023-08-14
B09NPZGZCW,2023-09-11
B09NPZGZCW,2023-10-09
B09NPZGZCW,2023-11-06
B09NPZGZCW,2023-12-04
B09NPZGZCW,2024-01-01
B09NPZGZCW,2024-01-29
B09NR16VZQ,2023-02-27
B09NR16VZQ,2023-03-27
B09NR16VZQ,2023-04-24
B09NR16VZQ,2023-05-22
B09NR16VZQ,2023-06-19
B09NR16VZQ,2023-07-17
B09NR16VZQ,2023-08-14
B09NR16VZQ,2023-09-11
B09NR16VZQ,2023-10-09
B09NR16VZQ,2023-11-06
B09NR16VZQ,2023-12-04
B09NR16VZQ,2024-01-01
B09NR16VZQ,2024-01-29
B09NR179L1,2023-02-27
B09NR179L1,2023-03-27
B09NR179L1,2023-04-24
B09NR179L1,2023-05-22
B09NR179L1,2023-06-19
B09NR179L1,2023-07-17
B09NR179L1,2023-08-14
B09NR179L1,2023-09-11
B09NR179L1,2023-10-09
B09NR179L1,2023-11-06
B09NR179L1,2023-12-04
B09NR179L1,2024-01-01
B09NR179L1,2024-01-29
B09NR1MWXZ,2023-02-27
B09NR1MWXZ,2023-03-27
B09NR1MWXZ,2023-04-24
B09NR1MWXZ,2023-05-22
B09NR1MWXZ,2023-06-19
B09NR1MWXZ,2023-07-17
B09NR1MWXZ,2023-08-14
B09NR1MWXZ,2023-09-11
B09NR1MWXZ,2023-10-09
B09NR1MWXZ,2023-11-06
B09NR1MWXZ,2023-12-04
B09NR1MWXZ,2024-01-01
B09NR1MWXZ,2024-01-29
B09NRVSMQG,2023-02-27
B09NRVSMQG,2023-03-27
B09NRVSMQG,2023-04-24
B09NRVSMQG,2023-05-22
B09NRVSMQG,2023-06-19
B09NRVSMQG,2023-07-17
B09NRVSMQG,2023-08-14
B09NRVSMQG,2023-09-11
B09NRVSMQG,2023-10-09
B09NRVSMQG,2023-11-06
B09NRVSMQG,2023-12-04
B09NRVSMQG,2024-01-01
B09NRVSMQG,2024-01-29
B09NRWPX29,2023-04-24
B09NRWPX29,2023-05-22
B09NRWPX29,2023-06-19
B09NRWPX29,2023-07-17
B09NRWPX29,2023-08-14
B09NRWPX29,2023-09-11
B09NRWPX29,2023-10-09
B09NRWPX29,2023-11-06
B09NRWPX29,2023-12-04
B09NRWPX29,2024-01-01
B09NRWPX29,2024-01-29
B09NRX639S,2023-02-27
B09NRX639S,2023-03-27
B09NRX639S,2023-04-24
B09NRX639S,2023-05-22
B09NRX639S,2023-06-19
B09NRX639S,2023-07-17
B09NRX639S,2023-08-14
B09NRX639S,2023-09-11
B09NRX639S,2023-10-09
B09NRX639S,2023-11-06
B09NRX639S,2023-12-04
B09NRX639S,2024-01-01
B09NRX639S,2024-01-29
B09NRXJJCZ,2023-02-27
B09NRXJJCZ,2023-03-27
B09NRXJJCZ,2023-04-24
B09NRXJJCZ,2023-05-22
B09NRXJJCZ,2023-06-19
B09NRXJJCZ,2023-07-17
B09NRXJJCZ,2023-08-14
B09NRXJJCZ,2023-09-11
B09NRXJJCZ,2023-10-09
B09NRXJJCZ,2023-11-06
B09NRXJJCZ,2023-12-04
B09NRXJJCZ,2024-01-01
B09NRXJJCZ,2024-01-29
B09NRXN2DW,2023-02-27
B09NRXN2DW,2023-03-27
B09NRXN2DW,2023-04-24
B09NRXN2DW,2023-05-22
B09NRXN2DW,2023-06-19
B09NRXN2DW,2023-07-17
B09NRXN2DW,2023-08-14
B09NRXN2DW,2023-09-11
B09NRXN2DW,2023-10-09
B09NRXN2DW,2023-11-06
B09NRXN2DW,2023-12-04
B09NRXN2DW,2024-01-01
B09NRXN2DW,2024-01-29
B09NRY7F78,2023-06-19
B09NRY7F78,2023-07-17
B09NRY7F78,2023-08-14
B09NRY7F78,2023-09-11
B09NRY7F78,2023-10-09
B09NRY7F78,2023-11-06
B09NRY7F78,2023-12-04
B09NRY7F78,2024-01-01
B09NRY7F78,2024-01-29
B09NSMFSLB,2023-02-27
B09NSMFSLB,2023-03-27
B09NSMFSLB,2023-04-24
B09NSMFSLB,2023-05-22
B09NSMFSLB,2023-06-19
B09NSMFSLB,2023-07-17
B09NSMFSLB,2023-08-14
B09NSMFSLB,2023-09-11
B09NSMFSLB,2023-10-09
B09NSMFSLB,2023-11-06
B09NSMFSLB,2023-12-04
B09NSMFSLB,2024-01-01
B09NSMFSLB,2024-01-29
B09NSSC2K4,2023-02-27
B09NSSC2K4,2023-03-27
B09NSSC2K4,2023-04-24
B09NSSC2K4,2023-05-22
B09NSSC2K4,2023-06-19
B09NSSC2K4,2023-07-17
B09NSSC2K4,2023-08-14
B09NSSC2K4,2023-09-11
B09NSSC2K4,2023-10-09
B09NSSC2K4,2023-11-06
B09NSSC2K4,2023-12-04
B09NSSC2K4,2024-01-01
B09NSSC2K4,2024-01-29
B09NWC6K4M,2023-02-27
B09NWC6K4M,2023-03-27
B09NWC6K4M,2023-04-24
B09NWC6K4M,2023-05-22
B09NWC6K4M,2023-06-19
B09NWC6K4M,2023-07-17
B09NWC6K4M,2023-08-14
B09NWC6K4M,2023-09-11
B09NWC6K4M,2023-10-09
B09NWC6K4M,2023-11-06
B09NWC6K4M,2023-12-04
B09NWC6K4M,2024-01-01
B09NWC6K4M,2024-01-29
B09NWDBZH1,2023-02-27
B09NWDBZH1,2023-03-27
B09NWDBZH1,2023-04-24
B09NWDBZH1,2023-05-22
B09NWDBZH1,2023-06-19
B09NWDBZH1,2023-07-17
B09NWDBZH1,2023-08-14
B09NWDBZH1,2023-09-11
B09NWDBZH1,2023-10-09
B09NWDBZH1,2023-11-06
B09NWDBZH1,2023-12-04
B09NWDBZH1,2024-01-01
B09NWDBZH1,2024-01-29
B09NWDLWVQ,2023-02-27
B09NWDLWVQ,2023-03-27
B09NWDLWVQ,2023-04-24
B09NWDLWVQ,2023-05-22
B09NWDLWVQ,2023-06-19
B09NWDLWVQ,2023-07-17
B09NWDLWVQ,2023-08-14
B09NWDLWVQ,2023-09-11
B09NWDLWVQ,2023-10-09
B09NWDLWVQ,2023-11-06
B09NWDLWVQ,2023-12-04
B09NWDLWVQ,2024-01-01
B09NWDLWVQ,2024-01-29
B09NYLQ8M7,2023-02-27
B09NYLQ8M7,2023-03-27
B09NYLQ8M7,2023-04-24
B09NYLQ8M7,2023-05-22
B09NYLQ8M7,2023-06-19
B09NYLQ8M7,2023-07-17
B09NYLQ8M7,2023-08-14
B09NYLQ8M7,2023-09-11
B09NYLQ8M7,2023-10-09
B09NYLQ8M7,2023-11-06
B09NYLQ8M7,2023-12-04
B09NYLQ8M7,2024-01-01
B09NYLQ8M7,2024-01-29
B09P4B8X6C,2023-02-27
B09P4B8X6C,2023-03-27
B09P4B8X6C,2023-04-24
B09P4B8X6C,2023-05-22
B09P4B8X6C,2023-06-19
B09P4B8X6C,2023-07-17
B09P4B8X6C,2023-08-14
B09P4B8X6C,2023-09-11
B09P4B8X6C,2023-10-09
B09P4B8X6C,2023-11-06
B09P4B8X6C,2023-12-04
B09P4B8X6C,2024-01-01
B09P4B8X6C,2024-01-29
B09P4CGYDD,2023-02-27
B09P4CGYDD,2023-03-27
B09P4CGYDD,2023-04-24
B09P4CGYDD,2023-05-22
B09P4CGYDD,2023-06-19
B09P4CGYDD,2023-07-17
B09P4CGYDD,2023-08-14
B09P4CGYDD,2023-09-11
B09P4CGYDD,2023-10-09
B09P4CGYDD,2023-11-06
B09P4CGYDD,2023-12-04
B09P4CGYDD,2024-01-01
B09P4CGYDD,2024-01-29
B09P4D11HG,2023-02-27
B09P4D11HG,2023-03-27
B09P4D11HG,2023-04-24
B09P4D11HG,2023-05-22
B09P4D11HG,2023-06-19
B09P4D11HG,2023-07-17
B09P4D11HG,2023-08-14
B09P4D11HG,2023-09-11
B09P4D11HG,2023-10-09
B09P4D11HG,2023-11-06
B09P4D11HG,2023-12-04
B09P4D11HG,2024-01-01
B09P4D11HG,2024-01-29
B09P4D7QLN,2023-02-27
B09P4D7QLN,2023-03-27
B09P4D7QLN,2023-04-24
B09P4D7QLN,2023-05-22
B09P4D7QLN,2023-06-19
B09P4D7QLN,2023-07-17
B09P4D7QLN,2023-08-14
B09P4D7QLN,2023-09-11
B09P4D7QLN,2023-10-09
B09P4D7QLN,2023-11-06
B09P4D7QLN,2023-12-04
B09P4D7QLN,2024-01-01
B09P4D7QLN,2024-01-29
B09P4F8TQD,2023-02-27
B09P4F8TQD,2023-03-27
B09P4F8TQD,2023-04-24
B09P4F8TQD,2023-05-22
B09P4F8TQD,2023-06-19
B09P4F8TQD,2023-07-17
B09P4F8TQD,2023-08-14
B09P4F8TQD,2023-09-11
B09P4F8TQD,2023-10-09
B09P4F8TQD,2023-11-06
B09P4F8TQD,2023-12-04
B09P4F8TQD,2024-01-01
B09P4F8TQD,2024-01-29
B09P4FT93V,2023-05-22
B09P4FT93V,2023-06-19
B09P4FT93V,2023-07-17
B09P4FT93V,2023-08-14
B09P4FT93V,2023-09-11
B09P4FT93V,2023-10-09
B09P4FT93V,2023-11-06
B09P4FT93V,2023-12-04
B09P4FT93V,2024-01-01
B09P4FT93V,2024-01-29
B09P4FTJBC,2023-02-27
B09P4FTJBC,2023-03-27
B09P4FTJBC,2023-04-24
B09P4FTJBC,2023-05-22
B09P4FTJBC,2023-06-19
B09P4FTJBC,2023-07-17
B09P4FTJBC,2023-08-14
B09P4FTJBC,2023-09-11
B09P4FTJBC,2023-10-09
B09P4FTJBC,2023-11-06
B09P4FTJBC,2023-12-04
B09P4FTJBC,2024-01-01
B09P4FTJBC,2024-01-29
B09P4ZGYX2,2023-02-27
B09P4ZGYX2,2023-03-27
B09P4ZGYX2,2023-04-24
B09P4ZGYX2,2023-05-22
B09P4ZGYX2,2023-06-19
B09P4ZGYX2,2023-07-17
B09P4ZGYX2,2023-08-14
B09P4ZGYX2,2023-09-11
B09P4ZGYX2,2023-10-09
B09P4ZGYX2,2023-11-06
B09P4ZGYX2,2023-12-04
B09P4ZGYX2,2024-01-01
B09P4ZGYX2,2024-01-29
B09P9DPCST,2023-02-27
B09P9DPCST,2023-03-27
B09P9DPCST,2023-04-24
B09P9DPCST,2023-05-22
B09P9DPCST,2023-06-19
B09P9DPCST,2023-07-17
B09P9DPCST,2023-08-14
B09P9DPCST,2023-09-11
B09P9DPCST,2023-10-09
B09P9DPCST,2023-11-06
B09P9DPCST,2023-12-04
B09P9DPCST,2024-01-01
B09P9DPCST,2024-01-29
B09P9MKX4D,2023-02-27
B09P9MKX4D,2023-03-27
B09P9MKX4D,2023-04-24
B09P9MKX4D,2023-05-22
B09P9MKX4D,2023-06-19
B09P9MKX4D,2023-07-17
B09P9MKX4D,2023-08-14
B09P9MKX4D,2023-09-11
B09P9MKX4D,2023-10-09
B09P9MKX4D,2023-11-06
B09P9MKX4D,2023-12-04
B09P9MKX4D,2024-01-01
B09P9MKX4D,2024-01-29
B09P9N3BP2,2023-02-27
B09P9N3BP2,2023-03-27
B09P9N3BP2,2023-04-24
B09P9N3BP2,2023-05-22
B09P9N3BP2,2023-06-19
B09P9N3BP2,2023-07-17
B09P9N3BP2,2023-08-14
B09P9N3BP2,2023-09-11
B09P9N3BP2,2023-10-09
B09P9N3BP2,2023-11-06
B09P9N3BP2,2023-12-04
B09P9N3BP2,2024-01-01
B09P9N3BP2,2024-01-29
B09P9NS1HG,2023-02-27
B09P9NS1HG,2023-03-27
B09P9NS1HG,2023-04-24
B09P9NS1HG,2023-05-22
B09P9NS1HG,2023-06-19
B09P9NS1HG,2023-07-17
B09P9NS1HG,2023-08-14
B09P9NS1HG,2023-09-11
B09P9NS1HG,2023-10-09
B09P9NS1HG,2023-11-06
B09P9NS1HG,2023-12-04
B09P9NS1HG,2024-01-01
B09P9NS1HG,2024-01-29
B09P9PXGDK,2023-02-27
B09P9PXGDK,2023-03-27
B09P9PXGDK,2023-04-24
B09P9PXGDK,2023-05-22
B09P9PXGDK,2023-06-19
B09P9PXGDK,2023-07-17
B09P9PXGDK,2023-08-14
B09P9PXGDK,2023-09-11
B09P9PXGDK,2023-10-09
B09P9PXGDK,2023-11-06
B09P9PXGDK,2023-12-04
B09P9PXGDK,2024-01-01
B09P9PXGDK,2024-01-29
B09P9TKXP4,2023-02-27
B09P9TKXP4,2023-03-27
B09P9TKXP4,2023-04-24
B09P9TKXP4,2023-05-22
B09P9TKXP4,2023-06-19
B09P9TKXP4,2023-07-17
B09P9TKXP4,2023-08-14
B09P9TKXP4,2023-09-11
B09P9TKXP4,2023-10-09
B09P9TKXP4,2023-11-06
B09P9TKXP4,2023-12-04
B09P9TKXP4,2024-01-01
B09P9TKXP4,2024-01-29
B09P9YCS17,2023-02-27
B09P9YCS17,2023-03-27
B09P9YCS17,2023-04-24
B09P9YCS17,2023-05-22
B09P9YCS17,2023-06-19
B09P9YCS17,2023-07-17
B09P9YCS17,2023-08-14
B09P9YCS17,2023-09-11
B09P9YCS17,2023-10-09
B09P9YCS17,2023-11-06
B09P9YCS17,2023-12-04
B09P9YCS17,2024-01-01
B09P9YCS17,2024-01-29
B09PB3VC2S,2023-02-27
B09PB3VC2S,2023-03-27
B09PB3VC2S,2023-04-24
B09PB3VC2S,2023-05-22
B09PB3VC2S,2023-06-19
B09PB3VC2S,2023-07-17
B09PB3VC2S,2023-08-14
B09PB3VC2S,2023-09-11
B09PB3VC2S,2023-10-09
B09PB3VC2S,2023-11-06
B09PB3VC2S,2023-12-04
B09PB3VC2S,2024-01-01
B09PB3VC2S,2024-01-29
B09PB52YN4,2023-02-27
B09PB52YN4,2023-03-27
B09PB52YN4,2023-04-24
B09PB52YN4,2023-05-22
B09PB52YN4,2023-06-19
B09PB52YN4,2023-07-17
B09PB52YN4,2023-10-09
B09PB52YN4,2023-11-06
B09PB52YN4,2023-12-04
B09PB52YN4,2024-01-01
B09PB52YN4,2024-01-29
B09PB5VHC5,2023-02-27
B09PB5VHC5,2023-03-27
B09PB5VHC5,2023-04-24
B09PB5VHC5,2023-05-22
B09PB5VHC5,2023-06-19
B09PB5VHC5,2023-07-17
B09PB5VHC5,2023-08-14
B09PB5VHC5,2023-09-11
B09PB5VHC5,2023-10-09
B09PB5VHC5,2023-11-06
B09PB5VHC5,2023-12-04
B09PB5VHC5,2024-01-01
B09PB5VHC5,2024-01-29
B09PB6TW9W,2023-02-27
B09PB6TW9W,2023-03-27
B09PB6TW9W,2023-04-24
B09PB6TW9W,2023-05-22
B09PB6TW9W,2023-06-19
B09PB6TW9W,2023-07-17
B09PB6TW9W,2023-08-14
B09PB6TW9W,2023-09-11
B09PB6TW9W,2023-10-09
B09PB6TW9W,2023-11-06
B09PB6TW9W,2023-12-04
B09PB6TW9W,2024-01-01
B09PB6TW9W,2024-01-29
B09PBCR1QD,2023-02-27
B09PBCR1QD,2023-03-27
B09PBCR1QD,2023-04-24
B09PBCR1QD,2023-05-22
B09PBCR1QD,2023-06-19
B09PBCR1QD,2023-07-17
B09PBCR1QD,2023-08-14
B09PBCR1QD,2023-09-11
B09PBCR1QD,2023-10-09
B09PBCR1QD,2023-11-06
B09PBCR1QD,2023-12-04
B09PBCR1QD,2024-01-01
B09PBCR1QD,2024-01-29
B09PBFWFRP,2023-02-27
B09PBFWFRP,2023-03-27
B09PBFWFRP,2023-04-24
B09PBFWFRP,2023-05-22
B09PBFWFRP,2023-06-19
B09PBFWFRP,2023-07-17
B09PBFWFRP,2023-08-14
B09PBFWFRP,2023-09-11
B09PBFWFRP,2023-10-09
B09PBFWFRP,2023-11-06
B09PBFWFRP,2023-12-04
B09PBFWFRP,2024-01-01
B09PBFWFRP,2024-01-29
B09PBPVXV7,2023-02-27
B09PBPVXV7,2023-03-27
B09PBPVXV7,2023-04-24
B09PBPVXV7,2023-05-22
B09PBPVXV7,2023-06-19
B09PBPVXV7,2023-07-17
B09PBPVXV7,2023-08-14
B09PBPVXV7,2023-09-11
B09PBPVXV7,2023-10-09
B09PBPVXV7,2023-11-06
B09PBPVXV7,2023-12-04
B09PBPVXV7,2024-01-01
B09PBPVXV7,2024-01-29
B09PC4PQ9W,2023-02-27
B09PC4PQ9W,2023-03-27
B09PC4PQ9W,2024-01-01
B09PC4PQ9W,2024-01-29
B09PC5P119,2023-02-27
B09PC5P119,2023-03-27
B09PC5P119,2023-04-24
B09PC5P119,2023-05-22
B09PC5P119,2023-06-19
B09PC5P119,2023-07-17
B09PC5P119,2023-08-14
B09PC5P119,2023-09-11
B09PC5P119,2023-10-09
B09PC5P119,2023-11-06
B09PC5P119,2023-12-04
B09PC5P119,2024-01-01
B09PC5P119,2024-01-29
B09PF8GY1S,2023-02-27
B09PF8GY1S,2023-03-27
B09PF8GY1S,2023-04-24
B09PF8GY1S,2023-05-22
B09PF8GY1S,2023-06-19
B09PF8GY1S,2023-07-17
B09PF8GY1S,2023-08-14
B09PF8GY1S,2023-09-11
B09PF8GY1S,2023-10-09
B09PF8GY1S,2023-11-06
B09PF8GY1S,2023-12-04
B09PF8GY1S,2024-01-01
B09PF8GY1S,2024-01-29
B09PF9G81W,2023-02-27
B09PF9G81W,2023-03-27
B09PF9G81W,2023-04-24
B09PF9G81W,2023-05-22
B09PF9G81W,2023-06-19
B09PF9G81W,2023-07-17
B09PF9G81W,2023-08-14
B09PF9G81W,2023-09-11
B09PF9G81W,2023-10-09
B09PF9G81W,2023-11-06
B09PF9G81W,2023-12-04
B09PF9G81W,2024-01-01
B09PF9G81W,2024-01-29
B09PFT5N48,2023-02-27
B09PFT5N48,2023-03-27
B09PFT5N48,2023-04-24
B09PFT5N48,2023-05-22
B09PFT5N48,2023-06-19
B09PFT5N48,2023-07-17
B09PFT5N48,2023-08-14
B09PFT5N48,2023-09-11
B09PFT5N48,2023-10-09
B09PFT5N48,2023-11-06
B09PFT5N48,2023-12-04
B09PFT5N48,2024-01-01
B09PFT5N48,2024-01-29
B09PGBFJB1,2023-02-27
B09PGBFJB1,2023-03-27
B09PGBFJB1,2023-04-24
B09PGBFJB1,2023-05-22
B09PGBFJB1,2023-06-19
B09PGBFJB1,2023-07-17
B09PGBFJB1,2023-08-14
B09PGBFJB1,2023-09-11
B09PGBFJB1,2023-10-09
B09PGBFJB1,2023-11-06
B09PGBFJB1,2023-12-04
B09PGBFJB1,2024-01-01
B09PGBFJB1,2024-01-29
B09PGX1JT4,2023-10-09
B09PGX1JT4,2023-11-06
B09PGX1JT4,2023-12-04
B09PGX1JT4,2024-01-01
B09PGX1JT4,2024-01-29
B09PGY39S3,2023-02-27
B09PGY39S3,2023-03-27
B09PGY39S3,2023-04-24
B09PGY39S3,2023-05-22
B09PGY39S3,2023-06-19
B09PGY39S3,2023-07-17
B09PGY39S3,2023-08-14
B09PGY39S3,2023-09-11
B09PGY39S3,2023-10-09
B09PGY39S3,2023-11-06
B09PGY39S3,2023-12-04
B09PGY39S3,2024-01-01
B09PGY39S3,2024-01-29
B09PGY8M5Z,2023-07-17
B09PGY8M5Z,2023-08-14
B09PGY8M5Z,2023-09-11
B09PGY8M5Z,2023-10-09
B09PGY8M5Z,2023-11-06
B09PGY8M5Z,2023-12-04
B09PGY8M5Z,2024-01-01
B09PGY8M5Z,2024-01-29
B09PN2417K,2023-02-27
B09PN2417K,2023-03-27
B09PN2417K,2023-04-24
B09PN2417K,2023-05-22
B09PN2417K,2023-06-19
B09PN2417K,2023-07-17
B09PN2417K,2023-08-14
B09PN2417K,2023-09-11
B09PN2417K,2023-10-09
B09PN2417K,2023-11-06
B09PN2417K,2023-12-04
B09PN2417K,2024-01-01
B09PN2417K,2024-01-29
B09PNGH9MH,2023-02-27
B09PNGH9MH,2023-03-27
B09PNGH9MH,2023-04-24
B09PNGH9MH,2023-05-22
B09PNGH9MH,2023-06-19
B09PNGH9MH,2023-07-17
B09PNGH9MH,2023-08-14
B09PNGH9MH,2023-09-11
B09PNGH9MH,2023-10-09
B09PNGH9MH,2023-11-06
B09PNGH9MH,2023-12-04
B09PNGH9MH,2024-01-01
B09PNGH9MH,2024-01-29
B09PWP2Q72,2023-02-27
B09PWP2Q72,2023-03-27
B09PWP2Q72,2023-04-24
B09PWP2Q72,2023-05-22
B09PWP2Q72,2023-06-19
B09PWP2Q72,2023-07-17
B09PWP2Q72,2023-08-14
B09PWP2Q72,2023-09-11
B09PWP2Q72,2023-10-09
B09PWP2Q72,2023-11-06
B09PWP2Q72,2023-12-04
B09PWP2Q72,2024-01-01
B09PWP2Q72,2024-01-29
B09PXYQY7K,2023-02-27
B09PXYQY7K,2023-03-27
B09PXYQY7K,2023-04-24
B09PXYQY7K,2023-05-22
B09PXYQY7K,2023-06-19
B09PXYQY7K,2023-07-17
B09PXYQY7K,2023-08-14
B09PXYQY7K,2023-09-11
B09PXYQY7K,2023-10-09
B09PXYQY7K,2023-11-06
B09PXYQY7K,2023-12-04
B09PXYQY7K,2024-01-01
B09PXYQY7K,2024-01-29
B09PYPX3BR,2023-02-27
B09PYPX3BR,2023-03-27
B09PYPX3BR,2023-04-24
B09PYPX3BR,2023-05-22
B09PYPX3BR,2023-06-19
B09PYPX3BR,2023-07-17
B09PYPX3BR,2023-08-14
B09PYPX3BR,2023-09-11
B09PYPX3BR,2023-10-09
B09PYPX3BR,2023-11-06
B09PYPX3BR,2023-12-04
B09PYPX3BR,2024-01-01
B09PYPX3BR,2024-01-29
B09PZZRYRQ,2024-01-29
B09Q112KKD,2024-01-29
B09Q31SJ14,2023-02-27
B09Q31SJ14,2023-03-27
B09Q31SJ14,2023-04-24
B09Q31SJ14,2023-05-22
B09Q31SJ14,2023-06-19
B09Q31SJ14,2023-07-17
B09Q31SJ14,2023-08-14
B09Q31SJ14,2023-09-11
B09Q31SJ14,2023-10-09
B09Q31SJ14,2023-11-06
B09Q31SJ14,2023-12-04
B09Q31SJ14,2024-01-01
B09Q31SJ14,2024-01-29
B09Q58RS5F,2023-02-27
B09Q58RS5F,2023-03-27
B09Q58RS5F,2023-04-24
B09Q58RS5F,2023-05-22
B09Q58RS5F,2023-06-19
B09Q58RS5F,2023-07-17
B09Q58RS5F,2023-08-14
B09Q58RS5F,2023-09-11
B09Q58RS5F,2023-10-09
B09Q58RS5F,2023-11-06
B09Q58RS5F,2023-12-04
B09Q58RS5F,2024-01-01
B09Q58RS5F,2024-01-29
B09Q5CG9W7,2023-02-27
B09Q5CG9W7,2023-03-27
B09Q5CG9W7,2023-04-24
B09Q5CG9W7,2023-05-22
B09Q5CG9W7,2023-06-19
B09Q5CG9W7,2023-07-17
B09Q5CG9W7,2023-08-14
B09Q5CG9W7,2023-09-11
B09Q5CG9W7,2023-10-09
B09Q5CG9W7,2023-11-06
B09Q5CG9W7,2023-12-04
B09Q5CG9W7,2024-01-01
B09Q5CG9W7,2024-01-29
B09Q5D2M5Y,2023-02-27
B09Q5D2M5Y,2023-03-27
B09Q5D2M5Y,2023-04-24
B09Q5D2M5Y,2023-05-22
B09Q5D2M5Y,2023-06-19
B09Q5D2M5Y,2023-07-17
B09Q5D2M5Y,2023-08-14
B09Q5D2M5Y,2023-09-11
B09Q5D2M5Y,2023-10-09
B09Q5D2M5Y,2023-11-06
B09Q5D2M5Y,2023-12-04
B09Q5D2M5Y,2024-01-01
B09Q5D2M5Y,2024-01-29
B09Q5FRTH2,2023-02-27
B09Q5FRTH2,2023-03-27
B09Q5FRTH2,2023-04-24
B09Q5FRTH2,2023-05-22
B09Q5FRTH2,2023-06-19
B09Q5FRTH2,2023-07-17
B09Q5FRTH2,2023-08-14
B09Q5FRTH2,2023-09-11
B09Q5FRTH2,2023-10-09
B09Q5FRTH2,2023-11-06
B09Q5FRTH2,2023-12-04
B09Q5FRTH2,2024-01-01
B09Q5FRTH2,2024-01-29
B09Q5RM8K6,2023-02-27
B09Q5RM8K6,2023-03-27
B09Q5RM8K6,2023-04-24
B09Q5RM8K6,2023-05-22
B09Q5RM8K6,2023-06-19
B09Q5RM8K6,2023-07-17
B09Q5RM8K6,2023-08-14
B09Q5RM8K6,2023-09-11
B09Q5RM8K6,2023-10-09
B09Q5RM8K6,2023-11-06
B09Q5RM8K6,2023-12-04
B09Q5RM8K6,2024-01-01
B09Q5RM8K6,2024-01-29
B09Q5W9MYQ,2023-02-27
B09Q5W9MYQ,2023-03-27
B09Q5W9MYQ,2023-04-24
B09Q5W9MYQ,2023-05-22
B09Q5W9MYQ,2023-06-19
B09Q5W9MYQ,2023-07-17
B09Q5W9MYQ,2023-08-14
B09Q5W9MYQ,2023-09-11
B09Q5W9MYQ,2023-10-09
B09Q5W9MYQ,2023-11-06
B09Q5W9MYQ,2023-12-04
B09Q5W9MYQ,2024-01-01
B09Q5W9MYQ,2024-01-29
B09Q8QVGSJ,2023-07-17
B09Q8QVGSJ,2023-08-14
B09Q8QVGSJ,2023-09-11
B09Q8QVGSJ,2023-10-09
B09Q8QVGSJ,2023-11-06
B09Q8QVGSJ,2023-12-04
B09Q8QVGSJ,2024-01-01
B09Q8QVGSJ,2024-01-29
B09QB7JKBJ,2023-02-27
B09QB7JKBJ,2023-03-27
B09QB7JKBJ,2023-04-24
B09QB7JKBJ,2023-05-22
B09QB7JKBJ,2023-06-19
B09QB7JKBJ,2023-07-17
B09QB7JKBJ,2023-08-14
B09QB7JKBJ,2023-09-11
B09QB7JKBJ,2023-10-09
B09QB7JKBJ,2023-11-06
B09QB7JKBJ,2023-12-04
B09QB7JKBJ,2024-01-01
B09QB7JKBJ,2024-01-29
B09QBG4DSV,2023-02-27
B09QBG4DSV,2023-03-27
B09QBG4DSV,2023-04-24
B09QBG4DSV,2023-05-22
B09QBG4DSV,2023-06-19
B09QBG4DSV,2023-07-17
B09QBG4DSV,2023-08-14
B09QBG4DSV,2023-09-11
B09QBG4DSV,2023-10-09
B09QBG4DSV,2023-11-06
B09QBG4DSV,2023-12-04
B09QBG4DSV,2024-01-01
B09QBG4DSV,2024-01-29
B09QBHZ3V1,2023-02-27
B09QBHZ3V1,2023-03-27
B09QBHZ3V1,2023-04-24
B09QBHZ3V1,2023-05-22
B09QBHZ3V1,2023-06-19
B09QBHZ3V1,2023-07-17
B09QBHZ3V1,2023-08-14
B09QBHZ3V1,2023-09-11
B09QBHZ3V1,2023-10-09
B09QBHZ3V1,2023-11-06
B09QBHZ3V1,2023-12-04
B09QBHZ3V1,2024-01-01
B09QBHZ3V1,2024-01-29
B09QCGHMG3,2023-02-27
B09QCGHMG3,2023-03-27
B09QCGHMG3,2023-04-24
B09QCGHMG3,2023-05-22
B09QCGHMG3,2023-06-19
B09QCGHMG3,2023-07-17
B09QCGHMG3,2023-08-14
B09QCGHMG3,2023-09-11
B09QCGHMG3,2023-10-09
B09QCGHMG3,2023-11-06
B09QCGHMG3,2023-12-04
B09QCGHMG3,2024-01-01
B09QCGHMG3,2024-01-29
B09QD224B1,2023-02-27
B09QD224B1,2023-03-27
B09QD224B1,2023-04-24
B09QD224B1,2023-05-22
B09QD224B1,2023-06-19
B09QD224B1,2023-07-17
B09QD224B1,2023-08-14
B09QD224B1,2023-09-11
B09QD224B1,2023-10-09
B09QD224B1,2023-11-06
B09QD224B1,2023-12-04
B09QD224B1,2024-01-01
B09QD224B1,2024-01-29
B09QFV53HV,2023-02-27
B09QFV53HV,2023-03-27
B09QFV53HV,2023-04-24
B09QFV53HV,2023-05-22
B09QFV53HV,2023-06-19
B09QFV53HV,2023-07-17
B09QFV53HV,2023-08-14
B09QFV53HV,2023-09-11
B09QFV53HV,2023-10-09
B09QFV53HV,2023-11-06
B09QFV53HV,2023-12-04
B09QFV53HV,2024-01-01
B09QFV53HV,2024-01-29
B09QH8XJBK,2023-02-27
B09QH8XJBK,2023-03-27
B09QH8XJBK,2023-04-24
B09QH8XJBK,2023-05-22
B09QH8XJBK,2023-06-19
B09QH8XJBK,2023-07-17
B09QH8XJBK,2023-08-14
B09QH8XJBK,2023-09-11
B09QH8XJBK,2023-10-09
B09QH8XJBK,2023-11-06
B09QH8XJBK,2023-12-04
B09QH8XJBK,2024-01-01
B09QH8XJBK,2024-01-29
B09QJ34LNX,2023-08-14
B09QJ34LNX,2023-09-11
B09QJ34LNX,2023-10-09
B09QJ34LNX,2023-11-06
B09QJ34LNX,2023-12-04
B09QJ34LNX,2024-01-01
B09QJ34LNX,2024-01-29
B09QK7KR15,2023-02-27
B09QK7KR15,2023-03-27
B09QK7KR15,2023-04-24
B09QK7KR15,2023-05-22
B09QK7KR15,2023-06-19
B09QK7KR15,2023-07-17
B09QK7KR15,2023-08-14
B09QK7KR15,2023-09-11
B09QK7KR15,2023-10-09
B09QK7KR15,2023-11-06
B09QK7KR15,2023-12-04
B09QK7KR15,2024-01-01
B09QK7KR15,2024-01-29
B09QLJB8QZ,2023-08-14
B09QLJB8QZ,2023-09-11
B09QLJB8QZ,2023-10-09
B09QLJB8QZ,2023-11-06
B09QLJB8QZ,2023-12-04
B09QLJB8QZ,2024-01-01
B09QLJB8QZ,2024-01-29
B09QLK2V15,2023-02-27
B09QLK2V15,2023-03-27
B09QLK2V15,2023-04-24
B09QLK2V15,2023-05-22
B09QLK2V15,2023-06-19
B09QLK2V15,2023-07-17
B09QLK2V15,2023-08-14
B09QLK2V15,2023-09-11
B09QLK2V15,2023-10-09
B09QLK2V15,2023-11-06
B09QLK2V15,2023-12-04
B09QLK2V15,2024-01-01
B09QLK2V15,2024-01-29
B09QLLWLH7,2023-02-27
B09QLLWLH7,2023-03-27
B09QLLWLH7,2023-04-24
B09QLLWLH7,2023-05-22
B09QLLWLH7,2023-06-19
B09QLLWLH7,2023-07-17
B09QLLWLH7,2023-08-14
B09QLLWLH7,2023-09-11
B09QLLWLH7,2023-10-09
B09QLLWLH7,2023-11-06
B09QLLWLH7,2023-12-04
B09QLLWLH7,2024-01-01
B09QLLWLH7,2024-01-29
B09QMBPCGT,2023-02-27
B09QMBPCGT,2023-03-27
B09QMBPCGT,2023-04-24
B09QMBPCGT,2023-05-22
B09QMBPCGT,2023-06-19
B09QMBPCGT,2023-07-17
B09QMBPCGT,2023-08-14
B09QMBPCGT,2023-09-11
B09QMBPCGT,2023-10-09
B09QMBPCGT,2023-11-06
B09QMBPCGT,2023-12-04
B09QMBPCGT,2024-01-01
B09QMBPCGT,2024-01-29
B09QMM76BT,2023-02-27
B09QMM76BT,2023-03-27
B09QMM76BT,2023-04-24
B09QMM76BT,2023-05-22
B09QMM76BT,2023-06-19
B09QMM76BT,2023-07-17
B09QMM76BT,2023-08-14
B09QMM76BT,2023-09-11
B09QMM76BT,2023-10-09
B09QMM76BT,2023-11-06
B09QMM76BT,2023-12-04
B09QMM76BT,2024-01-01
B09QMM76BT,2024-01-29
B09QQ6ZJTB,2023-02-27
B09QQ6ZJTB,2023-03-27
B09QQ6ZJTB,2023-04-24
B09QQ6ZJTB,2023-05-22
B09QQ6ZJTB,2023-06-19
B09QQ6ZJTB,2023-07-17
B09QQ6ZJTB,2023-08-14
B09QQ6ZJTB,2023-09-11
B09QQ6ZJTB,2023-10-09
B09QQ6ZJTB,2023-11-06
B09QQ6ZJTB,2023-12-04
B09QQ6ZJTB,2024-01-01
B09QQ6ZJTB,2024-01-29
B09QQVCZ57,2023-02-27
B09QQVCZ57,2023-03-27
B09QQVCZ57,2023-04-24
B09QQVCZ57,2023-05-22
B09QQVCZ57,2023-06-19
B09QQVCZ57,2023-07-17
B09QQVCZ57,2023-08-14
B09QQVCZ57,2023-09-11
B09QQVCZ57,2023-10-09
B09QQVCZ57,2023-11-06
B09QQVCZ57,2023-12-04
B09QQVCZ57,2024-01-01
B09QQVCZ57,2024-01-29
B09QRL1XVB,2023-02-27
B09QRL1XVB,2023-03-27
B09QRL1XVB,2023-04-24
B09QRL1XVB,2023-05-22
B09QRL1XVB,2023-06-19
B09QRL1XVB,2023-07-17
B09QRL1XVB,2023-08-14
B09QRL1XVB,2023-09-11
B09QRL1XVB,2023-10-09
B09QRL1XVB,2023-11-06
B09QRL1XVB,2023-12-04
B09QRL1XVB,2024-01-01
B09QRL1XVB,2024-01-29
B09QRW6HHH,2023-02-27
B09QRW6HHH,2023-03-27
B09QRW6HHH,2023-04-24
B09QRW6HHH,2023-05-22
B09QRW6HHH,2023-06-19
B09QRW6HHH,2023-07-17
B09QRW6HHH,2023-08-14
B09QRW6HHH,2023-09-11
B09QRW6HHH,2023-10-09
B09QRW6HHH,2023-11-06
B09QRW6HHH,2023-12-04
B09QRW6HHH,2024-01-01
B09QRW6HHH,2024-01-29
B09QS8TRXB,2023-06-19
B09QS8TRXB,2023-07-17
B09QS8TRXB,2023-08-14
B09QS8TRXB,2023-09-11
B09QS8TRXB,2023-10-09
B09QS8TRXB,2023-11-06
B09QS8TRXB,2023-12-04
B09QS8TRXB,2024-01-01
B09QS8TRXB,2024-01-29
B09QSWF1QD,2023-02-27
B09QSWF1QD,2023-03-27
B09QSWF1QD,2023-04-24
B09QSWF1QD,2023-05-22
B09QSWF1QD,2023-06-19
B09QSWF1QD,2023-07-17
B09QSWF1QD,2023-08-14
B09QSWF1QD,2023-09-11
B09QSWF1QD,2023-10-09
B09QSWF1QD,2023-11-06
B09QSWF1QD,2023-12-04
B09QSWF1QD,2024-01-01
B09QSWF1QD,2024-01-29
B09QTRLPVL,2023-02-27
B09QTRLPVL,2023-03-27
B09QTRLPVL,2023-04-24
B09QTRLPVL,2023-05-22
B09QTRLPVL,2023-06-19
B09QTRLPVL,2023-07-17
B09QTRLPVL,2023-08-14
B09QTRLPVL,2023-09-11
B09QTRLPVL,2023-10-09
B09QTRLPVL,2023-11-06
B09QTRLPVL,2023-12-04
B09QTRLPVL,2024-01-01
B09QTRLPVL,2024-01-29
B09QVZ691V,2023-02-27
B09QVZ691V,2023-03-27
B09QVZ691V,2023-04-24
B09QVZ691V,2023-05-22
B09QVZ691V,2023-06-19
B09QVZ691V,2023-07-17
B09QVZ691V,2023-08-14
B09QVZ691V,2023-09-11
B09QVZ691V,2023-10-09
B09QVZ691V,2023-11-06
B09QVZ691V,2023-12-04
B09QVZ691V,2024-01-01
B09QVZ691V,2024-01-29
B09QXZMYML,2023-02-27
B09QXZMYML,2023-03-27
B09QXZMYML,2023-04-24
B09QXZMYML,2023-05-22
B09QXZMYML,2023-06-19
B09QXZMYML,2023-07-17
B09QXZMYML,2023-08-14
B09QXZMYML,2023-09-11
B09QXZMYML,2023-10-09
B09QXZMYML,2023-11-06
B09QXZMYML,2023-12-04
B09QXZMYML,2024-01-01
B09QXZMYML,2024-01-29
B09R1JMMKD,2023-02-27
B09R1JMMKD,2023-03-27
B09R1JMMKD,2023-04-24
B09R1JMMKD,2023-05-22
B09R1JMMKD,2023-06-19
B09R1JMMKD,2023-07-17
B09R1JMMKD,2023-08-14
B09R1JMMKD,2023-09-11
B09R1JMMKD,2023-10-09
B09R1JMMKD,2023-11-06
B09R1JMMKD,2023-12-04
B09R1JMMKD,2024-01-01
B09R1JMMKD,2024-01-29
B09R1K4TJH,2023-11-06
B09R1K4TJH,2023-12-04
B09R1K4TJH,2024-01-01
B09R1K4TJH,2024-01-29
B09R1KDR2X,2023-12-04
B09R1KDR2X,2024-01-01
B09R1KDR2X,2024-01-29
B09R1LQC27,2023-11-06
B09R1LQC27,2023-12-04
B09R1LQC27,2024-01-01
B09R1LQC27,2024-01-29
B09R1PQYQ5,2023-11-06
B09R1PQYQ5,2023-12-04
B09R1PQYQ5,2024-01-01
B09R1PQYQ5,2024-01-29
B09R3VZ7DT,2023-02-27
B09R3VZ7DT,2023-03-27
B09R3VZ7DT,2023-04-24
B09R3VZ7DT,2023-05-22
B09R3VZ7DT,2023-06-19
B09R3VZ7DT,2023-07-17
B09R3VZ7DT,2023-08-14
B09R3VZ7DT,2023-09-11
B09R3VZ7DT,2023-10-09
B09R3VZ7DT,2023-11-06
B09R3VZ7DT,2023-12-04
B09R3VZ7DT,2024-01-01
B09R3VZ7DT,2024-01-29
B09R6W4DG4,2023-05-22
B09R6W4DG4,2023-06-19
B09R6W4DG4,2023-07-17
B09R6W4DG4,2023-08-14
B09R6W4DG4,2023-09-11
B09R6W4DG4,2023-10-09
B09R6W4DG4,2023-11-06
B09R6W4DG4,2023-12-04
B09R6W4DG4,2024-01-01
B09R6W4DG4,2024-01-29
B09R6W9HTW,2023-05-22
B09R6W9HTW,2023-06-19
B09R6W9HTW,2023-07-17
B09R6W9HTW,2023-08-14
B09R6W9HTW,2023-09-11
B09R6W9HTW,2023-10-09
B09R6W9HTW,2023-11-06
B09R6W9HTW,2023-12-04
B09R6W9HTW,2024-01-01
B09R6W9HTW,2024-01-29
B09R7DBSWD,2023-02-27
B09R7DBSWD,2023-03-27
B09R7DBSWD,2023-04-24
B09R7DBSWD,2023-05-22
B09R7DBSWD,2023-06-19
B09R7DBSWD,2023-07-17
B09R7DBSWD,2023-08-14
B09R7DBSWD,2023-09-11
B09R7DBSWD,2023-10-09
B09R7DBSWD,2023-11-06
B09R7DBSWD,2023-12-04
B09R7DBSWD,2024-01-01
B09R7DBSWD,2024-01-29
B09R8SL5PJ,2023-02-27
B09R8SL5PJ,2023-03-27
B09R8SL5PJ,2023-04-24
B09R8SL5PJ,2023-05-22
B09R8SL5PJ,2023-06-19
B09R8SL5PJ,2023-07-17
B09R8SL5PJ,2023-08-14
B09R8SL5PJ,2023-09-11
B09R8SL5PJ,2023-10-09
B09R8SL5PJ,2023-11-06
B09R8SL5PJ,2023-12-04
B09R8SL5PJ,2024-01-01
B09R8SL5PJ,2024-01-29
B09RKGPK4G,2023-04-24
B09RKGPK4G,2023-05-22
B09RKGPK4G,2023-06-19
B09RKGPK4G,2023-07-17
B09RKGPK4G,2023-08-14
B09RKGPK4G,2023-09-11
B09RKGPK4G,2023-10-09
B09RKGPK4G,2023-11-06
B09RKGPK4G,2023-12-04
B09RKGPK4G,2024-01-01
B09RKGPK4G,2024-01-29
B09RKHNZBS,2023-02-27
B09RKHNZBS,2023-03-27
B09RKHNZBS,2023-04-24
B09RKHNZBS,2023-05-22
B09RKHNZBS,2023-06-19
B09RKHNZBS,2023-07-17
B09RKHNZBS,2023-08-14
B09RKHNZBS,2023-09-11
B09RKHNZBS,2023-10-09
B09RKHNZBS,2023-11-06
B09RKHNZBS,2023-12-04
B09RKHNZBS,2024-01-01
B09RKHNZBS,2024-01-29
B09RP7NV54,2023-02-27
B09RP7NV54,2023-03-27
B09RP7NV54,2023-04-24
B09RP7NV54,2023-05-22
B09RP7NV54,2023-06-19
B09RP7NV54,2023-07-17
B09RP7NV54,2023-08-14
B09RP7NV54,2023-09-11
B09RP7NV54,2023-10-09
B09RP7NV54,2023-11-06
B09RP7NV54,2023-12-04
B09RP7NV54,2024-01-01
B09RP7NV54,2024-01-29
B09RR1PMLC,2023-02-27
B09RR1PMLC,2023-03-27
B09RR1PMLC,2023-04-24
B09RR1PMLC,2023-05-22
B09RR1PMLC,2023-06-19
B09RR1PMLC,2023-07-17
B09RR1PMLC,2023-08-14
B09RR1PMLC,2023-09-11
B09RR1PMLC,2023-10-09
B09RR1PMLC,2023-11-06
B09RR1PMLC,2023-12-04
B09RR1PMLC,2024-01-01
B09RR1PMLC,2024-01-29
B09RSY6P8R,2023-02-27
B09RSY6P8R,2023-03-27
B09RSY6P8R,2023-04-24
B09RSY6P8R,2023-05-22
B09RSY6P8R,2023-06-19
B09RSY6P8R,2023-07-17
B09RSY6P8R,2023-08-14
B09RSY6P8R,2023-09-11
B09RSY6P8R,2023-10-09
B09RSY6P8R,2023-11-06
B09RSY6P8R,2023-12-04
B09RSY6P8R,2024-01-01
B09RSY6P8R,2024-01-29
B09RT1HVD7,2023-02-27
B09RT1HVD7,2023-03-27
B09RT1HVD7,2023-04-24
B09RT1HVD7,2023-05-22
B09RT1HVD7,2023-06-19
B09RT1HVD7,2023-07-17
B09RT1HVD7,2023-08-14
B09RT1HVD7,2023-09-11
B09RT1HVD7,2023-10-09
B09RT1HVD7,2023-11-06
B09RT1HVD7,2023-12-04
B09RT1HVD7,2024-01-01
B09RT1HVD7,2024-01-29
B09RT4RFTL,2023-02-27
B09RT4RFTL,2023-03-27
B09RT4RFTL,2023-04-24
B09RT4RFTL,2023-05-22
B09RT4RFTL,2023-06-19
B09RT4RFTL,2023-07-17
B09RT4RFTL,2023-08-14
B09RT4RFTL,2023-09-11
B09RT4RFTL,2023-10-09
B09RT4RFTL,2023-11-06
B09RT4RFTL,2023-12-04
B09RT4RFTL,2024-01-01
B09RT4RFTL,2024-01-29
B09RX5NZFJ,2023-02-27
B09RX5NZFJ,2023-03-27
B09RX5NZFJ,2023-04-24
B09RX5NZFJ,2023-05-22
B09RX5NZFJ,2023-06-19
B09RX5NZFJ,2023-07-17
B09RX5NZFJ,2023-08-14
B09RX5NZFJ,2023-09-11
B09RX5NZFJ,2023-10-09
B09RX5NZFJ,2023-11-06
B09RX5NZFJ,2023-12-04
B09RX5NZFJ,2024-01-01
B09RX5NZFJ,2024-01-29
B09RY67JYN,2023-07-17
B09RY67JYN,2023-08-14
B09RY67JYN,2023-09-11
B09RY67JYN,2023-10-09
B09RY67JYN,2023-11-06
B09RY67JYN,2023-12-04
B09RY67JYN,2024-01-01
B09RY67JYN,2024-01-29
B09S19SHDK,2023-02-27
B09S19SHDK,2023-03-27
B09S19SHDK,2023-04-24
B09S19SHDK,2023-05-22
B09S19SHDK,2023-06-19
B09S19SHDK,2023-07-17
B09S19SHDK,2023-08-14
B09S19SHDK,2023-09-11
B09S19SHDK,2023-10-09
B09S19SHDK,2023-11-06
B09S19SHDK,2023-12-04
B09S19SHDK,2024-01-01
B09S19SHDK,2024-01-29
B09S3YS4M3,2023-02-27
B09S3YS4M3,2023-03-27
B09S3YS4M3,2023-04-24
B09S3YS4M3,2023-05-22
B09S3YS4M3,2023-06-19
B09S3YS4M3,2023-07-17
B09S3YS4M3,2023-08-14
B09S3YS4M3,2023-09-11
B09S3YS4M3,2023-10-09
B09S3YS4M3,2023-11-06
B09S3YS4M3,2023-12-04
B09S3YS4M3,2024-01-01
B09S3YS4M3,2024-01-29
B09S8J6NTB,2023-04-24
B09S8J6NTB,2023-05-22
B09S8J6NTB,2023-06-19
B09S8J6NTB,2023-07-17
B09S8J6NTB,2023-08-14
B09S8J6NTB,2023-09-11
B09S8J6NTB,2023-10-09
B09S8J6NTB,2023-11-06
B09S8J6NTB,2023-12-04
B09S8J6NTB,2024-01-01
B09S8J6NTB,2024-01-29
B09S8TG4BZ,2023-10-09
B09S8TG4BZ,2023-11-06
B09S8TG4BZ,2023-12-04
B09S8TG4BZ,2024-01-01
B09S8TG4BZ,2024-01-29
B09SBDQ6T6,2023-02-27
B09SBDQ6T6,2023-03-27
B09SBDQ6T6,2023-04-24
B09SBDQ6T6,2023-05-22
B09SBDQ6T6,2023-06-19
B09SBDQ6T6,2023-07-17
B09SBDQ6T6,2023-08-14
B09SBDQ6T6,2023-09-11
B09SBDQ6T6,2023-10-09
B09SBDQ6T6,2023-11-06
B09SBDQ6T6,2023-12-04
B09SBDQ6T6,2024-01-01
B09SBDQ6T6,2024-01-29
B09SDJ1X2J,2023-02-27
B09SDJ1X2J,2023-03-27
B09SDJ1X2J,2023-04-24
B09SDJ1X2J,2023-05-22
B09SDJ1X2J,2023-06-19
B09SDJ1X2J,2023-07-17
B09SDJ1X2J,2023-08-14
B09SDJ1X2J,2023-09-11
B09SDJ1X2J,2023-10-09
B09SDJ1X2J,2023-11-06
B09SDJ1X2J,2023-12-04
B09SDJ1X2J,2024-01-01
B09SDJ1X2J,2024-01-29
B09SFGHP69,2023-02-27
B09SFGHP69,2023-03-27
B09SFGHP69,2023-04-24
B09SFGHP69,2023-05-22
B09SFGHP69,2023-06-19
B09SFGHP69,2023-07-17
B09SFGHP69,2023-08-14
B09SFGHP69,2023-09-11
B09SFGHP69,2023-10-09
B09SFGHP69,2023-11-06
B09SFGHP69,2023-12-04
B09SFGHP69,2024-01-01
B09SFGHP69,2024-01-29
B09SHM5BJH,2023-02-27
B09SHM5BJH,2023-03-27
B09SHM5BJH,2023-04-24
B09SHM5BJH,2023-05-22
B09SHM5BJH,2023-06-19
B09SHM5BJH,2023-07-17
B09SHM5BJH,2023-08-14
B09SHM5BJH,2023-09-11
B09SHM5BJH,2023-10-09
B09SHM5BJH,2023-11-06
B09SHM5BJH,2023-12-04
B09SHM5BJH,2024-01-01
B09SHM5BJH,2024-01-29
B09SHMLGTJ,2023-02-27
B09SHMLGTJ,2023-03-27
B09SHMLGTJ,2023-04-24
B09SHMLGTJ,2023-05-22
B09SHMLGTJ,2023-06-19
B09SHMLGTJ,2023-07-17
B09SHMLGTJ,2023-08-14
B09SHMLGTJ,2023-09-11
B09SHMLGTJ,2023-10-09
B09SHMLGTJ,2023-11-06
B09SHMLGTJ,2023-12-04
B09SHMLGTJ,2024-01-01
B09SHMLGTJ,2024-01-29
B09SHQV2R6,2023-02-27
B09SHQV2R6,2023-03-27
B09SHQV2R6,2023-04-24
B09SHQV2R6,2023-05-22
B09SHQV2R6,2023-06-19
B09SHQV2R6,2023-07-17
B09SHQV2R6,2023-08-14
B09SHQV2R6,2023-09-11
B09SHQV2R6,2023-10-09
B09SHQV2R6,2023-11-06
B09SHQV2R6,2023-12-04
B09SHQV2R6,2024-01-01
B09SHQV2R6,2024-01-29
B09SLR7JYY,2023-02-27
B09SLR7JYY,2023-03-27
B09SLR7JYY,2023-04-24
B09SLR7JYY,2023-05-22
B09SLR7JYY,2023-06-19
B09SLR7JYY,2023-07-17
B09SLR7JYY,2023-08-14
B09SLR7JYY,2023-09-11
B09SLR7JYY,2023-10-09
B09SLR7JYY,2023-11-06
B09SLR7JYY,2023-12-04
B09SLR7JYY,2024-01-01
B09SLR7JYY,2024-01-29
B09SLRX7V7,2023-02-27
B09SLRX7V7,2023-03-27
B09SLRX7V7,2023-04-24
B09SLRX7V7,2023-05-22
B09SLRX7V7,2023-06-19
B09SLRX7V7,2023-07-17
B09SLRX7V7,2023-08-14
B09SLRX7V7,2023-09-11
B09SLRX7V7,2023-10-09
B09SLRX7V7,2023-11-06
B09SLRX7V7,2023-12-04
B09SLRX7V7,2024-01-01
B09SLRX7V7,2024-01-29
B09SPCRXKV,2023-02-27
B09SPCRXKV,2023-03-27
B09SPCRXKV,2023-04-24
B09SPCRXKV,2023-05-22
B09SPCRXKV,2023-06-19
B09SPCRXKV,2023-07-17
B09SPCRXKV,2023-08-14
B09SPCRXKV,2023-09-11
B09SPCRXKV,2023-10-09
B09SPCRXKV,2023-11-06
B09SPCRXKV,2023-12-04
B09SPCRXKV,2024-01-01
B09SPCRXKV,2024-01-29
B09SPF588G,2023-02-27
B09SPF588G,2023-03-27
B09SPF588G,2023-04-24
B09SPF588G,2023-05-22
B09SPF588G,2023-06-19
B09SPF588G,2023-07-17
B09SPF588G,2023-08-14
B09SPF588G,2023-09-11
B09SPF588G,2023-10-09
B09SPF588G,2023-11-06
B09SPF588G,2023-12-04
B09SPF588G,2024-01-01
B09SPF588G,2024-01-29
B09SPF5RW5,2023-02-27
B09SPF5RW5,2023-03-27
B09SPF5RW5,2023-04-24
B09SPF5RW5,2023-05-22
B09SPF5RW5,2023-06-19
B09SPF5RW5,2023-07-17
B09SPF5RW5,2023-08-14
B09SPF5RW5,2023-09-11
B09SPF5RW5,2023-10-09
B09SPF5RW5,2023-11-06
B09SPF5RW5,2023-12-04
B09SPF5RW5,2024-01-01
B09SPF5RW5,2024-01-29
B09SPGJ3LN,2023-02-27
B09SPGJ3LN,2023-03-27
B09SPGJ3LN,2023-04-24
B09SPGJ3LN,2023-05-22
B09SPGJ3LN,2023-06-19
B09SPGJ3LN,2023-07-17
B09SPGJ3LN,2023-08-14
B09SPGJ3LN,2023-09-11
B09SPGJ3LN,2023-10-09
B09SPGJ3LN,2023-11-06
B09SPGJ3LN,2023-12-04
B09SPGJ3LN,2024-01-01
B09SPGJ3LN,2024-01-29
B09SPLBBSZ,2023-02-27
B09SPLBBSZ,2023-03-27
B09SPLBBSZ,2023-04-24
B09SPLBBSZ,2023-05-22
B09SPLBBSZ,2023-06-19
B09SPLBBSZ,2023-07-17
B09SPLBBSZ,2023-08-14
B09SPLBBSZ,2023-09-11
B09SPLBBSZ,2023-10-09
B09SPLBBSZ,2023-11-06
B09SPLBBSZ,2023-12-04
B09SPLBBSZ,2024-01-01
B09SPLBBSZ,2024-01-29
B09SPNH171,2023-02-27
B09SPNH171,2023-03-27
B09SPNH171,2023-04-24
B09SPNH171,2023-05-22
B09SPNH171,2023-06-19
B09SPNH171,2023-07-17
B09SPNH171,2023-08-14
B09SPNH171,2023-09-11
B09SPNH171,2023-10-09
B09SPNH171,2023-11-06
B09SPNH171,2023-12-04
B09SPNH171,2024-01-01
B09SPNH171,2024-01-29
B09SSFC18Z,2023-02-27
B09SSFC18Z,2023-03-27
B09SSFC18Z,2023-04-24
B09SSFC18Z,2023-05-22
B09SSFC18Z,2023-06-19
B09SSFC18Z,2023-07-17
B09SSFC18Z,2023-08-14
B09SSFC18Z,2023-09-11
B09SSFC18Z,2023-10-09
B09SSFC18Z,2023-11-06
B09SSFC18Z,2023-12-04
B09SSFC18Z,2024-01-01
B09SSFC18Z,2024-01-29
B09SSFVG6G,2023-02-27
B09SSFVG6G,2023-03-27
B09SSFVG6G,2023-04-24
B09SSFVG6G,2023-05-22
B09SSFVG6G,2023-06-19
B09SSFVG6G,2023-07-17
B09SSFVG6G,2023-08-14
B09SSFVG6G,2023-09-11
B09SSFVG6G,2023-10-09
B09SSFVG6G,2023-11-06
B09SSFVG6G,2023-12-04
B09SSFVG6G,2024-01-01
B09SSFVG6G,2024-01-29
B09SWQ9HL3,2023-02-27
B09SWQ9HL3,2023-03-27
B09SWQ9HL3,2023-06-19
B09SWQ9HL3,2023-07-17
B09SWQ9HL3,2023-08-14
B09SWQ9HL3,2023-09-11
B09SWQ9HL3,2023-10-09
B09SWQ9HL3,2023-11-06
B09SWQ9HL3,2023-12-04
B09SWQ9HL3,2024-01-01
B09SWQ9HL3,2024-01-29
B09SZ2P6PX,2023-02-27
B09SZ2P6PX,2023-03-27
B09SZ2P6PX,2023-04-24
B09SZ2P6PX,2023-05-22
B09SZ2P6PX,2023-06-19
B09SZ2P6PX,2023-07-17
B09SZ2P6PX,2023-08-14
B09SZ2P6PX,2023-09-11
B09SZ2P6PX,2023-10-09
B09SZ2P6PX,2023-11-06
B09SZ2P6PX,2023-12-04
B09SZ2P6PX,2024-01-01
B09SZ2P6PX,2024-01-29
B09SZ72YZX,2023-02-27
B09SZ72YZX,2023-03-27
B09SZ72YZX,2023-04-24
B09SZ72YZX,2023-05-22
B09SZ72YZX,2023-06-19
B09SZ72YZX,2023-07-17
B09SZ72YZX,2023-08-14
B09SZ72YZX,2023-09-11
B09SZ72YZX,2023-10-09
B09SZ72YZX,2023-11-06
B09SZ72YZX,2023-12-04
B09SZ72YZX,2024-01-01
B09SZ72YZX,2024-01-29
B09SZDF6P2,2023-02-27
B09SZDF6P2,2023-03-27
B09SZDF6P2,2023-04-24
B09SZDF6P2,2023-05-22
B09SZDF6P2,2023-06-19
B09SZDF6P2,2023-07-17
B09SZDF6P2,2023-08-14
B09SZDF6P2,2023-09-11
B09SZDF6P2,2023-10-09
B09SZDF6P2,2023-11-06
B09SZDF6P2,2023-12-04
B09SZDF6P2,2024-01-01
B09SZDF6P2,2024-01-29
B09T32V3NR,2023-02-27
B09T32V3NR,2023-03-27
B09T32V3NR,2023-04-24
B09T32V3NR,2023-05-22
B09T32V3NR,2023-06-19
B09T32V3NR,2023-07-17
B09T32V3NR,2023-08-14
B09T32V3NR,2023-09-11
B09T32V3NR,2023-10-09
B09T32V3NR,2023-11-06
B09T32V3NR,2023-12-04
B09T32V3NR,2024-01-01
B09T32V3NR,2024-01-29
B09T337PHY,2023-02-27
B09T337PHY,2023-03-27
B09T337PHY,2023-04-24
B09T337PHY,2023-05-22
B09T337PHY,2023-06-19
B09T337PHY,2023-07-17
B09T337PHY,2023-08-14
B09T337PHY,2023-09-11
B09T337PHY,2023-10-09
B09T337PHY,2023-11-06
B09T337PHY,2023-12-04
B09T337PHY,2024-01-01
B09T337PHY,2024-01-29
B09T37RQWN,2023-02-27
B09T37RQWN,2023-03-27
B09T37RQWN,2023-04-24
B09T37RQWN,2023-05-22
B09T37RQWN,2023-06-19
B09T37RQWN,2023-07-17
B09T37RQWN,2023-08-14
B09T37RQWN,2023-09-11
B09T37RQWN,2023-10-09
B09T37RQWN,2023-11-06
B09T37RQWN,2023-12-04
B09T37RQWN,2024-01-01
B09T37RQWN,2024-01-29
B09TK8MS2P,2023-02-27
B09TK8MS2P,2023-03-27
B09TK8MS2P,2023-04-24
B09TK8MS2P,2023-05-22
B09TK8MS2P,2023-06-19
B09TK8MS2P,2023-07-17
B09TK8MS2P,2023-08-14
B09TK8MS2P,2023-09-11
B09TK8MS2P,2023-10-09
B09TK8MS2P,2023-11-06
B09TK8MS2P,2023-12-04
B09TK8MS2P,2024-01-01
B09TK8MS2P,2024-01-29
B09TNJNHFH,2023-02-27
B09TNJNHFH,2023-03-27
B09TNJNHFH,2023-04-24
B09TNJNHFH,2023-05-22
B09TNJNHFH,2023-06-19
B09TNJNHFH,2023-07-17
B09TNJNHFH,2023-08-14
B09TNJNHFH,2023-09-11
B09TNJNHFH,2023-10-09
B09TNJNHFH,2023-11-06
B09TNJNHFH,2023-12-04
B09TNJNHFH,2024-01-01
B09TNJNHFH,2024-01-29
B09TPFTH6J,2023-02-27
B09TPFTH6J,2023-03-27
B09TPFTH6J,2023-04-24
B09TPFTH6J,2023-05-22
B09TPFTH6J,2023-06-19
B09TPFTH6J,2023-07-17
B09TPFTH6J,2023-08-14
B09TPFTH6J,2023-09-11
B09TPFTH6J,2023-10-09
B09TPFTH6J,2023-11-06
B09TPFTH6J,2023-12-04
B09TPFTH6J,2024-01-01
B09TPFTH6J,2024-01-29
B09TPGPNN4,2023-04-24
B09TPGPNN4,2023-05-22
B09TPGPNN4,2023-06-19
B09TPGPNN4,2023-07-17
B09TPGPNN4,2023-08-14
B09TPGPNN4,2023-09-11
B09TPGPNN4,2023-10-09
B09TPGPNN4,2023-11-06
B09TPGPNN4,2023-12-04
B09TPGPNN4,2024-01-01
B09TPGPNN4,2024-01-29
B09TPV8ZGF,2023-12-04
B09TPV8ZGF,2024-01-01
B09TPV8ZGF,2024-01-29
B09TPZLXLC,2023-03-27
B09TPZLXLC,2023-04-24
B09TPZLXLC,2023-05-22
B09TPZLXLC,2023-06-19
B09TPZLXLC,2023-07-17
B09TPZLXLC,2023-08-14
B09TPZLXLC,2023-09-11
B09TPZLXLC,2023-10-09
B09TPZLXLC,2023-11-06
B09TPZLXLC,2023-12-04
B09TPZLXLC,2024-01-01
B09TPZLXLC,2024-01-29
B09TQYT8MN,2023-02-27
B09TQYT8MN,2023-03-27
B09TQYT8MN,2023-04-24
B09TQYT8MN,2023-05-22
B09TQYT8MN,2023-06-19
B09TQYT8MN,2023-07-17
B09TQYT8MN,2023-08-14
B09TQYT8MN,2023-09-11
B09TQYT8MN,2023-10-09
B09TQYT8MN,2023-11-06
B09TQYT8MN,2023-12-04
B09TQYT8MN,2024-01-01
B09TQYT8MN,2024-01-29
B09TSQD2HB,2023-02-27
B09TSQD2HB,2023-03-27
B09TSQD2HB,2023-04-24
B09TSQD2HB,2023-05-22
B09TSQD2HB,2023-06-19
B09TSQD2HB,2023-07-17
B09TSQD2HB,2023-08-14
B09TSQD2HB,2023-09-11
B09TSQD2HB,2023-10-09
B09TSQD2HB,2023-11-06
B09TSQD2HB,2023-12-04
B09TSQD2HB,2024-01-01
B09TSQD2HB,2024-01-29
B09TTCJRJT,2023-02-27
B09TTCJRJT,2023-03-27
B09TTCJRJT,2023-04-24
B09TTCJRJT,2023-05-22
B09TTCJRJT,2023-06-19
B09TTCJRJT,2023-07-17
B09TTCJRJT,2023-08-14
B09TTCJRJT,2023-09-11
B09TTCJRJT,2023-10-09
B09TTCJRJT,2023-11-06
B09TTCJRJT,2023-12-04
B09TTCJRJT,2024-01-01
B09TTCJRJT,2024-01-29
B09TTDDVJB,2023-02-27
B09TTDDVJB,2023-03-27
B09TTDDVJB,2023-04-24
B09TTDDVJB,2023-05-22
B09TTDDVJB,2023-06-19
B09TTDDVJB,2023-07-17
B09TTDDVJB,2023-08-14
B09TTDDVJB,2023-09-11
B09TTDDVJB,2023-10-09
B09TTDDVJB,2023-11-06
B09TTDDVJB,2023-12-04
B09TTDDVJB,2024-01-01
B09TTDDVJB,2024-01-29
B09TTWJZ22,2023-02-27
B09TTWJZ22,2023-03-27
B09TTWJZ22,2023-04-24
B09TTWJZ22,2023-05-22
B09TTWJZ22,2023-06-19
B09TTWJZ22,2023-07-17
B09TTWJZ22,2023-08-14
B09TTWJZ22,2023-09-11
B09TTWJZ22,2023-10-09
B09TTWJZ22,2023-11-06
B09TTWJZ22,2023-12-04
B09TTWJZ22,2024-01-01
B09TTWJZ22,2024-01-29
B09TTWTGS2,2023-02-27
B09TTWTGS2,2023-03-27
B09TTWTGS2,2023-04-24
B09TTWTGS2,2023-05-22
B09TTWTGS2,2023-06-19
B09TTWTGS2,2023-07-17
B09TTWTGS2,2023-08-14
B09TTWTGS2,2023-09-11
B09TTWTGS2,2023-10-09
B09TTWTGS2,2023-11-06
B09TTWTGS2,2023-12-04
B09TTWTGS2,2024-01-01
B09TTWTGS2,2024-01-29
B09TV5DSSP,2023-02-27
B09TV5DSSP,2023-03-27
B09TV5DSSP,2023-04-24
B09TV5DSSP,2023-05-22
B09TV5DSSP,2023-06-19
B09TV5DSSP,2023-07-17
B09TV5DSSP,2023-08-14
B09TV5DSSP,2023-09-11
B09TV5DSSP,2023-10-09
B09TV5DSSP,2023-11-06
B09TV5DSSP,2023-12-04
B09TV5DSSP,2024-01-01
B09TV5DSSP,2024-01-29
B09TV5ZZW2,2023-02-27
B09TV5ZZW2,2023-03-27
B09TV5ZZW2,2023-04-24
B09TV5ZZW2,2023-05-22
B09TV5ZZW2,2023-06-19
B09TV5ZZW2,2023-07-17
B09TV5ZZW2,2023-08-14
B09TV5ZZW2,2023-09-11
B09TV5ZZW2,2023-10-09
B09TV5ZZW2,2023-11-06
B09TV5ZZW2,2023-12-04
B09TV5ZZW2,2024-01-01
B09TV5ZZW2,2024-01-29
B09TW5CLJ4,2023-02-27
B09TW5CLJ4,2023-03-27
B09TW5CLJ4,2023-04-24
B09TW5CLJ4,2023-05-22
B09TW5CLJ4,2023-06-19
B09TW5CLJ4,2023-07-17
B09TW5CLJ4,2023-08-14
B09TW5CLJ4,2023-09-11
B09TW5CLJ4,2023-10-09
B09TW5CLJ4,2023-11-06
B09TW5CLJ4,2023-12-04
B09TW5CLJ4,2024-01-01
B09TW5CLJ4,2024-01-29
B09TW89Z9S,2023-02-27
B09TW89Z9S,2023-03-27
B09TW89Z9S,2023-04-24
B09TW89Z9S,2023-05-22
B09TW89Z9S,2023-06-19
B09TW89Z9S,2023-07-17
B09TW89Z9S,2023-08-14
B09TW89Z9S,2023-09-11
B09TW89Z9S,2023-10-09
B09TW89Z9S,2023-11-06
B09TW89Z9S,2023-12-04
B09TW89Z9S,2024-01-01
B09TW89Z9S,2024-01-29
B09TWJFZQJ,2023-03-27
B09TWJFZQJ,2023-04-24
B09TWJFZQJ,2023-05-22
B09TWJFZQJ,2023-06-19
B09TWJFZQJ,2023-07-17
B09TWJFZQJ,2023-08-14
B09TWJFZQJ,2023-09-11
B09TWJFZQJ,2023-10-09
B09TWJFZQJ,2023-11-06
B09TWJFZQJ,2023-12-04
B09TWJFZQJ,2024-01-01
B09TWJFZQJ,2024-01-29
B09TWZ1N48,2023-05-22
B09TWZ1N48,2023-06-19
B09TWZ1N48,2023-07-17
B09TWZ1N48,2023-08-14
B09TWZ1N48,2023-09-11
B09TWZ1N48,2023-10-09
B09TWZ1N48,2023-11-06
B09TWZ1N48,2023-12-04
B09TWZ1N48,2024-01-01
B09TWZ1N48,2024-01-29
B09TX2K8H6,2023-05-22
B09TX2K8H6,2023-06-19
B09TX2K8H6,2023-07-17
B09TX2K8H6,2023-08-14
B09TX2K8H6,2023-09-11
B09TX2K8H6,2023-10-09
B09TX2K8H6,2023-11-06
B09TX2K8H6,2023-12-04
B09TX2K8H6,2024-01-01
B09TX2K8H6,2024-01-29
B09TXMZCN8,2023-02-27
B09TXMZCN8,2023-03-27
B09TXMZCN8,2023-04-24
B09TXMZCN8,2023-05-22
B09TXMZCN8,2023-06-19
B09TXMZCN8,2023-07-17
B09TXMZCN8,2023-08-14
B09TXMZCN8,2023-09-11
B09TXMZCN8,2023-10-09
B09TXMZCN8,2023-11-06
B09TXMZCN8,2023-12-04
B09TXMZCN8,2024-01-01
B09TXMZCN8,2024-01-29
B09TZRSLN7,2023-02-27
B09TZRSLN7,2023-03-27
B09TZRSLN7,2023-04-24
B09TZRSLN7,2023-05-22
B09TZRSLN7,2023-06-19
B09TZRSLN7,2023-07-17
B09TZRSLN7,2023-08-14
B09TZRSLN7,2023-09-11
B09TZRSLN7,2023-10-09
B09TZRSLN7,2023-11-06
B09TZRSLN7,2023-12-04
B09TZRSLN7,2024-01-01
B09TZRSLN7,2024-01-29
B09TZSF17V,2023-02-27
B09TZSF17V,2023-03-27
B09TZSF17V,2023-04-24
B09TZSF17V,2023-05-22
B09TZSF17V,2023-06-19
B09TZSF17V,2023-07-17
B09TZSF17V,2023-08-14
B09TZSF17V,2023-09-11
B09TZSF17V,2023-10-09
B09TZSF17V,2023-11-06
B09TZSF17V,2023-12-04
B09TZSF17V,2024-01-01
B09TZSF17V,2024-01-29
B09V15VZ2W,2023-06-19
B09V15VZ2W,2023-07-17
B09V15VZ2W,2023-08-14
B09V15VZ2W,2023-09-11
B09V15VZ2W,2023-10-09
B09V15VZ2W,2023-11-06
B09V15VZ2W,2023-12-04
B09V15VZ2W,2024-01-01
B09V15VZ2W,2024-01-29
B09V17TPLN,2023-02-27
B09V17TPLN,2023-03-27
B09V17TPLN,2023-04-24
B09V17TPLN,2023-05-22
B09V17TPLN,2023-06-19
B09V17TPLN,2023-07-17
B09V17TPLN,2023-08-14
B09V17TPLN,2023-09-11
B09V17TPLN,2023-10-09
B09V17TPLN,2023-11-06
B09V17TPLN,2023-12-04
B09V17TPLN,2024-01-01
B09V17TPLN,2024-01-29
B09V1RYRZW,2023-02-27
B09V1RYRZW,2023-03-27
B09V1RYRZW,2023-04-24
B09V1RYRZW,2023-05-22
B09V1RYRZW,2023-06-19
B09V1RYRZW,2023-07-17
B09V1RYRZW,2023-08-14
B09V1RYRZW,2023-09-11
B09V1RYRZW,2023-10-09
B09V1RYRZW,2023-11-06
B09V1RYRZW,2023-12-04
B09V1RYRZW,2024-01-01
B09V1RYRZW,2024-01-29
B09V4Y2WWR,2023-02-27
B09V4Y2WWR,2023-03-27
B09V4Y2WWR,2023-04-24
B09V4Y2WWR,2023-05-22
B09V4Y2WWR,2023-06-19
B09V4Y2WWR,2023-07-17
B09V4Y2WWR,2023-08-14
B09V4Y2WWR,2023-09-11
B09V4Y2WWR,2023-10-09
B09V4Y2WWR,2023-11-06
B09V4Y2WWR,2023-12-04
B09V4Y2WWR,2024-01-01
B09V4Y2WWR,2024-01-29
B09V75QW4C,2023-02-27
B09V75QW4C,2023-03-27
B09V75QW4C,2023-04-24
B09V75QW4C,2023-05-22
B09V75QW4C,2023-06-19
B09V75QW4C,2023-07-17
B09V75QW4C,2023-08-14
B09V75QW4C,2023-09-11
B09V75QW4C,2023-10-09
B09V75QW4C,2023-11-06
B09V75QW4C,2023-12-04
B09V75QW4C,2024-01-01
B09V75QW4C,2024-01-29
B09V7H87RV,2023-02-27
B09V7H87RV,2023-03-27
B09V7H87RV,2023-04-24
B09V7H87RV,2023-05-22
B09V7H87RV,2023-06-19
B09V7H87RV,2023-07-17
B09V7H87RV,2023-08-14
B09V7H87RV,2023-09-11
B09V7H87RV,2023-10-09
B09V7H87RV,2023-11-06
B09V7H87RV,2023-12-04
B09V7H87RV,2024-01-01
B09V7H87RV,2024-01-29
B09V7J1NFB,2023-02-27
B09V7J1NFB,2023-03-27
B09V7J1NFB,2023-04-24
B09V7J1NFB,2023-05-22
B09V7J1NFB,2023-06-19
B09V7J1NFB,2023-07-17
B09V7J1NFB,2023-08-14
B09V7J1NFB,2023-09-11
B09V7J1NFB,2023-10-09
B09V7J1NFB,2023-11-06
B09V7J1NFB,2023-12-04
B09V7J1NFB,2024-01-01
B09V7J1NFB,2024-01-29
B09V7KZHWY,2023-02-27
B09V7KZHWY,2023-03-27
B09V7KZHWY,2023-04-24
B09V7KZHWY,2023-05-22
B09V7KZHWY,2023-06-19
B09V7KZHWY,2023-07-17
B09V7KZHWY,2023-08-14
B09V7KZHWY,2023-09-11
B09V7KZHWY,2023-10-09
B09V7KZHWY,2023-11-06
B09V7KZHWY,2023-12-04
B09V7KZHWY,2024-01-01
B09V7KZHWY,2024-01-29
B09V8CDQ14,2023-02-27
B09V8CDQ14,2023-03-27
B09V8CDQ14,2023-04-24
B09V8CDQ14,2023-05-22
B09V8CDQ14,2023-06-19
B09V8CDQ14,2023-07-17
B09V8CDQ14,2023-08-14
B09V8CDQ14,2023-09-11
B09V8CDQ14,2023-10-09
B09V8CDQ14,2023-11-06
B09V8CDQ14,2023-12-04
B09V8CDQ14,2024-01-01
B09V8CDQ14,2024-01-29
B09V9Y54CT,2023-02-27
B09V9Y54CT,2023-03-27
B09V9Y54CT,2023-04-24
B09V9Y54CT,2023-05-22
B09V9Y54CT,2023-06-19
B09V9Y54CT,2023-07-17
B09V9Y54CT,2023-08-14
B09V9Y54CT,2023-09-11
B09V9Y54CT,2023-10-09
B09V9Y54CT,2023-11-06
B09V9Y54CT,2023-12-04
B09V9Y54CT,2024-01-01
B09V9Y54CT,2024-01-29
B09VBMZ217,2023-02-27
B09VBMZ217,2023-03-27
B09VBMZ217,2023-04-24
B09VBMZ217,2023-05-22
B09VBMZ217,2023-06-19
B09VBMZ217,2023-07-17
B09VBMZ217,2023-08-14
B09VBMZ217,2023-09-11
B09VBMZ217,2023-10-09
B09VBMZ217,2023-11-06
B09VBMZ217,2023-12-04
B09VBMZ217,2024-01-01
B09VBMZ217,2024-01-29
B09VF2BN4Z,2023-09-11
B09VF2BN4Z,2023-10-09
B09VF2BN4Z,2023-11-06
B09VF2BN4Z,2023-12-04
B09VF2BN4Z,2024-01-01
B09VF2BN4Z,2024-01-29
B09VL4PLCJ,2023-04-24
B09VL4PLCJ,2023-05-22
B09VL4PLCJ,2023-06-19
B09VL4PLCJ,2023-07-17
B09VL4PLCJ,2023-08-14
B09VL4PLCJ,2023-09-11
B09VL4PLCJ,2023-10-09
B09VL4PLCJ,2023-11-06
B09VL4PLCJ,2023-12-04
B09VL4PLCJ,2024-01-01
B09VL4PLCJ,2024-01-29
B09VMYC8T3,2023-02-27
B09VMYC8T3,2023-03-27
B09VMYC8T3,2023-04-24
B09VMYC8T3,2023-05-22
B09VMYC8T3,2023-06-19
B09VMYC8T3,2023-07-17
B09VMYC8T3,2023-08-14
B09VMYC8T3,2023-09-11
B09VMYC8T3,2023-10-09
B09VMYC8T3,2023-11-06
B09VMYC8T3,2023-12-04
B09VMYC8T3,2024-01-01
B09VMYC8T3,2024-01-29
B09VPHWBDK,2023-02-27
B09VPHWBDK,2023-03-27
B09VPHWBDK,2023-04-24
B09VPHWBDK,2023-05-22
B09VPHWBDK,2023-06-19
B09VPHWBDK,2023-07-17
B09VPHWBDK,2023-08-14
B09VPHWBDK,2023-09-11
B09VPHWBDK,2023-10-09
B09VPHWBDK,2023-11-06
B09VPHWBDK,2023-12-04
B09VPHWBDK,2024-01-01
B09VPHWBDK,2024-01-29
B09VR2NQ6Y,2023-02-27
B09VR2NQ6Y,2023-03-27
B09VR2NQ6Y,2023-04-24
B09VR2NQ6Y,2023-05-22
B09VR2NQ6Y,2023-06-19
B09VR2NQ6Y,2023-07-17
B09VR2NQ6Y,2023-08-14
B09VR2NQ6Y,2023-09-11
B09VR2NQ6Y,2023-10-09
B09VR2NQ6Y,2023-11-06
B09VR2NQ6Y,2023-12-04
B09VR2NQ6Y,2024-01-01
B09VR2NQ6Y,2024-01-29
B09VRN3P7K,2023-02-27
B09VRN3P7K,2023-03-27
B09VRN3P7K,2023-04-24
B09VRN3P7K,2023-05-22
B09VRN3P7K,2023-06-19
B09VRN3P7K,2023-07-17
B09VRN3P7K,2023-08-14
B09VRN3P7K,2023-09-11
B09VRN3P7K,2023-10-09
B09VRN3P7K,2023-11-06
B09VRN3P7K,2023-12-04
B09VRN3P7K,2024-01-01
B09VRN3P7K,2024-01-29
B09VSYNM6T,2023-02-27
B09VSYNM6T,2023-03-27
B09VSYNM6T,2023-04-24
B09VSYNM6T,2023-05-22
B09VSYNM6T,2023-06-19
B09VSYNM6T,2023-07-17
B09VSYNM6T,2023-08-14
B09VSYNM6T,2023-09-11
B09VSYNM6T,2023-10-09
B09VSYNM6T,2023-11-06
B09VSYNM6T,2023-12-04
B09VSYNM6T,2024-01-01
B09VSYNM6T,2024-01-29
B09VXB82T5,2023-02-27
B09VXB82T5,2023-03-27
B09VXB82T5,2023-04-24
B09VXB82T5,2023-05-22
B09VXB82T5,2023-06-19
B09VXB82T5,2023-07-17
B09VXB82T5,2023-08-14
B09VXB82T5,2023-09-11
B09VXB82T5,2023-10-09
B09VXB82T5,2023-11-06
B09VXB82T5,2023-12-04
B09VXB82T5,2024-01-01
B09VXB82T5,2024-01-29
B09VYSBVS7,2023-02-27
B09VYSBVS7,2023-03-27
B09VYSBVS7,2023-04-24
B09VYSBVS7,2023-05-22
B09VYSBVS7,2023-06-19
B09VYSBVS7,2023-07-17
B09VYSBVS7,2023-08-14
B09VYSBVS7,2023-09-11
B09VYSBVS7,2023-10-09
B09VYSBVS7,2023-11-06
B09VYSBVS7,2023-12-04
B09VYSBVS7,2024-01-01
B09VYSBVS7,2024-01-29
B09VYYQ6BS,2023-02-27
B09VYYQ6BS,2023-03-27
B09VYYQ6BS,2023-04-24
B09VYYQ6BS,2023-05-22
B09VYYQ6BS,2023-06-19
B09VYYQ6BS,2023-07-17
B09VYYQ6BS,2023-08-14
B09VYYQ6BS,2023-09-11
B09VYYQ6BS,2023-10-09
B09VYYQ6BS,2023-11-06
B09VYYQ6BS,2023-12-04
B09VYYQ6BS,2024-01-01
B09VYYQ6BS,2024-01-29
B09VZVL56F,2023-02-27
B09VZVL56F,2023-03-27
B09VZVL56F,2023-04-24
B09VZVL56F,2023-05-22
B09VZVL56F,2023-06-19
B09VZVL56F,2023-07-17
B09VZVL56F,2023-08-14
B09VZVL56F,2023-09-11
B09W2L82X5,2023-02-27
B09W2L82X5,2023-03-27
B09W2L82X5,2023-04-24
B09W2L82X5,2023-05-22
B09W2L82X5,2023-06-19
B09W2L82X5,2023-07-17
B09W2L82X5,2023-08-14
B09W2L82X5,2023-09-11
B09W2L82X5,2023-10-09
B09W2L82X5,2023-11-06
B09W2L82X5,2023-12-04
B09W2L82X5,2024-01-01
B09W2L82X5,2024-01-29
B09W2MXTZN,2023-02-27
B09W2MXTZN,2023-03-27
B09W2MXTZN,2023-04-24
B09W2MXTZN,2023-05-22
B09W2MXTZN,2023-06-19
B09W2MXTZN,2023-07-17
B09W2MXTZN,2023-08-14
B09W2MXTZN,2023-09-11
B09W2MXTZN,2023-10-09
B09W2MXTZN,2023-11-06
B09W2MXTZN,2023-12-04
B09W2MXTZN,2024-01-01
B09W2MXTZN,2024-01-29
B09W37KR51,2023-02-27
B09W37KR51,2023-03-27
B09W37KR51,2023-04-24
B09W37KR51,2023-05-22
B09W37KR51,2023-06-19
B09W37KR51,2023-07-17
B09W37KR51,2023-08-14
B09W37KR51,2023-09-11
B09W37KR51,2024-01-29
B09WBHTV7J,2023-02-27
B09WBHTV7J,2023-03-27
B09WBHTV7J,2023-04-24
B09WBHTV7J,2023-05-22
B09WBHTV7J,2023-06-19
B09WBHTV7J,2023-07-17
B09WBHTV7J,2023-08-14
B09WBHTV7J,2023-09-11
B09WBHTV7J,2023-10-09
B09WBHTV7J,2023-11-06
B09WBHTV7J,2023-12-04
B09WBHTV7J,2024-01-01
B09WBHTV7J,2024-01-29
B09WCW3DJ7,2023-02-27
B09WCW3DJ7,2023-03-27
B09WCW3DJ7,2023-04-24
B09WCW3DJ7,2023-05-22
B09WCW3DJ7,2023-06-19
B09WCW3DJ7,2023-07-17
B09WCW3DJ7,2023-08-14
B09WCW3DJ7,2023-09-11
B09WCW3DJ7,2023-10-09
B09WCW3DJ7,2023-11-06
B09WCW3DJ7,2023-12-04
B09WCW3DJ7,2024-01-01
B09WCW3DJ7,2024-01-29
B09WD73957,2023-02-27
B09WD73957,2023-03-27
B09WD73957,2023-04-24
B09WD73957,2023-05-22
B09WD73957,2023-06-19
B09WD73957,2023-07-17
B09WD73957,2023-08-14
B09WD73957,2023-09-11
B09WD73957,2023-10-09
B09WD73957,2023-11-06
B09WD73957,2023-12-04
B09WD73957,2024-01-01
B09WD73957,2024-01-29
B09WDCSNCZ,2023-02-27
B09WDCSNCZ,2023-03-27
B09WDCSNCZ,2023-04-24
B09WDCSNCZ,2023-05-22
B09WDCSNCZ,2023-06-19
B09WDCSNCZ,2023-07-17
B09WDCSNCZ,2023-08-14
B09WDCSNCZ,2023-09-11
B09WDCSNCZ,2023-10-09
B09WDCSNCZ,2023-11-06
B09WDCSNCZ,2023-12-04
B09WDCSNCZ,2024-01-01
B09WDCSNCZ,2024-01-29
B09WDGZTM7,2023-02-27
B09WDGZTM7,2023-03-27
B09WDGZTM7,2023-04-24
B09WDGZTM7,2023-05-22
B09WDGZTM7,2023-06-19
B09WDGZTM7,2023-07-17
B09WDGZTM7,2023-08-14
B09WDGZTM7,2023-09-11
B09WDGZTM7,2023-10-09
B09WDGZTM7,2023-11-06
B09WDGZTM7,2023-12-04
B09WDGZTM7,2024-01-01
B09WDGZTM7,2024-01-29
B09WGLNL8Y,2023-02-27
B09WGLNL8Y,2023-03-27
B09WGLNL8Y,2023-04-24
B09WGLNL8Y,2023-05-22
B09WGLNL8Y,2023-06-19
B09WGLNL8Y,2023-07-17
B09WGLNL8Y,2023-08-14
B09WGLNL8Y,2023-09-11
B09WGLNL8Y,2023-10-09
B09WGLNL8Y,2023-11-06
B09WGLNL8Y,2023-12-04
B09WGLNL8Y,2024-01-01
B09WGLNL8Y,2024-01-29
B09WHQZ5BC,2023-02-27
B09WHQZ5BC,2023-03-27
B09WHQZ5BC,2023-04-24
B09WHQZ5BC,2023-05-22
B09WHQZ5BC,2023-06-19
B09WHQZ5BC,2023-07-17
B09WHQZ5BC,2023-08-14
B09WHQZ5BC,2023-09-11
B09WHQZ5BC,2023-10-09
B09WHQZ5BC,2023-11-06
B09WHQZ5BC,2023-12-04
B09WHQZ5BC,2024-01-01
B09WHQZ5BC,2024-01-29
B09WJFJX3Q,2023-02-27
B09WJFJX3Q,2023-03-27
B09WJFJX3Q,2023-04-24
B09WJFJX3Q,2023-05-22
B09WJFJX3Q,2023-06-19
B09WJFJX3Q,2023-07-17
B09WJFJX3Q,2023-08-14
B09WJFJX3Q,2023-09-11
B09WJFJX3Q,2023-10-09
B09WJFJX3Q,2023-11-06
B09WJFJX3Q,2023-12-04
B09WJFJX3Q,2024-01-01
B09WJFJX3Q,2024-01-29
B09WLKVVZP,2023-02-27
B09WLKVVZP,2023-03-27
B09WLKVVZP,2023-04-24
B09WLKVVZP,2023-05-22
B09WLKVVZP,2023-06-19
B09WLKVVZP,2023-07-17
B09WLKVVZP,2023-08-14
B09WLKVVZP,2023-09-11
B09WLKVVZP,2023-10-09
B09WLKVVZP,2023-11-06
B09WLKVVZP,2023-12-04
B09WLKVVZP,2024-01-01
B09WLKVVZP,2024-01-29
B09WN4ZKKZ,2023-02-27
B09WN4ZKKZ,2023-03-27
B09WN4ZKKZ,2023-04-24
B09WN4ZKKZ,2023-05-22
B09WN4ZKKZ,2023-06-19
B09WN4ZKKZ,2023-07-17
B09WN4ZKKZ,2023-08-14
B09WN4ZKKZ,2023-09-11
B09WN4ZKKZ,2023-10-09
B09WN4ZKKZ,2023-11-06
B09WN4ZKKZ,2023-12-04
B09WN4ZKKZ,2024-01-01
B09WN4ZKKZ,2024-01-29
B09WQKQB8F,2023-02-27
B09WQKQB8F,2023-03-27
B09WQKQB8F,2023-04-24
B09WQKQB8F,2023-05-22
B09WQKQB8F,2023-06-19
B09WQKQB8F,2023-07-17
B09WQKQB8F,2023-08-14
B09WQKQB8F,2023-09-11
B09WQKQB8F,2023-10-09
B09WQKQB8F,2023-11-06
B09WQKQB8F,2023-12-04
B09WQKQB8F,2024-01-01
B09WQKQB8F,2024-01-29
B09WRBGX4H,2023-02-27
B09WRBGX4H,2023-03-27
B09WRBGX4H,2023-04-24
B09WRBGX4H,2023-05-22
B09WRBGX4H,2023-06-19
B09WRBGX4H,2023-07-17
B09WRBGX4H,2023-08-14
B09WRBGX4H,2023-09-11
B09WRBGX4H,2023-10-09
B09WRBGX4H,2023-11-06
B09WRBGX4H,2023-12-04
B09WRBGX4H,2024-01-01
B09WRBGX4H,2024-01-29
B09WSTBTJ8,2023-02-27
B09WSTBTJ8,2023-03-27
B09WSTBTJ8,2023-04-24
B09WSTBTJ8,2023-05-22
B09WSTBTJ8,2023-06-19
B09WSTBTJ8,2023-07-17
B09WSTBTJ8,2023-08-14
B09WSTBTJ8,2023-09-11
B09WSTBTJ8,2023-10-09
B09WSTBTJ8,2023-11-06
B09WSTBTJ8,2023-12-04
B09WSTBTJ8,2024-01-01
B09WSTBTJ8,2024-01-29
B09WSXNJDT,2023-02-27
B09WSXNJDT,2023-03-27
B09WSXNJDT,2023-04-24
B09WSXNJDT,2023-05-22
B09WSXNJDT,2023-06-19
B09WSXNJDT,2023-07-17
B09WSXNJDT,2023-08-14
B09WSXNJDT,2023-09-11
B09WSXNJDT,2023-10-09
B09WSXNJDT,2023-11-06
B09WSXNJDT,2023-12-04
B09WSXNJDT,2024-01-01
B09WSXNJDT,2024-01-29
B09WVN52CQ,2023-02-27
B09WVN52CQ,2023-03-27
B09WVN52CQ,2023-04-24
B09WVN52CQ,2023-05-22
B09WVN52CQ,2023-06-19
B09WVN52CQ,2023-07-17
B09WVN52CQ,2023-08-14
B09WVN52CQ,2023-09-11
B09WVN52CQ,2023-10-09
B09WVN52CQ,2023-11-06
B09WVN52CQ,2023-12-04
B09WVN52CQ,2024-01-01
B09WVN52CQ,2024-01-29
B09WW77246,2023-02-27
B09WW77246,2023-03-27
B09WW77246,2023-04-24
B09WW77246,2023-05-22
B09WW77246,2023-06-19
B09WW77246,2023-07-17
B09WW77246,2023-08-14
B09WW77246,2023-09-11
B09WW77246,2023-10-09
B09WW77246,2023-11-06
B09WW77246,2023-12-04
B09WW77246,2024-01-01
B09WW77246,2024-01-29
B09WXNH8CZ,2023-02-27
B09WXNH8CZ,2023-03-27
B09WXNH8CZ,2023-04-24
B09WXNH8CZ,2023-05-22
B09WXNH8CZ,2023-06-19
B09WXNH8CZ,2023-07-17
B09WXNH8CZ,2023-08-14
B09WXNH8CZ,2023-09-11
B09WXNH8CZ,2023-10-09
B09WXNH8CZ,2023-11-06
B09WXNH8CZ,2023-12-04
B09WXNH8CZ,2024-01-01
B09WXNH8CZ,2024-01-29
B09WYC4MY1,2023-02-27
B09WYC4MY1,2023-03-27
B09WYC4MY1,2023-04-24
B09WYC4MY1,2023-05-22
B09WYC4MY1,2023-06-19
B09WYC4MY1,2023-07-17
B09WYC4MY1,2023-08-14
B09WYC4MY1,2023-09-11
B09WYC4MY1,2023-10-09
B09WYC4MY1,2023-11-06
B09WYC4MY1,2023-12-04
B09WYC4MY1,2024-01-01
B09WYC4MY1,2024-01-29
B09WZWF12H,2023-02-27
B09WZWF12H,2023-03-27
B09WZWF12H,2023-04-24
B09WZWF12H,2023-05-22
B09WZWF12H,2023-06-19
B09WZWF12H,2023-07-17
B09WZWF12H,2023-08-14
B09WZWF12H,2023-09-11
B09WZWF12H,2023-10-09
B09WZWF12H,2023-11-06
B09WZWF12H,2023-12-04
B09WZWF12H,2024-01-01
B09WZWF12H,2024-01-29
B09X1CDSN8,2023-02-27
B09X1CDSN8,2023-03-27
B09X1CDSN8,2023-04-24
B09X1CDSN8,2023-05-22
B09X1CDSN8,2023-06-19
B09X1CDSN8,2023-07-17
B09X1CDSN8,2023-08-14
B09X1CDSN8,2023-09-11
B09X1CDSN8,2023-10-09
B09X1CDSN8,2023-11-06
B09X1CDSN8,2023-12-04
B09X1CDSN8,2024-01-01
B09X1CDSN8,2024-01-29
B09X1DCRXS,2023-02-27
B09X1DCRXS,2023-03-27
B09X1DCRXS,2023-04-24
B09X1DCRXS,2023-05-22
B09X1DCRXS,2023-06-19
B09X1DCRXS,2023-07-17
B09X1DCRXS,2023-08-14
B09X1DCRXS,2023-09-11
B09X1DCRXS,2023-10-09
B09X1DCRXS,2023-11-06
B09X1DCRXS,2023-12-04
B09X1DCRXS,2024-01-01
B09X1DCRXS,2024-01-29
B09X53C9XK,2023-02-27
B09X53C9XK,2023-03-27
B09X53C9XK,2023-04-24
B09X53C9XK,2023-05-22
B09X53C9XK,2023-06-19
B09X53C9XK,2023-07-17
B09X53C9XK,2023-08-14
B09X53C9XK,2023-09-11
B09X53C9XK,2023-10-09
B09X53C9XK,2023-11-06
B09X53C9XK,2023-12-04
B09X53C9XK,2024-01-01
B09X53C9XK,2024-01-29
B09X5Z77WT,2023-06-19
B09X5Z77WT,2023-07-17
B09X5Z77WT,2023-08-14
B09X5Z77WT,2023-09-11
B09X5Z77WT,2023-10-09
B09X5Z77WT,2023-11-06
B09X5Z77WT,2023-12-04
B09X5Z77WT,2024-01-01
B09X5Z77WT,2024-01-29
B09X998B1T,2023-02-27
B09X998B1T,2023-03-27
B09X998B1T,2023-04-24
B09X998B1T,2023-05-22
B09X998B1T,2023-06-19
B09X998B1T,2023-07-17
B09X998B1T,2023-08-14
B09X998B1T,2023-09-11
B09X998B1T,2023-10-09
B09X998B1T,2023-11-06
B09X998B1T,2023-12-04
B09X998B1T,2024-01-01
B09X998B1T,2024-01-29
B09XCLRR21,2023-03-27
B09XCLRR21,2023-04-24
B09XCLRR21,2023-05-22
B09XCLRR21,2023-06-19
B09XCLRR21,2023-07-17
B09XCLRR21,2023-08-14
B09XCLRR21,2023-09-11
B09XCLRR21,2023-10-09
B09XCLRR21,2023-11-06
B09XCLRR21,2023-12-04
B09XCLRR21,2024-01-01
B09XCLRR21,2024-01-29
B09XCM5JGR,2023-07-17
B09XCM5JGR,2023-08-14
B09XCM5JGR,2023-09-11
B09XCM5JGR,2023-10-09
B09XCM5JGR,2023-11-06
B09XCM5JGR,2023-12-04
B09XCM5JGR,2024-01-01
B09XCM5JGR,2024-01-29
B09XCN9TJW,2023-02-27
B09XCN9TJW,2023-03-27
B09XCN9TJW,2023-04-24
B09XCN9TJW,2023-05-22
B09XCN9TJW,2023-06-19
B09XCN9TJW,2023-07-17
B09XCN9TJW,2023-08-14
B09XCN9TJW,2023-09-11
B09XCN9TJW,2023-10-09
B09XCN9TJW,2023-11-06
B09XCN9TJW,2023-12-04
B09XCN9TJW,2024-01-01
B09XCN9TJW,2024-01-29
B09XCNXM4K,2023-09-11
B09XCNXM4K,2023-10-09
B09XCNXM4K,2023-11-06
B09XCNXM4K,2023-12-04
B09XCNXM4K,2024-01-01
B09XCNXM4K,2024-01-29
B09XCQ39TR,2023-04-24
B09XCQ39TR,2023-05-22
B09XCQ39TR,2023-06-19
B09XCQ39TR,2023-07-17
B09XCQ39TR,2023-08-14
B09XCQ39TR,2023-09-11
B09XCQ39TR,2023-10-09
B09XCQ39TR,2023-11-06
B09XCQ39TR,2023-12-04
B09XCQ39TR,2024-01-01
B09XCQ39TR,2024-01-29
B09XCR1DFQ,2023-02-27
B09XCR1DFQ,2023-03-27
B09XCR1DFQ,2023-04-24
B09XCR1DFQ,2023-05-22
B09XCR1DFQ,2023-06-19
B09XCR1DFQ,2023-07-17
B09XCR1DFQ,2023-08-14
B09XCR1DFQ,2023-09-11
B09XCR1DFQ,2023-10-09
B09XCR1DFQ,2023-11-06
B09XCR1DFQ,2023-12-04
B09XCR1DFQ,2024-01-01
B09XCR1DFQ,2024-01-29
B09XKJDHPM,2023-02-27
B09XKJDHPM,2023-03-27
B09XKJDHPM,2023-04-24
B09XKJDHPM,2023-05-22
B09XKJDHPM,2023-06-19
B09XKJDHPM,2023-07-17
B09XKJDHPM,2023-08-14
B09XKJDHPM,2023-09-11
B09XKJDHPM,2023-10-09
B09XKJDHPM,2023-11-06
B09XKJDHPM,2023-12-04
B09XKJDHPM,2024-01-01
B09XKJDHPM,2024-01-29
B09XMH9VRH,2023-02-27
B09XMH9VRH,2023-03-27
B09XMH9VRH,2023-04-24
B09XMH9VRH,2023-05-22
B09XMH9VRH,2023-06-19
B09XMH9VRH,2023-07-17
B09XMH9VRH,2023-08-14
B09XMH9VRH,2023-09-11
B09XMH9VRH,2023-10-09
B09XMH9VRH,2023-11-06
B09XMH9VRH,2023-12-04
B09XMH9VRH,2024-01-01
B09XMH9VRH,2024-01-29
B09XQ7GBP1,2023-02-27
B09XQ7GBP1,2023-03-27
B09XQ7GBP1,2023-04-24
B09XQ7GBP1,2023-05-22
B09XQ7GBP1,2023-06-19
B09XQ7GBP1,2023-07-17
B09XQ7GBP1,2023-08-14
B09XQ7GBP1,2023-09-11
B09XQ7GBP1,2023-10-09
B09XQ7GBP1,2023-11-06
B09XQ7GBP1,2023-12-04
B09XQ7GBP1,2024-01-01
B09XQ7GBP1,2024-01-29
B09XR89BX1,2023-02-27
B09XR89BX1,2023-03-27
B09XR89BX1,2023-04-24
B09XR89BX1,2023-05-22
B09XR89BX1,2023-06-19
B09XR89BX1,2023-07-17
B09XR89BX1,2023-08-14
B09XR89BX1,2023-09-11
B09XR89BX1,2023-10-09
B09XR89BX1,2023-11-06
B09XR89BX1,2023-12-04
B09XR89BX1,2024-01-01
B09XR89BX1,2024-01-29
B09XWVFGNH,2023-02-27
B09XWVFGNH,2023-03-27
B09XWVFGNH,2023-04-24
B09XWVFGNH,2023-05-22
B09XWVFGNH,2023-06-19
B09XWVFGNH,2023-07-17
B09XWVFGNH,2023-08-14
B09XWVFGNH,2023-09-11
B09XWVFGNH,2023-10-09
B09XWVFGNH,2023-11-06
B09XWVFGNH,2023-12-04
B09XWVFGNH,2024-01-01
B09XWVFGNH,2024-01-29
B09Y1YYLS8,2023-02-27
B09Y1YYLS8,2023-03-27
B09Y1YYLS8,2023-04-24
B09Y1YYLS8,2023-05-22
B09Y1YYLS8,2023-06-19
B09Y1YYLS8,2023-07-17
B09Y1YYLS8,2023-08-14
B09Y1YYLS8,2023-09-11
B09Y1YYLS8,2023-10-09
B09Y1YYLS8,2023-11-06
B09Y1YYLS8,2023-12-04
B09Y1YYLS8,2024-01-01
B09Y1YYLS8,2024-01-29
B09Y576JTK,2023-02-27
B09Y576JTK,2023-03-27
B09Y576JTK,2023-04-24
B09Y576JTK,2023-05-22
B09Y576JTK,2023-06-19
B09Y576JTK,2023-07-17
B09Y576JTK,2023-08-14
B09Y576JTK,2023-09-11
B09Y576JTK,2023-10-09
B09Y576JTK,2023-11-06
B09Y576JTK,2023-12-04
B09Y576JTK,2024-01-01
B09Y576JTK,2024-01-29
B09Y5JG2RF,2023-02-27
B09Y5JG2RF,2023-03-27
B09Y5JG2RF,2023-04-24
B09Y5JG2RF,2023-05-22
B09Y5JG2RF,2023-06-19
B09Y5JG2RF,2023-07-17
B09Y5JG2RF,2023-08-14
B09Y5JG2RF,2023-09-11
B09Y5JG2RF,2023-10-09
B09Y5JG2RF,2023-11-06
B09Y5JG2RF,2023-12-04
B09Y5JG2RF,2024-01-01
B09Y5JG2RF,2024-01-29
B09Y5JJLTT,2023-02-27
B09Y5JJLTT,2023-03-27
B09Y5JJLTT,2023-04-24
B09Y5JJLTT,2023-05-22
B09Y5JJLTT,2023-06-19
B09Y5JJLTT,2023-07-17
B09Y5JJLTT,2023-08-14
B09Y5JJLTT,2023-09-11
B09Y5JJLTT,2023-10-09
B09Y5JJLTT,2023-11-06
B09Y5JJLTT,2023-12-04
B09Y5JJLTT,2024-01-01
B09Y5JJLTT,2024-01-29
B09Y5R2FVS,2023-02-27
B09Y5R2FVS,2023-03-27
B09Y5R2FVS,2023-04-24
B09Y5R2FVS,2023-05-22
B09Y5R2FVS,2023-06-19
B09Y5R2FVS,2023-07-17
B09Y5R2FVS,2023-08-14
B09Y5R2FVS,2023-09-11
B09Y5R2FVS,2023-10-09
B09Y5R2FVS,2023-11-06
B09Y5R2FVS,2023-12-04
B09Y5R2FVS,2024-01-01
B09Y5R2FVS,2024-01-29
B09Y5R2GGB,2023-02-27
B09Y5R2GGB,2023-03-27
B09Y5R2GGB,2023-04-24
B09Y5R2GGB,2023-05-22
B09Y5R2GGB,2023-06-19
B09Y5R2GGB,2023-07-17
B09Y5R2GGB,2023-08-14
B09Y5R2GGB,2023-09-11
B09Y5R2GGB,2023-10-09
B09Y5R2GGB,2023-11-06
B09Y5R2GGB,2023-12-04
B09Y5R2GGB,2024-01-01
B09Y5R2GGB,2024-01-29
B09Y84Z1NB,2023-02-27
B09Y84Z1NB,2023-03-27
B09Y84Z1NB,2023-04-24
B09Y84Z1NB,2023-05-22
B09Y84Z1NB,2023-06-19
B09Y84Z1NB,2023-07-17
B09Y84Z1NB,2023-08-14
B09Y84Z1NB,2023-09-11
B09Y84Z1NB,2023-10-09
B09Y84Z1NB,2023-11-06
B09Y84Z1NB,2023-12-04
B09Y84Z1NB,2024-01-01
B09Y84Z1NB,2024-01-29
B09Y857YK7,2023-02-27
B09Y857YK7,2023-03-27
B09Y857YK7,2023-04-24
B09Y857YK7,2023-05-22
B09Y857YK7,2023-06-19
B09Y857YK7,2023-07-17
B09Y857YK7,2023-08-14
B09Y857YK7,2023-09-11
B09Y857YK7,2023-10-09
B09Y857YK7,2023-11-06
B09Y857YK7,2023-12-04
B09Y857YK7,2024-01-01
B09Y857YK7,2024-01-29
B09Y8DGZBZ,2023-02-27
B09Y8DGZBZ,2023-03-27
B09Y8DGZBZ,2023-04-24
B09Y8DGZBZ,2023-05-22
B09Y8DGZBZ,2023-06-19
B09Y8DGZBZ,2023-07-17
B09Y8DGZBZ,2023-08-14
B09Y8DGZBZ,2023-09-11
B09Y8DGZBZ,2023-10-09
B09Y8DGZBZ,2023-11-06
B09Y8DGZBZ,2023-12-04
B09Y8DGZBZ,2024-01-01
B09Y8DGZBZ,2024-01-29
B09YBXFYLV,2023-02-27
B09YBXFYLV,2023-03-27
B09YBXFYLV,2023-04-24
B09YBXFYLV,2023-05-22
B09YBXFYLV,2023-06-19
B09YBXFYLV,2023-07-17
B09YBXFYLV,2023-08-14
B09YBXFYLV,2023-09-11
B09YBXFYLV,2023-10-09
B09YBXFYLV,2023-11-06
B09YBXFYLV,2023-12-04
B09YBXFYLV,2024-01-01
B09YBXFYLV,2024-01-29
B09YGJ4B73,2023-02-27
B09YGJ4B73,2023-03-27
B09YGJ4B73,2023-04-24
B09YGJ4B73,2023-05-22
B09YGJ4B73,2023-06-19
B09YGJ4B73,2023-07-17
B09YGJ4B73,2023-08-14
B09YGJ4B73,2023-09-11
B09YGJ4B73,2023-10-09
B09YGJ4B73,2023-11-06
B09YGJ4B73,2023-12-04
B09YGJ4B73,2024-01-01
B09YGJ4B73,2024-01-29
B09YH46NM1,2023-02-27
B09YH46NM1,2023-03-27
B09YH46NM1,2023-04-24
B09YH46NM1,2023-05-22
B09YH46NM1,2023-06-19
B09YH46NM1,2023-07-17
B09YH46NM1,2023-08-14
B09YH46NM1,2023-09-11
B09YH46NM1,2023-10-09
B09YH46NM1,2023-11-06
B09YH46NM1,2023-12-04
B09YH46NM1,2024-01-01
B09YH46NM1,2024-01-29
B09YH5HFWP,2023-02-27
B09YH5HFWP,2023-03-27
B09YH5HFWP,2023-04-24
B09YH5HFWP,2023-05-22
B09YH5HFWP,2023-06-19
B09YH5HFWP,2023-07-17
B09YH5HFWP,2023-08-14
B09YH5HFWP,2023-09-11
B09YH5HFWP,2023-10-09
B09YH5HFWP,2023-11-06
B09YH5HFWP,2023-12-04
B09YH5HFWP,2024-01-01
B09YH5HFWP,2024-01-29
B09YHLTBHD,2023-02-27
B09YHLTBHD,2023-03-27
B09YHLTBHD,2023-04-24
B09YHLTBHD,2023-05-22
B09YHLTBHD,2023-06-19
B09YHLTBHD,2023-07-17
B09YHLTBHD,2023-08-14
B09YHLTBHD,2023-09-11
B09YHLTBHD,2023-10-09
B09YHLTBHD,2023-11-06
B09YHLTBHD,2023-12-04
B09YHLTBHD,2024-01-01
B09YHLTBHD,2024-01-29
B09YL5WKJF,2023-02-27
B09YL5WKJF,2023-03-27
B09YL5WKJF,2023-04-24
B09YL5WKJF,2023-05-22
B09YL5WKJF,2023-06-19
B09YL5WKJF,2023-07-17
B09YL5WKJF,2023-08-14
B09YL5WKJF,2023-09-11
B09YL5WKJF,2023-10-09
B09YL5WKJF,2023-11-06
B09YL5WKJF,2023-12-04
B09YL5WKJF,2024-01-01
B09YL5WKJF,2024-01-29
B09Z31C3Q5,2023-02-27
B09Z31C3Q5,2023-03-27
B09Z31C3Q5,2023-04-24
B09Z31C3Q5,2023-05-22
B09Z31C3Q5,2023-06-19
B09Z31C3Q5,2023-07-17
B09Z31C3Q5,2023-08-14
B09Z31C3Q5,2023-09-11
B09Z31C3Q5,2023-10-09
B09Z31C3Q5,2023-11-06
B09Z31C3Q5,2023-12-04
B09Z31C3Q5,2024-01-01
B09Z31C3Q5,2024-01-29
B09Z33BDFM,2023-02-27
B09Z33BDFM,2023-03-27
B09Z33BDFM,2023-04-24
B09Z33BDFM,2023-05-22
B09Z33BDFM,2023-06-19
B09Z33BDFM,2023-07-17
B09Z33BDFM,2023-08-14
B09Z33BDFM,2023-09-11
B09Z33BDFM,2023-10-09
B09Z33BDFM,2023-11-06
B09Z33BDFM,2023-12-04
B09Z33BDFM,2024-01-01
B09Z33BDFM,2024-01-29
B09Z7ZSHC4,2023-02-27
B09Z7ZSHC4,2023-03-27
B09Z7ZSHC4,2023-04-24
B09Z7ZSHC4,2023-05-22
B09Z7ZSHC4,2023-06-19
B09Z7ZSHC4,2023-07-17
B09Z7ZSHC4,2023-08-14
B09Z7ZSHC4,2023-09-11
B09Z7ZSHC4,2023-10-09
B09Z7ZSHC4,2023-11-06
B09Z7ZSHC4,2023-12-04
B09Z7ZSHC4,2024-01-01
B09Z7ZSHC4,2024-01-29
B09Z8CNY6J,2023-02-27
B09Z8CNY6J,2023-03-27
B09Z8CNY6J,2023-04-24
B09Z8CNY6J,2023-05-22
B09Z8CNY6J,2023-06-19
B09Z8CNY6J,2023-07-17
B09Z8CNY6J,2023-08-14
B09Z8CNY6J,2023-09-11
B09Z8CNY6J,2023-10-09
B09Z8CNY6J,2023-11-06
B09Z8CNY6J,2023-12-04
B09Z8CNY6J,2024-01-01
B09Z8CNY6J,2024-01-29
B09Z8G155D,2023-02-27
B09Z8G155D,2023-03-27
B09Z8G155D,2023-04-24
B09Z8G155D,2023-05-22
B09Z8G155D,2023-06-19
B09Z8G155D,2023-07-17
B09Z8G155D,2023-08-14
B09Z8G155D,2023-09-11
B09Z8G155D,2023-10-09
B09Z8G155D,2023-11-06
B09Z8G155D,2023-12-04
B09Z8G155D,2024-01-01
B09Z8G155D,2024-01-29
B09ZK3B565,2023-02-27
B09ZK3B565,2023-03-27
B09ZK3B565,2023-04-24
B09ZK3B565,2023-05-22
B09ZK3B565,2023-06-19
B09ZK3B565,2023-07-17
B09ZK3B565,2023-08-14
B09ZK3B565,2023-09-11
B09ZK3B565,2023-10-09
B09ZK3B565,2023-11-06
B09ZK3B565,2023-12-04
B09ZK3B565,2024-01-01
B09ZK3B565,2024-01-29
B09ZKVTJRY,2023-02-27
B09ZKVTJRY,2023-03-27
B09ZKVTJRY,2023-04-24
B09ZKVTJRY,2023-05-22
B09ZKVTJRY,2023-06-19
B09ZKVTJRY,2023-07-17
B09ZKVTJRY,2023-08-14
B09ZKVTJRY,2023-09-11
B09ZKVTJRY,2023-10-09
B09ZKVTJRY,2023-11-06
B09ZKVTJRY,2023-12-04
B09ZKVTJRY,2024-01-01
B09ZKVTJRY,2024-01-29
B09ZKYL1H2,2023-02-27
B09ZKYL1H2,2023-03-27
B09ZKYL1H2,2023-04-24
B09ZKYL1H2,2023-05-22
B09ZKYL1H2,2023-06-19
B09ZKYL1H2,2023-07-17
B09ZKYL1H2,2023-08-14
B09ZKYL1H2,2023-09-11
B09ZKYL1H2,2023-10-09
B09ZKYL1H2,2023-11-06
B09ZKYL1H2,2023-12-04
B09ZKYL1H2,2024-01-01
B09ZKYL1H2,2024-01-29
B09ZL41FX9,2023-02-27
B09ZL41FX9,2023-03-27
B09ZL41FX9,2023-04-24
B09ZL41FX9,2023-05-22
B09ZL41FX9,2023-06-19
B09ZL41FX9,2023-07-17
B09ZL41FX9,2023-08-14
B09ZL41FX9,2023-09-11
B09ZL41FX9,2023-10-09
B09ZL41FX9,2023-11-06
B09ZL41FX9,2023-12-04
B09ZL41FX9,2024-01-01
B09ZL41FX9,2024-01-29
B09ZL4XGBN,2023-02-27
B09ZL4XGBN,2023-03-27
B09ZL4XGBN,2023-04-24
B09ZL4XGBN,2023-05-22
B09ZL4XGBN,2023-06-19
B09ZL4XGBN,2023-07-17
B09ZL4XGBN,2023-08-14
B09ZL4XGBN,2023-09-11
B09ZL4XGBN,2023-10-09
B09ZL4XGBN,2023-11-06
B09ZL4XGBN,2023-12-04
B09ZL4XGBN,2024-01-01
B09ZL4XGBN,2024-01-29
B09ZLBFT3N,2023-02-27
B09ZLBFT3N,2023-03-27
B09ZLBFT3N,2023-04-24
B09ZLBFT3N,2023-05-22
B09ZLBFT3N,2023-06-19
B09ZLBFT3N,2023-07-17
B09ZLBFT3N,2023-08-14
B09ZLBFT3N,2023-09-11
B09ZLBFT3N,2023-10-09
B09ZLBFT3N,2023-11-06
B09ZLBFT3N,2023-12-04
B09ZLBFT3N,2024-01-01
B09ZLBFT3N,2024-01-29
B09ZLC7539,2023-02-27
B09ZLC7539,2023-03-27
B09ZLC7539,2023-04-24
B09ZLC7539,2023-05-22
B09ZLC7539,2023-06-19
B09ZLC7539,2023-07-17
B09ZLC7539,2023-08-14
B09ZLC7539,2023-09-11
B09ZLC7539,2023-10-09
B09ZLC7539,2023-11-06
B09ZLC7539,2023-12-04
B09ZLC7539,2024-01-01
B09ZLC7539,2024-01-29
B09ZLVWNWJ,2023-02-27
B09ZLVWNWJ,2023-03-27
B09ZLVWNWJ,2023-04-24
B09ZLVWNWJ,2023-05-22
B09ZLVWNWJ,2023-06-19
B09ZLVWNWJ,2023-07-17
B09ZLVWNWJ,2023-08-14
B09ZLVWNWJ,2023-09-11
B09ZLVWNWJ,2023-10-09
B09ZLVWNWJ,2023-11-06
B09ZLVWNWJ,2023-12-04
B09ZLVWNWJ,2024-01-01
B09ZLVWNWJ,2024-01-29
B09ZP6DHXR,2023-02-27
B09ZP6DHXR,2023-03-27
B09ZP6DHXR,2023-04-24
B09ZP6DHXR,2023-05-22
B09ZP6DHXR,2023-06-19
B09ZP6DHXR,2023-07-17
B09ZP6DHXR,2023-08-14
B09ZP6DHXR,2023-09-11
B09ZP6DHXR,2023-10-09
B09ZP6DHXR,2023-11-06
B09ZP6DHXR,2023-12-04
B09ZP6DHXR,2024-01-01
B09ZP6DHXR,2024-01-29
B09ZQ5BDT7,2023-02-27
B09ZQ5BDT7,2023-03-27
B09ZQ5BDT7,2023-04-24
B09ZQ5BDT7,2023-05-22
B09ZQ5BDT7,2023-06-19
B09ZQ5BDT7,2023-07-17
B09ZQ5BDT7,2023-08-14
B09ZQ5BDT7,2023-09-11
B09ZQ5BDT7,2023-10-09
B09ZQ5BDT7,2023-11-06
B09ZQ5BDT7,2023-12-04
B09ZQ5BDT7,2024-01-01
B09ZQ5BDT7,2024-01-29
B09ZSSQ8LL,2023-02-27
B09ZSSQ8LL,2023-03-27
B09ZSSQ8LL,2023-04-24
B09ZSSQ8LL,2023-05-22
B09ZSSQ8LL,2023-06-19
B09ZSSQ8LL,2023-07-17
B09ZSSQ8LL,2023-08-14
B09ZSSQ8LL,2023-09-11
B09ZSSQ8LL,2023-10-09
B09ZSSQ8LL,2023-11-06
B09ZSSQ8LL,2023-12-04
B09ZSSQ8LL,2024-01-01
B09ZSSQ8LL,2024-01-29
B09ZXNTZYV,2023-02-27
B09ZXNTZYV,2023-03-27
B09ZXNTZYV,2023-04-24
B09ZXNTZYV,2023-05-22
B09ZXNTZYV,2023-06-19
B09ZXNTZYV,2023-07-17
B09ZXNTZYV,2023-08-14
B09ZXNTZYV,2023-09-11
B09ZXNTZYV,2023-10-09
B09ZXNTZYV,2023-11-06
B09ZXNTZYV,2023-12-04
B09ZXNTZYV,2024-01-01
B09ZXNTZYV,2024-01-29
B0B11L7H5T,2023-02-27
B0B11L7H5T,2023-03-27
B0B11L7H5T,2023-04-24
B0B11L7H5T,2023-05-22
B0B11L7H5T,2023-06-19
B0B11L7H5T,2023-07-17
B0B11L7H5T,2023-08-14
B0B11L7H5T,2023-09-11
B0B11L7H5T,2023-10-09
B0B11L7H5T,2023-11-06
B0B11L7H5T,2023-12-04
B0B11L7H5T,2024-01-01
B0B11L7H5T,2024-01-29
B0B11XS7W1,2023-02-27
B0B11XS7W1,2023-03-27
B0B11XS7W1,2023-04-24
B0B11XS7W1,2023-05-22
B0B11XS7W1,2023-06-19
B0B11XS7W1,2023-07-17
B0B11XS7W1,2023-08-14
B0B11XS7W1,2023-09-11
B0B11XS7W1,2023-10-09
B0B11XS7W1,2023-11-06
B0B11XS7W1,2023-12-04
B0B11XS7W1,2024-01-01
B0B11XS7W1,2024-01-29
B0B14K1J8Y,2023-06-19
B0B14K1J8Y,2023-07-17
B0B14K1J8Y,2023-08-14
B0B14K1J8Y,2023-09-11
B0B14K1J8Y,2023-10-09
B0B14K1J8Y,2023-11-06
B0B14K1J8Y,2023-12-04
B0B14K1J8Y,2024-01-01
B0B14K1J8Y,2024-01-29
B0B14P9J61,2023-02-27
B0B14P9J61,2023-03-27
B0B14P9J61,2023-04-24
B0B14P9J61,2023-05-22
B0B14P9J61,2023-06-19
B0B14P9J61,2023-07-17
B0B14P9J61,2023-08-14
B0B14P9J61,2023-09-11
B0B14P9J61,2023-10-09
B0B14P9J61,2023-11-06
B0B14P9J61,2023-12-04
B0B14P9J61,2024-01-01
B0B14P9J61,2024-01-29
B0B14R6NJ1,2023-02-27
B0B14R6NJ1,2023-03-27
B0B14R6NJ1,2023-04-24
B0B14R6NJ1,2023-05-22
B0B14R6NJ1,2023-06-19
B0B14R6NJ1,2023-07-17
B0B14R6NJ1,2023-08-14
B0B14R6NJ1,2023-09-11
B0B14R6NJ1,2023-10-09
B0B14R6NJ1,2023-11-06
B0B14R6NJ1,2023-12-04
B0B14R6NJ1,2024-01-01
B0B14R6NJ1,2024-01-29
B0B1513RMX,2023-02-27
B0B1513RMX,2023-03-27
B0B1513RMX,2023-04-24
B0B1513RMX,2023-05-22
B0B1513RMX,2023-06-19
B0B1513RMX,2023-07-17
B0B1513RMX,2023-08-14
B0B1513RMX,2023-09-11
B0B1513RMX,2023-10-09
B0B1513RMX,2023-11-06
B0B1513RMX,2023-12-04
B0B1513RMX,2024-01-01
B0B1513RMX,2024-01-29
B0B156MJ3D,2023-02-27
B0B156MJ3D,2023-03-27
B0B156MJ3D,2023-04-24
B0B156MJ3D,2023-05-22
B0B156MJ3D,2023-06-19
B0B156MJ3D,2023-07-17
B0B156MJ3D,2023-08-14
B0B156MJ3D,2023-09-11
B0B156MJ3D,2023-10-09
B0B156MJ3D,2023-11-06
B0B156MJ3D,2023-12-04
B0B156MJ3D,2024-01-01
B0B156MJ3D,2024-01-29
B0B171VX9D,2023-02-27
B0B171VX9D,2023-03-27
B0B171VX9D,2023-04-24
B0B171VX9D,2023-05-22
B0B171VX9D,2023-06-19
B0B171VX9D,2023-07-17
B0B171VX9D,2023-08-14
B0B171VX9D,2023-09-11
B0B171VX9D,2023-10-09
B0B171VX9D,2023-11-06
B0B171VX9D,2023-12-04
B0B171VX9D,2024-01-01
B0B171VX9D,2024-01-29
B0B17FX4XQ,2023-02-27
B0B17FX4XQ,2023-03-27
B0B17FX4XQ,2023-04-24
B0B17FX4XQ,2023-05-22
B0B17FX4XQ,2023-06-19
B0B17FX4XQ,2023-07-17
B0B17FX4XQ,2023-08-14
B0B17FX4XQ,2023-09-11
B0B17FX4XQ,2023-10-09
B0B17FX4XQ,2023-11-06
B0B17FX4XQ,2023-12-04
B0B17FX4XQ,2024-01-01
B0B17FX4XQ,2024-01-29
B0B1888D57,2023-03-27
B0B1888D57,2023-04-24
B0B1888D57,2023-05-22
B0B1888D57,2023-06-19
B0B1888D57,2023-07-17
B0B1888D57,2023-08-14
B0B1888D57,2023-09-11
B0B1888D57,2023-10-09
B0B1888D57,2023-11-06
B0B1888D57,2023-12-04
B0B1888D57,2024-01-01
B0B1888D57,2024-01-29
B0B195C1VN,2023-02-27
B0B195C1VN,2023-03-27
B0B195C1VN,2023-04-24
B0B195C1VN,2023-05-22
B0B195C1VN,2023-06-19
B0B195C1VN,2023-07-17
B0B195C1VN,2023-08-14
B0B195C1VN,2023-09-11
B0B195C1VN,2023-10-09
B0B195C1VN,2023-11-06
B0B195C1VN,2023-12-04
B0B195C1VN,2024-01-01
B0B195C1VN,2024-01-29
B0B195QJB8,2023-02-27
B0B195QJB8,2023-03-27
B0B195QJB8,2023-04-24
B0B195QJB8,2023-05-22
B0B195QJB8,2023-06-19
B0B195QJB8,2023-07-17
B0B195QJB8,2023-08-14
B0B195QJB8,2023-09-11
B0B195QJB8,2023-10-09
B0B195QJB8,2023-11-06
B0B195QJB8,2023-12-04
B0B195QJB8,2024-01-01
B0B195QJB8,2024-01-29
B0B19DVFP2,2023-02-27
B0B19DVFP2,2023-03-27
B0B19DVFP2,2023-04-24
B0B19DVFP2,2023-05-22
B0B19DVFP2,2023-06-19
B0B19DVFP2,2023-07-17
B0B19DVFP2,2023-08-14
B0B19DVFP2,2023-09-11
B0B19DVFP2,2023-10-09
B0B19DVFP2,2023-11-06
B0B19DVFP2,2023-12-04
B0B19DVFP2,2024-01-01
B0B19DVFP2,2024-01-29
B0B1BCXT93,2023-02-27
B0B1BCXT93,2023-03-27
B0B1BCXT93,2023-04-24
B0B1BCXT93,2023-05-22
B0B1BCXT93,2023-06-19
B0B1BCXT93,2023-07-17
B0B1BCXT93,2023-08-14
B0B1BCXT93,2023-09-11
B0B1BCXT93,2023-10-09
B0B1BCXT93,2023-11-06
B0B1BCXT93,2023-12-04
B0B1BCXT93,2024-01-01
B0B1BCXT93,2024-01-29
B0B1F44D7H,2023-02-27
B0B1F44D7H,2023-03-27
B0B1F44D7H,2023-04-24
B0B1F44D7H,2023-05-22
B0B1F44D7H,2023-06-19
B0B1F44D7H,2023-07-17
B0B1F44D7H,2023-08-14
B0B1F44D7H,2023-09-11
B0B1F44D7H,2023-10-09
B0B1F44D7H,2023-11-06
B0B1F44D7H,2023-12-04
B0B1F44D7H,2024-01-01
B0B1F44D7H,2024-01-29
B0B1F5LN6C,2023-02-27
B0B1F5LN6C,2023-03-27
B0B1F5LN6C,2023-04-24
B0B1F5LN6C,2023-05-22
B0B1F5LN6C,2023-06-19
B0B1F5LN6C,2023-07-17
B0B1F5LN6C,2023-08-14
B0B1F5LN6C,2023-09-11
B0B1F5LN6C,2023-10-09
B0B1F5LN6C,2023-11-06
B0B1F5LN6C,2023-12-04
B0B1F5LN6C,2024-01-01
B0B1F5LN6C,2024-01-29
B0B1F78S1H,2023-04-24
B0B1F78S1H,2023-05-22
B0B1F78S1H,2023-06-19
B0B1F78S1H,2023-07-17
B0B1F78S1H,2023-08-14
B0B1F78S1H,2023-09-11
B0B1F78S1H,2023-10-09
B0B1F78S1H,2023-11-06
B0B1F78S1H,2023-12-04
B0B1F78S1H,2024-01-01
B0B1F78S1H,2024-01-29
B0B1F8HDVY,2023-02-27
B0B1F8HDVY,2023-03-27
B0B1F8HDVY,2023-04-24
B0B1F8HDVY,2023-05-22
B0B1F8HDVY,2023-06-19
B0B1F8HDVY,2023-07-17
B0B1F8HDVY,2023-08-14
B0B1F8HDVY,2023-09-11
B0B1F8HDVY,2023-10-09
B0B1F8HDVY,2023-11-06
B0B1F8HDVY,2023-12-04
B0B1F8HDVY,2024-01-01
B0B1F8HDVY,2024-01-29
B0B1J8VN4X,2023-02-27
B0B1J8VN4X,2023-03-27
B0B1J8VN4X,2023-04-24
B0B1J8VN4X,2023-05-22
B0B1J8VN4X,2023-06-19
B0B1J8VN4X,2023-07-17
B0B1J8VN4X,2023-08-14
B0B1J8VN4X,2023-09-11
B0B1J8VN4X,2023-10-09
B0B1J8VN4X,2023-11-06
B0B1J8VN4X,2023-12-04
B0B1J8VN4X,2024-01-01
B0B1J8VN4X,2024-01-29
B0B1JP85Z5,2023-02-27
B0B1JP85Z5,2023-03-27
B0B1JP85Z5,2023-04-24
B0B1JP85Z5,2023-05-22
B0B1JP85Z5,2023-06-19
B0B1JP85Z5,2023-07-17
B0B1JP85Z5,2023-08-14
B0B1JP85Z5,2023-09-11
B0B1JP85Z5,2023-10-09
B0B1JP85Z5,2023-11-06
B0B1JP85Z5,2023-12-04
B0B1JP85Z5,2024-01-01
B0B1JP85Z5,2024-01-29
B0B1MHKHYF,2023-02-27
B0B1MHKHYF,2023-03-27
B0B1MHKHYF,2023-04-24
B0B1MHKHYF,2023-05-22
B0B1MHKHYF,2023-06-19
B0B1MHKHYF,2023-07-17
B0B1MHKHYF,2023-08-14
B0B1MHKHYF,2023-09-11
B0B1MHKHYF,2023-10-09
B0B1MHKHYF,2023-11-06
B0B1MHKHYF,2023-12-04
B0B1MHKHYF,2024-01-01
B0B1MHKHYF,2024-01-29
B0B1N3L3YQ,2023-02-27
B0B1N3L3YQ,2023-03-27
B0B1N3L3YQ,2023-04-24
B0B1N3L3YQ,2023-05-22
B0B1N3L3YQ,2023-06-19
B0B1N3L3YQ,2023-07-17
B0B1N3L3YQ,2023-08-14
B0B1N3L3YQ,2023-09-11
B0B1N3L3YQ,2023-10-09
B0B1N3L3YQ,2023-11-06
B0B1N3L3YQ,2023-12-04
B0B1N3L3YQ,2024-01-01
B0B1N3L3YQ,2024-01-29
B0B1N48SGV,2023-02-27
B0B1N48SGV,2023-03-27
B0B1N48SGV,2023-04-24
B0B1N48SGV,2023-05-22
B0B1N48SGV,2023-06-19
B0B1N48SGV,2023-07-17
B0B1N48SGV,2023-08-14
B0B1N48SGV,2023-09-11
B0B1N48SGV,2023-10-09
B0B1N48SGV,2023-11-06
B0B1N48SGV,2023-12-04
B0B1N48SGV,2024-01-01
B0B1N48SGV,2024-01-29
B0B1NB3JWZ,2023-02-27
B0B1NB3JWZ,2023-03-27
B0B1NB3JWZ,2023-04-24
B0B1NB3JWZ,2023-05-22
B0B1NB3JWZ,2023-06-19
B0B1NB3JWZ,2023-07-17
B0B1NB3JWZ,2023-08-14
B0B1NB3JWZ,2023-09-11
B0B1NB3JWZ,2023-10-09
B0B1NB3JWZ,2023-11-06
B0B1NB3JWZ,2023-12-04
B0B1NB3JWZ,2024-01-01
B0B1NB3JWZ,2024-01-29
B0B1P297MJ,2023-02-27
B0B1P297MJ,2023-03-27
B0B1P297MJ,2023-04-24
B0B1P297MJ,2023-05-22
B0B1P297MJ,2023-06-19
B0B1P297MJ,2023-07-17
B0B1P297MJ,2023-08-14
B0B1P297MJ,2023-09-11
B0B1P297MJ,2023-10-09
B0B1P297MJ,2023-11-06
B0B1P297MJ,2023-12-04
B0B1P297MJ,2024-01-01
B0B1P297MJ,2024-01-29
B0B1P3123R,2023-03-27
B0B1P3123R,2023-04-24
B0B1P3123R,2023-05-22
B0B1P3123R,2023-06-19
B0B1P3123R,2023-07-17
B0B1P3123R,2023-08-14
B0B1P3123R,2023-09-11
B0B1P3123R,2023-10-09
B0B1P3123R,2023-11-06
B0B1P3123R,2023-12-04
B0B1P3123R,2024-01-01
B0B1P3123R,2024-01-29
B0B1PB27HL,2023-02-27
B0B1PB27HL,2023-03-27
B0B1PB27HL,2023-04-24
B0B1PB27HL,2023-05-22
B0B1PB27HL,2023-06-19
B0B1PB27HL,2023-07-17
B0B1PB27HL,2023-08-14
B0B1PB27HL,2023-09-11
B0B1PB27HL,2023-10-09
B0B1PB27HL,2023-11-06
B0B1PB27HL,2023-12-04
B0B1PB27HL,2024-01-01
B0B1PB27HL,2024-01-29
B0B1PH93H9,2023-02-27
B0B1PH93H9,2023-03-27
B0B1PH93H9,2023-04-24
B0B1PH93H9,2023-05-22
B0B1PH93H9,2023-06-19
B0B1PH93H9,2023-07-17
B0B1PH93H9,2023-08-14
B0B1PH93H9,2023-09-11
B0B1PH93H9,2023-10-09
B0B1PH93H9,2023-11-06
B0B1PH93H9,2023-12-04
B0B1PH93H9,2024-01-01
B0B1PH93H9,2024-01-29
B0B1QT3LTH,2023-02-27
B0B1QT3LTH,2023-03-27
B0B1QT3LTH,2023-04-24
B0B1QT3LTH,2023-05-22
B0B1QT3LTH,2023-06-19
B0B1QT3LTH,2023-07-17
B0B1QT3LTH,2023-08-14
B0B1QT3LTH,2023-09-11
B0B1QT3LTH,2023-10-09
B0B1QT3LTH,2023-11-06
B0B1QT3LTH,2023-12-04
B0B1QT3LTH,2024-01-01
B0B1QT3LTH,2024-01-29
B0B1VVQ6WQ,2023-02-27
B0B1VVQ6WQ,2023-03-27
B0B1VVQ6WQ,2023-04-24
B0B1VVQ6WQ,2023-05-22
B0B1VVQ6WQ,2023-06-19
B0B1VVQ6WQ,2023-07-17
B0B1VVQ6WQ,2023-08-14
B0B1VVQ6WQ,2023-09-11
B0B1VVQ6WQ,2023-10-09
B0B1VVQ6WQ,2023-11-06
B0B1VVQ6WQ,2023-12-04
B0B1VVQ6WQ,2024-01-01
B0B1VVQ6WQ,2024-01-29
B0B1VZ23CH,2023-02-27
B0B1VZ23CH,2023-03-27
B0B1VZ23CH,2023-04-24
B0B1VZ23CH,2023-05-22
B0B1VZ23CH,2023-06-19
B0B1VZ23CH,2023-07-17
B0B1VZ23CH,2023-08-14
B0B1VZ23CH,2023-09-11
B0B1VZ23CH,2023-10-09
B0B1VZ23CH,2023-11-06
B0B1VZ23CH,2023-12-04
B0B1VZ23CH,2024-01-01
B0B1VZ23CH,2024-01-29
B0B21YLS15,2023-02-27
B0B21YLS15,2023-03-27
B0B21YLS15,2023-04-24
B0B21YLS15,2023-05-22
B0B21YLS15,2023-06-19
B0B21YLS15,2023-07-17
B0B21YLS15,2023-08-14
B0B21YLS15,2023-09-11
B0B21YLS15,2023-10-09
B0B21YLS15,2023-11-06
B0B21YLS15,2023-12-04
B0B21YLS15,2024-01-01
B0B21YLS15,2024-01-29
B0B221YX38,2023-02-27
B0B221YX38,2023-03-27
B0B221YX38,2023-04-24
B0B221YX38,2023-05-22
B0B221YX38,2023-06-19
B0B221YX38,2023-07-17
B0B221YX38,2023-08-14
B0B221YX38,2023-09-11
B0B221YX38,2023-10-09
B0B221YX38,2023-11-06
B0B221YX38,2023-12-04
B0B221YX38,2024-01-01
B0B221YX38,2024-01-29
B0B24BQBWN,2023-02-27
B0B24BQBWN,2023-03-27
B0B24BQBWN,2023-04-24
B0B24BQBWN,2023-05-22
B0B24BQBWN,2023-06-19
B0B24BQBWN,2023-07-17
B0B24BQBWN,2023-08-14
B0B24BQBWN,2023-09-11
B0B24BQBWN,2023-10-09
B0B24BQBWN,2023-11-06
B0B24BQBWN,2023-12-04
B0B24BQBWN,2024-01-01
B0B24BQBWN,2024-01-29
B0B25HLT7G,2023-02-27
B0B25HLT7G,2023-03-27
B0B25HLT7G,2023-04-24
B0B25HLT7G,2023-05-22
B0B25HLT7G,2023-06-19
B0B25HLT7G,2023-07-17
B0B25HLT7G,2023-08-14
B0B25HLT7G,2023-09-11
B0B25HLT7G,2023-10-09
B0B25HLT7G,2023-11-06
B0B25HLT7G,2023-12-04
B0B25HLT7G,2024-01-01
B0B25HLT7G,2024-01-29
B0B28YSTM3,2023-02-27
B0B28YSTM3,2023-03-27
B0B28YSTM3,2023-04-24
B0B28YSTM3,2023-05-22
B0B28YSTM3,2023-06-19
B0B28YSTM3,2023-07-17
B0B28YSTM3,2023-08-14
B0B28YSTM3,2023-09-11
B0B28YSTM3,2023-10-09
B0B28YSTM3,2023-11-06
B0B28YSTM3,2023-12-04
B0B28YSTM3,2024-01-01
B0B28YSTM3,2024-01-29
B0B2BY8T36,2023-02-27
B0B2BY8T36,2023-03-27
B0B2BY8T36,2023-04-24
B0B2BY8T36,2023-05-22
B0B2BY8T36,2023-06-19
B0B2BY8T36,2023-07-17
B0B2BY8T36,2023-08-14
B0B2BY8T36,2023-09-11
B0B2BY8T36,2023-10-09
B0B2BY8T36,2023-11-06
B0B2BY8T36,2023-12-04
B0B2BY8T36,2024-01-01
B0B2BY8T36,2024-01-29
B0B2C3PW2W,2023-08-14
B0B2C3PW2W,2023-09-11
B0B2C3PW2W,2023-10-09
B0B2C3PW2W,2023-11-06
B0B2C3PW2W,2023-12-04
B0B2C3PW2W,2024-01-01
B0B2C3PW2W,2024-01-29
B0B2D3JTJB,2023-02-27
B0B2D3JTJB,2023-03-27
B0B2D3JTJB,2023-04-24
B0B2D3JTJB,2023-05-22
B0B2D3JTJB,2023-06-19
B0B2D3JTJB,2023-07-17
B0B2D3JTJB,2023-08-14
B0B2D3JTJB,2023-09-11
B0B2D3JTJB,2023-10-09
B0B2D3JTJB,2023-11-06
B0B2D3JTJB,2023-12-04
B0B2D3JTJB,2024-01-01
B0B2D3JTJB,2024-01-29
B0B2DDQY3Q,2023-02-27
B0B2DDQY3Q,2023-03-27
B0B2DDQY3Q,2023-04-24
B0B2DDQY3Q,2023-05-22
B0B2DDQY3Q,2023-06-19
B0B2DDQY3Q,2023-07-17
B0B2DDQY3Q,2023-08-14
B0B2DDQY3Q,2023-09-11
B0B2DDQY3Q,2023-10-09
B0B2DDQY3Q,2023-11-06
B0B2DDQY3Q,2023-12-04
B0B2DDQY3Q,2024-01-01
B0B2DDQY3Q,2024-01-29
B0B2DFQN76,2023-02-27
B0B2DFQN76,2023-03-27
B0B2DFQN76,2023-04-24
B0B2DFQN76,2023-05-22
B0B2DFQN76,2023-06-19
B0B2DFQN76,2023-07-17
B0B2DFQN76,2023-08-14
B0B2DFQN76,2023-09-11
B0B2DFQN76,2023-10-09
B0B2DFQN76,2023-11-06
B0B2DFQN76,2023-12-04
B0B2DFQN76,2024-01-01
B0B2DFQN76,2024-01-29
B0B2DGFPSQ,2023-02-27
B0B2DGFPSQ,2023-03-27
B0B2DGFPSQ,2023-04-24
B0B2DGFPSQ,2023-05-22
B0B2DGFPSQ,2023-06-19
B0B2DGFPSQ,2023-07-17
B0B2DGFPSQ,2023-08-14
B0B2DGFPSQ,2023-09-11
B0B2DGFPSQ,2023-10-09
B0B2DGFPSQ,2023-11-06
B0B2DGFPSQ,2023-12-04
B0B2DGFPSQ,2024-01-01
B0B2DGFPSQ,2024-01-29
B0B2DZTJ54,2023-02-27
B0B2DZTJ54,2023-03-27
B0B2DZTJ54,2023-04-24
B0B2DZTJ54,2023-05-22
B0B2DZTJ54,2023-06-19
B0B2DZTJ54,2023-07-17
B0B2DZTJ54,2023-08-14
B0B2DZTJ54,2023-09-11
B0B2DZTJ54,2023-10-09
B0B2DZTJ54,2023-11-06
B0B2DZTJ54,2023-12-04
B0B2DZTJ54,2024-01-01
B0B2DZTJ54,2024-01-29
B0B2JNSJ3Q,2023-02-27
B0B2JNSJ3Q,2023-03-27
B0B2JNSJ3Q,2023-04-24
B0B2JNSJ3Q,2023-05-22
B0B2JNSJ3Q,2023-06-19
B0B2JNSJ3Q,2023-07-17
B0B2JNSJ3Q,2023-08-14
B0B2JNSJ3Q,2023-09-11
B0B2JNSJ3Q,2023-10-09
B0B2JNSJ3Q,2023-11-06
B0B2JNSJ3Q,2023-12-04
B0B2JNSJ3Q,2024-01-01
B0B2JNSJ3Q,2024-01-29
B0B2JQ969L,2023-02-27
B0B2JQ969L,2023-03-27
B0B2JQ969L,2023-04-24
B0B2JQ969L,2023-05-22
B0B2JQ969L,2023-06-19
B0B2JQ969L,2023-07-17
B0B2JQ969L,2023-08-14
B0B2JQ969L,2023-09-11
B0B2JQ969L,2023-10-09
B0B2JQ969L,2023-11-06
B0B2JQ969L,2023-12-04
B0B2JQ969L,2024-01-01
B0B2JQ969L,2024-01-29
B0B2JQPBG8,2023-05-22
B0B2JQPBG8,2023-06-19
B0B2JQPBG8,2023-07-17
B0B2JQPBG8,2023-08-14
B0B2JQPBG8,2023-09-11
B0B2JQPBG8,2023-10-09
B0B2JQPBG8,2023-11-06
B0B2JQPBG8,2023-12-04
B0B2JQPBG8,2024-01-01
B0B2JQPBG8,2024-01-29
B0B2JTKNHW,2023-05-22
B0B2JTKNHW,2023-06-19
B0B2JTKNHW,2023-07-17
B0B2JTKNHW,2023-08-14
B0B2JTKNHW,2023-09-11
B0B2JTKNHW,2023-10-09
B0B2JTKNHW,2023-11-06
B0B2JTKNHW,2023-12-04
B0B2JTKNHW,2024-01-01
B0B2JTKNHW,2024-01-29
B0B2KWGHGZ,2023-02-27
B0B2KWGHGZ,2023-03-27
B0B2KWGHGZ,2023-04-24
B0B2KWGHGZ,2023-05-22
B0B2KWGHGZ,2023-06-19
B0B2KWGHGZ,2023-07-17
B0B2KWGHGZ,2023-08-14
B0B2KWGHGZ,2023-09-11
B0B2KWGHGZ,2023-10-09
B0B2KWGHGZ,2023-11-06
B0B2KWGHGZ,2023-12-04
B0B2KWGHGZ,2024-01-01
B0B2KWGHGZ,2024-01-29
B0B2KYN1KK,2023-02-27
B0B2KYN1KK,2023-03-27
B0B2KYN1KK,2023-04-24
B0B2KYN1KK,2023-05-22
B0B2KYN1KK,2023-06-19
B0B2KYN1KK,2023-07-17
B0B2KYN1KK,2023-08-14
B0B2KYN1KK,2023-09-11
B0B2KYN1KK,2023-10-09
B0B2KYN1KK,2023-11-06
B0B2KYN1KK,2023-12-04
B0B2KYN1KK,2024-01-01
B0B2KYN1KK,2024-01-29
B0B2S3FRW6,2023-11-06
B0B2S3FRW6,2023-12-04
B0B2S3FRW6,2024-01-01
B0B2S3FRW6,2024-01-29
B0B2TY42KW,2023-02-27
B0B2TY42KW,2023-03-27
B0B2TY42KW,2023-04-24
B0B2TY42KW,2023-05-22
B0B2TY42KW,2023-06-19
B0B2TY42KW,2023-07-17
B0B2TY42KW,2023-08-14
B0B2TY42KW,2023-09-11
B0B2TY42KW,2023-10-09
B0B2TY42KW,2023-11-06
B0B2TY42KW,2023-12-04
B0B2TY42KW,2024-01-01
B0B2TY42KW,2024-01-29
B0B2V34JG6,2023-02-27
B0B2V34JG6,2023-03-27
B0B2V34JG6,2023-04-24
B0B2V34JG6,2023-05-22
B0B2V34JG6,2023-06-19
B0B2V34JG6,2023-07-17
B0B2V34JG6,2023-08-14
B0B2V34JG6,2023-09-11
B0B2V34JG6,2023-10-09
B0B2V34JG6,2023-11-06
B0B2V34JG6,2023-12-04
B0B2V34JG6,2024-01-01
B0B2V34JG6,2024-01-29
B0B2V3585S,2023-03-27
B0B2V3585S,2023-04-24
B0B2V3585S,2023-05-22
B0B2V3585S,2023-06-19
B0B2V3585S,2023-07-17
B0B2V3585S,2023-08-14
B0B2V3585S,2023-09-11
B0B2V3585S,2023-10-09
B0B2V3585S,2023-11-06
B0B2V3585S,2023-12-04
B0B2V3585S,2024-01-01
B0B2V3585S,2024-01-29
B0B2V3P697,2023-02-27
B0B2V3P697,2023-03-27
B0B2V3P697,2023-04-24
B0B2V3P697,2023-05-22
B0B2V3P697,2023-06-19
B0B2V3P697,2023-07-17
B0B2V3P697,2023-08-14
B0B2V3P697,2023-09-11
B0B2V3P697,2023-10-09
B0B2V3P697,2023-11-06
B0B2V3P697,2023-12-04
B0B2V3P697,2024-01-01
B0B2V3P697,2024-01-29
B0B2V4P6JQ,2023-02-27
B0B2V4P6JQ,2023-03-27
B0B2V4P6JQ,2023-04-24
B0B2V4P6JQ,2023-05-22
B0B2V4P6JQ,2023-06-19
B0B2V4P6JQ,2023-07-17
B0B2V4P6JQ,2023-08-14
B0B2V4P6JQ,2023-09-11
B0B2V4P6JQ,2023-10-09
B0B2V4P6JQ,2023-11-06
B0B2V4P6JQ,2023-12-04
B0B2V4P6JQ,2024-01-01
B0B2V4P6JQ,2024-01-29
B0B2V5QYJ6,2023-02-27
B0B2V5QYJ6,2023-03-27
B0B2V5QYJ6,2023-04-24
B0B2V5QYJ6,2023-05-22
B0B2V5QYJ6,2023-06-19
B0B2V5QYJ6,2023-07-17
B0B2V5QYJ6,2023-08-14
B0B2V5QYJ6,2023-09-11
B0B2V5QYJ6,2023-10-09
B0B2V5QYJ6,2023-11-06
B0B2V5QYJ6,2023-12-04
B0B2V5QYJ6,2024-01-01
B0B2V5QYJ6,2024-01-29
B0B2V732R4,2023-03-27
B0B2V732R4,2023-04-24
B0B2V732R4,2023-05-22
B0B2V732R4,2023-06-19
B0B2V732R4,2023-07-17
B0B2V732R4,2023-08-14
B0B2V732R4,2023-09-11
B0B2V732R4,2023-10-09
B0B2V732R4,2023-11-06
B0B2V732R4,2023-12-04
B0B2V732R4,2024-01-01
B0B2V732R4,2024-01-29
B0B2V7HFTH,2023-02-27
B0B2V7HFTH,2023-03-27
B0B2V7HFTH,2023-04-24
B0B2V7MWS2,2023-02-27
B0B2V7MWS2,2023-03-27
B0B2V7MWS2,2023-04-24
B0B2V7MWS2,2023-05-22
B0B2V7MWS2,2023-06-19
B0B2V7MWS2,2023-07-17
B0B2V7MWS2,2023-08-14
B0B2V7MWS2,2023-09-11
B0B2V7MWS2,2023-10-09
B0B2V7MWS2,2023-11-06
B0B2V7MWS2,2023-12-04
B0B2V7MWS2,2024-01-01
B0B2V7MWS2,2024-01-29
B0B2V7PRGS,2023-02-27
B0B2V7PRGS,2023-03-27
B0B2V7PRGS,2023-04-24
B0B2V7PRGS,2023-05-22
B0B2V7PRGS,2023-06-19
B0B2V7PRGS,2023-07-17
B0B2V7PRGS,2023-08-14
B0B2V7PRGS,2023-09-11
B0B2V7PRGS,2023-10-09
B0B2V7PRGS,2023-11-06
B0B2V7PRGS,2023-12-04
B0B2V7PRGS,2024-01-01
B0B2V7PRGS,2024-01-29
B0B2V8P7HW,2023-02-27
B0B2V8P7HW,2023-03-27
B0B2V8P7HW,2023-04-24
B0B2V8P7HW,2023-05-22
B0B2V8P7HW,2023-06-19
B0B2V8P7HW,2023-07-17
B0B2V8P7HW,2023-08-14
B0B2V8P7HW,2023-09-11
B0B2V8P7HW,2023-10-09
B0B2V8P7HW,2023-11-06
B0B2V8P7HW,2023-12-04
B0B2V8P7HW,2024-01-01
B0B2V8P7HW,2024-01-29
B0B2V8Q5TC,2023-03-27
B0B2V8Q5TC,2023-04-24
B0B2V8Q5TC,2023-05-22
B0B2V8Q5TC,2023-06-19
B0B2V8Q5TC,2023-07-17
B0B2V8Q5TC,2023-08-14
B0B2V8Q5TC,2023-09-11
B0B2V8Q5TC,2023-10-09
B0B2V8Q5TC,2023-11-06
B0B2V8Q5TC,2023-12-04
B0B2V8Q5TC,2024-01-01
B0B2V8Q5TC,2024-01-29
B0B2V91ZB4,2023-02-27
B0B2V91ZB4,2023-03-27
B0B2V91ZB4,2023-04-24
B0B2V91ZB4,2023-05-22
B0B2V91ZB4,2023-06-19
B0B2V91ZB4,2023-07-17
B0B2V91ZB4,2023-08-14
B0B2V91ZB4,2023-09-11
B0B2V91ZB4,2023-10-09
B0B2V91ZB4,2023-11-06
B0B2V91ZB4,2023-12-04
B0B2V91ZB4,2024-01-01
B0B2V91ZB4,2024-01-29
B0B2V9D7TY,2023-02-27
B0B2V9D7TY,2023-03-27
B0B2V9D7TY,2023-04-24
B0B2V9D7TY,2023-05-22
B0B2V9D7TY,2023-06-19
B0B2V9D7TY,2023-07-17
B0B2V9D7TY,2023-08-14
B0B2V9D7TY,2023-09-11
B0B2V9D7TY,2023-10-09
B0B2V9D7TY,2023-11-06
B0B2V9D7TY,2023-12-04
B0B2V9D7TY,2024-01-01
B0B2V9D7TY,2024-01-29
B0B2VB5ZRJ,2023-02-27
B0B2VB5ZRJ,2023-03-27
B0B2VB5ZRJ,2023-04-24
B0B2VB5ZRJ,2023-05-22
B0B2VB5ZRJ,2023-06-19
B0B2VB5ZRJ,2023-07-17
B0B2VB5ZRJ,2023-08-14
B0B2VB5ZRJ,2023-09-11
B0B2VB5ZRJ,2023-10-09
B0B2VB5ZRJ,2023-11-06
B0B2VB5ZRJ,2023-12-04
B0B2VB5ZRJ,2024-01-01
B0B2VB5ZRJ,2024-01-29
B0B2VBM2RT,2023-11-06
B0B2VBM2RT,2023-12-04
B0B2VBM2RT,2024-01-01
B0B2VBM2RT,2024-01-29
B0B2VBXM2V,2023-02-27
B0B2VBXM2V,2023-03-27
B0B2VBXM2V,2023-04-24
B0B2VBXM2V,2023-05-22
B0B2VBXM2V,2023-06-19
B0B2VBXM2V,2023-07-17
B0B2VBXM2V,2023-08-14
B0B2VBXM2V,2023-09-11
B0B2VBXM2V,2023-10-09
B0B2VBXM2V,2023-11-06
B0B2VBXM2V,2023-12-04
B0B2VBXM2V,2024-01-01
B0B2VBXM2V,2024-01-29
B0B2VCD92B,2023-02-27
B0B2VCD92B,2023-03-27
B0B2VCD92B,2023-04-24
B0B2VCD92B,2023-05-22
B0B2VCD92B,2023-06-19
B0B2VCD92B,2023-07-17
B0B2VCD92B,2023-08-14
B0B2VCD92B,2023-09-11
B0B2VCD92B,2023-10-09
B0B2VCD92B,2023-11-06
B0B2VCD92B,2023-12-04
B0B2VCD92B,2024-01-01
B0B2VCD92B,2024-01-29
B0B2VDH3CQ,2023-02-27
B0B2VDH3CQ,2023-03-27
B0B2VDH3CQ,2023-04-24
B0B2VDH3CQ,2023-05-22
B0B2VDH3CQ,2024-01-29
B0B2VFF3D2,2023-02-27
B0B2VFF3D2,2023-03-27
B0B2VFF3D2,2023-04-24
B0B2VFF3D2,2023-05-22
B0B2VFF3D2,2023-06-19
B0B2VFF3D2,2023-07-17
B0B2VFF3D2,2023-08-14
B0B2VFF3D2,2023-09-11
B0B2VFF3D2,2023-10-09
B0B2VFF3D2,2023-11-06
B0B2VFF3D2,2023-12-04
B0B2VFF3D2,2024-01-01
B0B2VFF3D2,2024-01-29
B0B2VJMYGT,2023-02-27
B0B2VJMYGT,2023-03-27
B0B2VJMYGT,2023-04-24
B0B2VJMYGT,2023-05-22
B0B2VJMYGT,2023-06-19
B0B2VJMYGT,2023-07-17
B0B2VJMYGT,2023-08-14
B0B2VJMYGT,2023-09-11
B0B2VJMYGT,2023-10-09
B0B2VJMYGT,2023-11-06
B0B2VJMYGT,2023-12-04
B0B2VJMYGT,2024-01-01
B0B2VJMYGT,2024-01-29
B0B2VNFWGH,2023-02-27
B0B2VNFWGH,2023-03-27
B0B2VNFWGH,2023-04-24
B0B2VNFWGH,2023-05-22
B0B2VNFWGH,2023-06-19
B0B2VNFWGH,2023-07-17
B0B2VNFWGH,2023-08-14
B0B2VNFWGH,2023-09-11
B0B2VNFWGH,2023-10-09
B0B2VNFWGH,2023-11-06
B0B2VNFWGH,2023-12-04
B0B2VNFWGH,2024-01-01
B0B2VNFWGH,2024-01-29
B0B2X7L1QD,2023-02-27
B0B2X7L1QD,2023-03-27
B0B2X7L1QD,2023-04-24
B0B2X7L1QD,2023-05-22
B0B2X7L1QD,2023-06-19
B0B2X7L1QD,2023-07-17
B0B2X7L1QD,2023-08-14
B0B2X7L1QD,2023-09-11
B0B2X7L1QD,2023-10-09
B0B2X7L1QD,2023-11-06
B0B2X7L1QD,2023-12-04
B0B2X7L1QD,2024-01-01
B0B2X7L1QD,2024-01-29
B0B2Y84F8N,2023-02-27
B0B2Y84F8N,2023-03-27
B0B2Y84F8N,2023-04-24
B0B2Y84F8N,2023-05-22
B0B2Y84F8N,2023-06-19
B0B2Y84F8N,2023-07-17
B0B2Y84F8N,2023-08-14
B0B2Y84F8N,2023-09-11
B0B2Y84F8N,2023-10-09
B0B2Y84F8N,2023-11-06
B0B2Y84F8N,2023-12-04
B0B2Y84F8N,2024-01-01
B0B2Y84F8N,2024-01-29
B0B2YT2X7Q,2023-02-27
B0B2YT2X7Q,2023-03-27
B0B2YT2X7Q,2023-04-24
B0B2YT2X7Q,2023-05-22
B0B2YT2X7Q,2023-06-19
B0B2YT2X7Q,2023-09-11
B0B2YT2X7Q,2023-10-09
B0B2YT2X7Q,2023-11-06
B0B2YT2X7Q,2023-12-04
B0B2YT2X7Q,2024-01-01
B0B2YT2X7Q,2024-01-29
B0B2ZRPQSJ,2023-02-27
B0B2ZRPQSJ,2023-03-27
B0B2ZRPQSJ,2023-04-24
B0B2ZRPQSJ,2023-05-22
B0B2ZRPQSJ,2023-06-19
B0B2ZRPQSJ,2023-07-17
B0B2ZRPQSJ,2023-08-14
B0B2ZRPQSJ,2023-09-11
B0B2ZRPQSJ,2023-10-09
B0B2ZRPQSJ,2023-11-06
B0B2ZRPQSJ,2023-12-04
B0B2ZRPQSJ,2024-01-01
B0B2ZRPQSJ,2024-01-29
B0B315HVT8,2023-02-27
B0B315HVT8,2023-03-27
B0B315HVT8,2023-04-24
B0B315HVT8,2023-05-22
B0B315HVT8,2023-06-19
B0B315HVT8,2023-07-17
B0B315HVT8,2023-08-14
B0B315HVT8,2023-09-11
B0B315HVT8,2023-10-09
B0B315HVT8,2023-11-06
B0B315HVT8,2023-12-04
B0B315HVT8,2024-01-01
B0B315HVT8,2024-01-29
B0B315YMWY,2023-02-27
B0B315YMWY,2023-03-27
B0B315YMWY,2023-04-24
B0B315YMWY,2023-05-22
B0B315YMWY,2023-06-19
B0B315YMWY,2023-07-17
B0B315YMWY,2023-08-14
B0B315YMWY,2023-09-11
B0B315YMWY,2023-10-09
B0B315YMWY,2023-11-06
B0B315YMWY,2023-12-04
B0B315YMWY,2024-01-01
B0B315YMWY,2024-01-29
B0B31HZPBX,2023-02-27
B0B31HZPBX,2023-03-27
B0B31HZPBX,2023-04-24
B0B31HZPBX,2023-05-22
B0B31HZPBX,2023-06-19
B0B31HZPBX,2023-07-17
B0B31HZPBX,2023-08-14
B0B31HZPBX,2023-09-11
B0B31HZPBX,2023-10-09
B0B31HZPBX,2023-11-06
B0B31HZPBX,2023-12-04
B0B31HZPBX,2024-01-01
B0B31HZPBX,2024-01-29
B0B322DG3L,2023-02-27
B0B322DG3L,2023-03-27
B0B322DG3L,2023-04-24
B0B322DG3L,2023-05-22
B0B322DG3L,2023-06-19
B0B322DG3L,2023-07-17
B0B322DG3L,2023-08-14
B0B322DG3L,2023-09-11
B0B322DG3L,2023-10-09
B0B322DG3L,2023-11-06
B0B322DG3L,2023-12-04
B0B322DG3L,2024-01-01
B0B322DG3L,2024-01-29
B0B322KSXR,2023-02-27
B0B322KSXR,2023-03-27
B0B322KSXR,2023-04-24
B0B322KSXR,2023-05-22
B0B322KSXR,2023-06-19
B0B322KSXR,2023-07-17
B0B322KSXR,2023-08-14
B0B322KSXR,2023-09-11
B0B322KSXR,2023-10-09
B0B322KSXR,2023-11-06
B0B322KSXR,2023-12-04
B0B322KSXR,2024-01-01
B0B322KSXR,2024-01-29
B0B322XBGM,2023-02-27
B0B322XBGM,2023-03-27
B0B322XBGM,2023-04-24
B0B322XBGM,2023-05-22
B0B322XBGM,2023-06-19
B0B322XBGM,2023-07-17
B0B322XBGM,2023-08-14
B0B322XBGM,2023-09-11
B0B322XBGM,2023-10-09
B0B322XBGM,2023-11-06
B0B322XBGM,2023-12-04
B0B322XBGM,2024-01-01
B0B322XBGM,2024-01-29
B0B323C6KX,2023-02-27
B0B323C6KX,2023-03-27
B0B323C6KX,2023-04-24
B0B323C6KX,2023-05-22
B0B323C6KX,2023-06-19
B0B323C6KX,2023-07-17
B0B323C6KX,2023-08-14
B0B323C6KX,2023-09-11
B0B323C6KX,2023-10-09
B0B323C6KX,2023-11-06
B0B323C6KX,2023-12-04
B0B323C6KX,2024-01-01
B0B323C6KX,2024-01-29
B0B33S9L48,2023-02-27
B0B33S9L48,2023-03-27
B0B33S9L48,2023-04-24
B0B33S9L48,2023-05-22
B0B33S9L48,2023-06-19
B0B33S9L48,2023-07-17
B0B33S9L48,2023-08-14
B0B33S9L48,2023-09-11
B0B33S9L48,2023-10-09
B0B33S9L48,2023-11-06
B0B33S9L48,2023-12-04
B0B33S9L48,2024-01-01
B0B33S9L48,2024-01-29
B0B344Y7Q3,2023-02-27
B0B344Y7Q3,2023-03-27
B0B344Y7Q3,2023-04-24
B0B344Y7Q3,2023-05-22
B0B344Y7Q3,2023-06-19
B0B344Y7Q3,2023-07-17
B0B344Y7Q3,2023-08-14
B0B344Y7Q3,2023-09-11
B0B344Y7Q3,2023-10-09
B0B344Y7Q3,2023-11-06
B0B344Y7Q3,2023-12-04
B0B344Y7Q3,2024-01-01
B0B344Y7Q3,2024-01-29
B0B3C31CJH,2023-02-27
B0B3C31CJH,2023-03-27
B0B3C31CJH,2023-04-24
B0B3C31CJH,2023-05-22
B0B3C31CJH,2023-06-19
B0B3C31CJH,2023-07-17
B0B3C31CJH,2023-08-14
B0B3C31CJH,2023-09-11
B0B3C31CJH,2023-10-09
B0B3C31CJH,2023-11-06
B0B3C31CJH,2023-12-04
B0B3C31CJH,2024-01-01
B0B3C31CJH,2024-01-29
B0B3G3QCL8,2023-03-27
B0B3G3QCL8,2023-04-24
B0B3G3QCL8,2023-05-22
B0B3G3QCL8,2023-06-19
B0B3G3QCL8,2023-07-17
B0B3G3QCL8,2023-08-14
B0B3G3QCL8,2023-09-11
B0B3G3QCL8,2023-10-09
B0B3G3QCL8,2023-11-06
B0B3G3QCL8,2023-12-04
B0B3G3QCL8,2024-01-01
B0B3G3QCL8,2024-01-29
B0B3G9L2GS,2023-03-27
B0B3G9L2GS,2023-04-24
B0B3G9L2GS,2023-05-22
B0B3G9L2GS,2023-06-19
B0B3G9L2GS,2023-07-17
B0B3G9L2GS,2023-08-14
B0B3G9L2GS,2023-09-11
B0B3G9L2GS,2023-10-09
B0B3G9L2GS,2023-11-06
B0B3G9L2GS,2023-12-04
B0B3G9L2GS,2024-01-01
B0B3G9L2GS,2024-01-29
B0B3JR4GV2,2023-02-27
B0B3JR4GV2,2023-03-27
B0B3JR4GV2,2023-04-24
B0B3JR4GV2,2023-05-22
B0B3JR4GV2,2023-06-19
B0B3JR4GV2,2023-07-17
B0B3JR4GV2,2023-08-14
B0B3JR4GV2,2023-09-11
B0B3JR4GV2,2023-10-09
B0B3JR4GV2,2023-11-06
B0B3JR4GV2,2023-12-04
B0B3JR4GV2,2024-01-01
B0B3JR4GV2,2024-01-29
B0B3NH6L8Y,2023-03-27
B0B3NH6L8Y,2023-04-24
B0B3NH6L8Y,2023-05-22
B0B3NH6L8Y,2023-06-19
B0B3NH6L8Y,2023-07-17
B0B3NH6L8Y,2023-08-14
B0B3NH6L8Y,2023-09-11
B0B3NH6L8Y,2023-10-09
B0B3NH6L8Y,2023-11-06
B0B3NH6L8Y,2023-12-04
B0B3NH6L8Y,2024-01-01
B0B3NH6L8Y,2024-01-29
B0B3RCPW82,2023-02-27
B0B3RCPW82,2023-03-27
B0B3RCPW82,2023-04-24
B0B3RCPW82,2023-05-22
B0B3RCPW82,2023-06-19
B0B3RCPW82,2023-07-17
B0B3RCPW82,2023-08-14
B0B3RCPW82,2023-09-11
B0B3RCPW82,2023-10-09
B0B3RCPW82,2023-11-06
B0B3RCPW82,2023-12-04
B0B3RCPW82,2024-01-01
B0B3RCPW82,2024-01-29
B0B3T979HV,2023-02-27
B0B3T979HV,2023-03-27
B0B3T979HV,2023-04-24
B0B3T979HV,2023-05-22
B0B3T979HV,2023-06-19
B0B3T979HV,2023-07-17
B0B3T979HV,2023-08-14
B0B3T979HV,2023-09-11
B0B3T979HV,2023-10-09
B0B3T979HV,2023-11-06
B0B3T979HV,2023-12-04
B0B3T979HV,2024-01-01
B0B3T979HV,2024-01-29
B0B3X9F3CV,2023-02-27
B0B3X9F3CV,2023-03-27
B0B3X9F3CV,2023-04-24
B0B3X9F3CV,2023-05-22
B0B3X9F3CV,2023-06-19
B0B3X9F3CV,2023-07-17
B0B3X9F3CV,2023-08-14
B0B3X9F3CV,2023-09-11
B0B3X9F3CV,2023-10-09
B0B3X9F3CV,2023-11-06
B0B3X9F3CV,2023-12-04
B0B3X9F3CV,2024-01-01
B0B3X9F3CV,2024-01-29
B0B3XC2VZT,2023-02-27
B0B3XC2VZT,2023-03-27
B0B3XC2VZT,2023-04-24
B0B3XC2VZT,2023-05-22
B0B3XC2VZT,2023-06-19
B0B3XC2VZT,2023-07-17
B0B3XC2VZT,2023-08-14
B0B3XC2VZT,2023-09-11
B0B3XC2VZT,2023-10-09
B0B3XC2VZT,2023-11-06
B0B3XC2VZT,2023-12-04
B0B3XC2VZT,2024-01-01
B0B3XC2VZT,2024-01-29
B0B3YB4VD7,2023-02-27
B0B3YB4VD7,2023-03-27
B0B3YB4VD7,2023-04-24
B0B3YB4VD7,2023-05-22
B0B3YB4VD7,2023-06-19
B0B3YB4VD7,2023-07-17
B0B3YB4VD7,2023-08-14
B0B3YB4VD7,2023-09-11
B0B3YB4VD7,2023-10-09
B0B3YB4VD7,2023-11-06
B0B3YB4VD7,2023-12-04
B0B3YB4VD7,2024-01-01
B0B3YB4VD7,2024-01-29
B0B41MTDVZ,2023-02-27
B0B41MTDVZ,2023-03-27
B0B41MTDVZ,2023-04-24
B0B41MTDVZ,2023-05-22
B0B41MTDVZ,2023-06-19
B0B41MTDVZ,2023-07-17
B0B41MTDVZ,2023-08-14
B0B41MTDVZ,2023-09-11
B0B41MTDVZ,2023-10-09
B0B41MTDVZ,2023-11-06
B0B41MTDVZ,2023-12-04
B0B41MTDVZ,2024-01-01
B0B41MTDVZ,2024-01-29
B0B42LWKQW,2023-02-27
B0B42LWKQW,2023-03-27
B0B42LWKQW,2023-04-24
B0B42LWKQW,2023-05-22
B0B42LWKQW,2023-06-19
B0B42LWKQW,2023-07-17
B0B42LWKQW,2023-08-14
B0B42LWKQW,2023-09-11
B0B42LWKQW,2023-10-09
B0B42LWKQW,2023-11-06
B0B42LWKQW,2023-12-04
B0B42LWKQW,2024-01-01
B0B42LWKQW,2024-01-29
B0B44RYDBS,2023-02-27
B0B44RYDBS,2023-03-27
B0B44RYDBS,2023-04-24
B0B44RYDBS,2023-05-22
B0B44RYDBS,2023-06-19
B0B44RYDBS,2023-07-17
B0B44RYDBS,2023-08-14
B0B44RYDBS,2023-09-11
B0B44RYDBS,2023-10-09
B0B44RYDBS,2023-11-06
B0B44RYDBS,2023-12-04
B0B44RYDBS,2024-01-01
B0B44RYDBS,2024-01-29
B0B49GCHV7,2023-02-27
B0B49GCHV7,2023-03-27
B0B49GCHV7,2023-04-24
B0B49GCHV7,2023-05-22
B0B49GCHV7,2023-06-19
B0B49GCHV7,2023-07-17
B0B49GCHV7,2023-08-14
B0B49GCHV7,2023-09-11
B0B49GCHV7,2023-10-09
B0B49GCHV7,2023-11-06
B0B49GCHV7,2023-12-04
B0B49GCHV7,2024-01-01
B0B49GCHV7,2024-01-29
B0B49YF8B8,2023-02-27
B0B49YF8B8,2023-03-27
B0B49YF8B8,2023-04-24
B0B49YF8B8,2023-05-22
B0B49YF8B8,2023-06-19
B0B49YF8B8,2023-07-17
B0B49YF8B8,2023-08-14
B0B49YF8B8,2023-09-11
B0B49YF8B8,2023-10-09
B0B49YF8B8,2023-11-06
B0B49YF8B8,2023-12-04
B0B49YF8B8,2024-01-01
B0B49YF8B8,2024-01-29
B0B4KT7XK8,2023-02-27
B0B4KT7XK8,2023-03-27
B0B4KT7XK8,2023-04-24
B0B4KT7XK8,2023-05-22
B0B4KT7XK8,2023-06-19
B0B4KT7XK8,2023-07-17
B0B4KT7XK8,2023-08-14
B0B4KT7XK8,2023-09-11
B0B4KT7XK8,2023-10-09
B0B4KT7XK8,2023-11-06
B0B4KT7XK8,2023-12-04
B0B4KT7XK8,2024-01-01
B0B4KT7XK8,2024-01-29
B0B4M1FYTM,2024-01-29
B0B4NH6MGN,2023-11-06
B0B4NH6MGN,2023-12-04
B0B4NH6MGN,2024-01-01
B0B4NH6MGN,2024-01-29
B0B4PV7NS9,2023-02-27
B0B4PV7NS9,2023-03-27
B0B4PV7NS9,2023-04-24
B0B4PV7NS9,2023-05-22
B0B4PV7NS9,2023-06-19
B0B4PV7NS9,2023-07-17
B0B4PV7NS9,2023-08-14
B0B4PV7NS9,2023-09-11
B0B4PV7NS9,2023-10-09
B0B4PV7NS9,2023-11-06
B0B4PV7NS9,2023-12-04
B0B4PV7NS9,2024-01-01
B0B4PV7NS9,2024-01-29
B0B4RVXQNK,2023-02-27
B0B4RVXQNK,2023-03-27
B0B4RVXQNK,2023-04-24
B0B4RVXQNK,2023-05-22
B0B4RVXQNK,2023-06-19
B0B4RVXQNK,2023-07-17
B0B4RVXQNK,2023-08-14
B0B4RVXQNK,2023-09-11
B0B4RVXQNK,2023-10-09
B0B4RVXQNK,2023-11-06
B0B4RVXQNK,2023-12-04
B0B4RVXQNK,2024-01-01
B0B4RVXQNK,2024-01-29
B0B4RY27L5,2023-03-27
B0B4RY27L5,2023-04-24
B0B4RY27L5,2023-05-22
B0B4RY27L5,2023-06-19
B0B4RY27L5,2023-07-17
B0B4RY27L5,2023-08-14
B0B4RY27L5,2023-09-11
B0B4RY27L5,2023-10-09
B0B4RY27L5,2023-11-06
B0B4RY27L5,2023-12-04
B0B4RY27L5,2024-01-01
B0B4RY27L5,2024-01-29
B0B4RYJRYB,2023-03-27
B0B4RYJRYB,2023-04-24
B0B4RYJRYB,2023-05-22
B0B4RYJRYB,2023-06-19
B0B4RYJRYB,2023-07-17
B0B4RYJRYB,2023-08-14
B0B4RYJRYB,2023-09-11
B0B4RYJRYB,2023-10-09
B0B4RYJRYB,2023-11-06
B0B4RYJRYB,2023-12-04
B0B4RYJRYB,2024-01-01
B0B4RYJRYB,2024-01-29
B0B4RZVXKP,2023-03-27
B0B4RZVXKP,2023-04-24
B0B4RZVXKP,2023-05-22
B0B4RZVXKP,2023-06-19
B0B4RZVXKP,2023-07-17
B0B4RZVXKP,2023-08-14
B0B4RZVXKP,2023-09-11
B0B4RZVXKP,2023-10-09
B0B4RZVXKP,2023-11-06
B0B4RZVXKP,2023-12-04
B0B4RZVXKP,2024-01-01
B0B4RZVXKP,2024-01-29
B0B4T8P1QM,2023-02-27
B0B4T8P1QM,2023-03-27
B0B4T8P1QM,2023-04-24
B0B4T8P1QM,2023-05-22
B0B4T8P1QM,2023-06-19
B0B4T8P1QM,2023-07-17
B0B4T8P1QM,2023-08-14
B0B4T8P1QM,2023-09-11
B0B4T8P1QM,2023-10-09
B0B4T8P1QM,2023-11-06
B0B4T8P1QM,2023-12-04
B0B4T8P1QM,2024-01-01
B0B4T8P1QM,2024-01-29
B0B4TXVFYT,2023-09-11
B0B4TXVFYT,2023-10-09
B0B4TXVFYT,2023-11-06
B0B4TXVFYT,2023-12-04
B0B4TXVFYT,2024-01-01
B0B4TXVFYT,2024-01-29
B0B4V2KC6C,2023-02-27
B0B4V2KC6C,2023-03-27
B0B4V2KC6C,2023-04-24
B0B4V2KC6C,2023-05-22
B0B4V2KC6C,2023-06-19
B0B4V2KC6C,2023-07-17
B0B4V2KC6C,2023-08-14
B0B4V2KC6C,2023-09-11
B0B4V2KC6C,2023-10-09
B0B4V2KC6C,2023-11-06
B0B4V2KC6C,2023-12-04
B0B4V2KC6C,2024-01-01
B0B4V2KC6C,2024-01-29
B0B4V3H9VL,2023-02-27
B0B4V3H9VL,2023-03-27
B0B4V3H9VL,2023-04-24
B0B4V3H9VL,2023-05-22
B0B4V3H9VL,2023-06-19
B0B4V3H9VL,2023-07-17
B0B4V3H9VL,2023-08-14
B0B4V3H9VL,2023-09-11
B0B4V3H9VL,2023-10-09
B0B4V3H9VL,2023-11-06
B0B4V3H9VL,2023-12-04
B0B4V3H9VL,2024-01-01
B0B4V3H9VL,2024-01-29
B0B4VDW2YL,2023-02-27
B0B4VDW2YL,2023-03-27
B0B4VDW2YL,2023-04-24
B0B4VDW2YL,2023-05-22
B0B4VDW2YL,2023-06-19
B0B4VDW2YL,2023-07-17
B0B4VDW2YL,2023-08-14
B0B4VDW2YL,2023-09-11
B0B4VDW2YL,2023-10-09
B0B4VDW2YL,2023-11-06
B0B4VDW2YL,2023-12-04
B0B4VDW2YL,2024-01-01
B0B4VDW2YL,2024-01-29
B0B4VGZY47,2023-02-27
B0B4VGZY47,2023-03-27
B0B4VGZY47,2023-04-24
B0B4VGZY47,2023-05-22
B0B4VGZY47,2023-06-19
B0B4VGZY47,2023-07-17
B0B4VGZY47,2023-08-14
B0B4VGZY47,2023-09-11
B0B4VGZY47,2023-10-09
B0B4VGZY47,2023-11-06
B0B4VGZY47,2023-12-04
B0B4VGZY47,2024-01-01
B0B4VGZY47,2024-01-29
B0B4VJQ62B,2023-02-27
B0B4VJQ62B,2023-03-27
B0B4VJQ62B,2023-04-24
B0B4VJQ62B,2023-05-22
B0B4VJQ62B,2023-06-19
B0B4VJQ62B,2023-07-17
B0B4VJQ62B,2023-08-14
B0B4VJQ62B,2023-09-11
B0B4VJQ62B,2023-10-09
B0B4VJQ62B,2023-11-06
B0B4VJQ62B,2023-12-04
B0B4VJQ62B,2024-01-01
B0B4VJQ62B,2024-01-29
B0B4VKYNRY,2023-02-27
B0B4VKYNRY,2023-03-27
B0B4VKYNRY,2023-04-24
B0B4VKYNRY,2023-05-22
B0B4VKYNRY,2023-06-19
B0B4VKYNRY,2023-07-17
B0B4VKYNRY,2023-08-14
B0B4VKYNRY,2023-09-11
B0B4VKYNRY,2023-10-09
B0B4VKYNRY,2023-11-06
B0B4VKYNRY,2023-12-04
B0B4VKYNRY,2024-01-01
B0B4VKYNRY,2024-01-29
B0B4WDD1NB,2023-02-27
B0B4WDD1NB,2023-03-27
B0B4WDD1NB,2023-04-24
B0B4WDD1NB,2023-05-22
B0B4WDD1NB,2023-06-19
B0B4WDD1NB,2023-07-17
B0B4WDD1NB,2023-08-14
B0B4WDD1NB,2023-09-11
B0B4WDD1NB,2023-10-09
B0B4WDD1NB,2023-11-06
B0B4WDD1NB,2023-12-04
B0B4WDD1NB,2024-01-01
B0B4WDD1NB,2024-01-29
B0B4YFFDVP,2023-04-24
B0B4YFFDVP,2023-05-22
B0B4YFFDVP,2023-06-19
B0B4YFFDVP,2023-07-17
B0B4YFFDVP,2023-08-14
B0B4YFFDVP,2023-09-11
B0B4YFFDVP,2023-10-09
B0B4YFFDVP,2023-11-06
B0B4YFFDVP,2023-12-04
B0B4YFFDVP,2024-01-01
B0B4YFFDVP,2024-01-29
B0B4YLZ3WQ,2023-02-27
B0B4YLZ3WQ,2023-03-27
B0B4YLZ3WQ,2023-04-24
B0B4YLZ3WQ,2023-05-22
B0B4YLZ3WQ,2023-06-19
B0B4YLZ3WQ,2023-07-17
B0B4YLZ3WQ,2023-08-14
B0B4YLZ3WQ,2023-09-11
B0B4YLZ3WQ,2023-10-09
B0B4YLZ3WQ,2023-11-06
B0B4YLZ3WQ,2023-12-04
B0B4YLZ3WQ,2024-01-01
B0B4YLZ3WQ,2024-01-29
B0B51WWL21,2023-03-27
B0B51WWL21,2023-04-24
B0B51WWL21,2023-05-22
B0B51WWL21,2023-06-19
B0B51WWL21,2023-07-17
B0B51WWL21,2023-08-14
B0B51WWL21,2023-09-11
B0B51WWL21,2023-10-09
B0B51WWL21,2023-11-06
B0B51WWL21,2023-12-04
B0B51WWL21,2024-01-01
B0B51WWL21,2024-01-29
B0B53K7J3G,2023-02-27
B0B53K7J3G,2023-03-27
B0B53K7J3G,2023-04-24
B0B53K7J3G,2023-05-22
B0B53K7J3G,2023-06-19
B0B53K7J3G,2023-07-17
B0B53K7J3G,2023-08-14
B0B53K7J3G,2023-09-11
B0B53K7J3G,2023-10-09
B0B53K7J3G,2023-11-06
B0B53K7J3G,2023-12-04
B0B53K7J3G,2024-01-01
B0B53K7J3G,2024-01-29
B0B56J9NCM,2023-02-27
B0B56J9NCM,2023-03-27
B0B56J9NCM,2023-04-24
B0B56J9NCM,2023-05-22
B0B56J9NCM,2023-06-19
B0B56J9NCM,2023-07-17
B0B56J9NCM,2023-08-14
B0B56J9NCM,2023-09-11
B0B56J9NCM,2023-10-09
B0B56J9NCM,2023-11-06
B0B56J9NCM,2023-12-04
B0B56J9NCM,2024-01-01
B0B56J9NCM,2024-01-29
B0B57FB64N,2023-02-27
B0B57FB64N,2023-03-27
B0B57FB64N,2023-04-24
B0B57FB64N,2023-05-22
B0B57FB64N,2023-06-19
B0B57FB64N,2023-07-17
B0B57FB64N,2023-08-14
B0B57FB64N,2023-09-11
B0B57FB64N,2023-10-09
B0B57FB64N,2023-11-06
B0B57FB64N,2023-12-04
B0B57FB64N,2024-01-01
B0B57FB64N,2024-01-29
B0B57NQW61,2023-02-27
B0B57NQW61,2023-03-27
B0B57NQW61,2023-04-24
B0B57NQW61,2023-05-22
B0B57NQW61,2023-06-19
B0B57NQW61,2023-07-17
B0B57NQW61,2023-08-14
B0B57NQW61,2023-09-11
B0B57NQW61,2023-10-09
B0B57NQW61,2023-11-06
B0B57NQW61,2023-12-04
B0B57NQW61,2024-01-01
B0B57NQW61,2024-01-29
B0B5851QDZ,2023-02-27
B0B5851QDZ,2023-03-27
B0B5851QDZ,2023-04-24
B0B5851QDZ,2023-05-22
B0B5851QDZ,2023-06-19
B0B5851QDZ,2023-07-17
B0B5851QDZ,2023-08-14
B0B5851QDZ,2023-09-11
B0B5851QDZ,2023-10-09
B0B5851QDZ,2023-11-06
B0B5851QDZ,2023-12-04
B0B5851QDZ,2024-01-01
B0B5851QDZ,2024-01-29
B0B58X7KS2,2023-02-27
B0B58X7KS2,2023-03-27
B0B58X7KS2,2023-04-24
B0B58X7KS2,2023-05-22
B0B58X7KS2,2023-06-19
B0B58X7KS2,2023-07-17
B0B58X7KS2,2023-08-14
B0B58X7KS2,2023-09-11
B0B58X7KS2,2023-10-09
B0B58X7KS2,2023-11-06
B0B58X7KS2,2023-12-04
B0B58X7KS2,2024-01-01
B0B58X7KS2,2024-01-29
B0B59WW7JZ,2023-03-27
B0B59WW7JZ,2023-04-24
B0B59WW7JZ,2023-05-22
B0B59WW7JZ,2023-06-19
B0B59WW7JZ,2023-07-17
B0B59WW7JZ,2023-08-14
B0B59WW7JZ,2023-09-11
B0B59WW7JZ,2023-10-09
B0B59WW7JZ,2023-11-06
B0B59WW7JZ,2023-12-04
B0B59WW7JZ,2024-01-01
B0B59WW7JZ,2024-01-29
B0B5D2272K,2023-02-27
B0B5D2272K,2023-03-27
B0B5D2272K,2023-04-24
B0B5D2272K,2023-05-22
B0B5D2272K,2023-06-19
B0B5D2272K,2023-07-17
B0B5D2272K,2023-08-14
B0B5D2272K,2023-09-11
B0B5D2272K,2023-10-09
B0B5D2272K,2023-11-06
B0B5D2272K,2023-12-04
B0B5D2272K,2024-01-01
B0B5D2272K,2024-01-29
B0B5G9YF53,2023-02-27
B0B5G9YF53,2023-03-27
B0B5G9YF53,2023-04-24
B0B5G9YF53,2023-05-22
B0B5G9YF53,2023-06-19
B0B5G9YF53,2023-07-17
B0B5G9YF53,2023-08-14
B0B5G9YF53,2023-09-11
B0B5G9YF53,2023-10-09
B0B5G9YF53,2023-11-06
B0B5G9YF53,2023-12-04
B0B5G9YF53,2024-01-01
B0B5G9YF53,2024-01-29
B0B5GN6FRP,2023-02-27
B0B5GN6FRP,2023-03-27
B0B5GN6FRP,2023-04-24
B0B5GN6FRP,2023-05-22
B0B5GN6FRP,2023-06-19
B0B5GN6FRP,2023-07-17
B0B5GN6FRP,2023-08-14
B0B5GN6FRP,2023-09-11
B0B5GN6FRP,2023-10-09
B0B5GN6FRP,2023-11-06
B0B5GN6FRP,2023-12-04
B0B5GN6FRP,2024-01-01
B0B5GN6FRP,2024-01-29
B0B5H4PKBL,2023-02-27
B0B5H4PKBL,2023-03-27
B0B5H4PKBL,2023-04-24
B0B5H4PKBL,2023-05-22
B0B5H4PKBL,2023-06-19
B0B5H4PKBL,2023-07-17
B0B5H4PKBL,2023-08-14
B0B5H4PKBL,2023-09-11
B0B5H4PKBL,2023-10-09
B0B5H4PKBL,2023-11-06
B0B5H4PKBL,2023-12-04
B0B5H4PKBL,2024-01-01
B0B5H4PKBL,2024-01-29
B0B5HSNKP3,2023-02-27
B0B5HSNKP3,2023-03-27
B0B5HSNKP3,2023-04-24
B0B5HSNKP3,2023-05-22
B0B5HSNKP3,2023-06-19
B0B5HSNKP3,2023-07-17
B0B5HSNKP3,2023-08-14
B0B5HSNKP3,2023-09-11
B0B5HSNKP3,2023-10-09
B0B5HSNKP3,2023-11-06
B0B5HSNKP3,2023-12-04
B0B5HSNKP3,2024-01-01
B0B5HSNKP3,2024-01-29
B0B5HSV2ZZ,2023-06-19
B0B5HSV2ZZ,2023-07-17
B0B5HSV2ZZ,2023-08-14
B0B5HSV2ZZ,2023-09-11
B0B5HSV2ZZ,2023-10-09
B0B5HSV2ZZ,2023-11-06
B0B5HSV2ZZ,2023-12-04
B0B5HSV2ZZ,2024-01-01
B0B5HSV2ZZ,2024-01-29
B0B5MK41X4,2023-02-27
B0B5MK41X4,2023-03-27
B0B5MK41X4,2023-04-24
B0B5MK41X4,2023-05-22
B0B5MK41X4,2023-06-19
B0B5MK41X4,2023-07-17
B0B5MK41X4,2023-08-14
B0B5MK41X4,2023-09-11
B0B5MK41X4,2023-10-09
B0B5MK41X4,2023-11-06
B0B5MK41X4,2023-12-04
B0B5MK41X4,2024-01-01
B0B5MK41X4,2024-01-29
B0B5MQHQ9Q,2023-02-27
B0B5MQHQ9Q,2023-03-27
B0B5MQHQ9Q,2023-04-24
B0B5MQHQ9Q,2023-05-22
B0B5MQHQ9Q,2023-06-19
B0B5MQHQ9Q,2023-07-17
B0B5MQHQ9Q,2023-08-14
B0B5MQHQ9Q,2023-09-11
B0B5MQHQ9Q,2023-10-09
B0B5MQHQ9Q,2023-11-06
B0B5MQHQ9Q,2023-12-04
B0B5MQHQ9Q,2024-01-01
B0B5MQHQ9Q,2024-01-29
B0B5N84BX4,2023-02-27
B0B5N84BX4,2023-03-27
B0B5N84BX4,2023-04-24
B0B5N84BX4,2023-05-22
B0B5N84BX4,2023-06-19
B0B5N84BX4,2023-07-17
B0B5N84BX4,2023-08-14
B0B5N84BX4,2023-09-11
B0B5N84BX4,2023-10-09
B0B5N84BX4,2023-11-06
B0B5N84BX4,2023-12-04
B0B5N84BX4,2024-01-01
B0B5N84BX4,2024-01-29
B0B5S75JRK,2023-03-27
B0B5S75JRK,2023-04-24
B0B5S75JRK,2023-05-22
B0B5S75JRK,2023-06-19
B0B5S75JRK,2023-07-17
B0B5S75JRK,2023-08-14
B0B5S75JRK,2023-09-11
B0B5S75JRK,2023-10-09
B0B5S75JRK,2023-11-06
B0B5S75JRK,2023-12-04
B0B5S75JRK,2024-01-01
B0B5S75JRK,2024-01-29
B0B5Z4ZNC2,2023-02-27
B0B5Z4ZNC2,2023-03-27
B0B5Z4ZNC2,2023-04-24
B0B5Z4ZNC2,2023-05-22
B0B5Z4ZNC2,2023-06-19
B0B5Z4ZNC2,2023-07-17
B0B5Z4ZNC2,2023-08-14
B0B5Z4ZNC2,2023-09-11
B0B5Z4ZNC2,2023-10-09
B0B5Z4ZNC2,2023-11-06
B0B5Z4ZNC2,2023-12-04
B0B5Z4ZNC2,2024-01-01
B0B5Z4ZNC2,2024-01-29
B0B61N4JDR,2023-02-27
B0B61N4JDR,2023-03-27
B0B61N4JDR,2023-04-24
B0B61N4JDR,2023-05-22
B0B61N4JDR,2023-06-19
B0B61N4JDR,2023-07-17
B0B61N4JDR,2023-08-14
B0B61N4JDR,2023-09-11
B0B61N4JDR,2023-10-09
B0B61N4JDR,2023-11-06
B0B61N4JDR,2023-12-04
B0B61N4JDR,2024-01-01
B0B61N4JDR,2024-01-29
B0B61QNNGJ,2023-10-09
B0B61QNNGJ,2023-11-06
B0B61QNNGJ,2023-12-04
B0B61QNNGJ,2024-01-01
B0B61QNNGJ,2024-01-29
B0B61SQ6CZ,2023-02-27
B0B61SQ6CZ,2023-03-27
B0B61SQ6CZ,2023-04-24
B0B61SQ6CZ,2023-05-22
B0B61SQ6CZ,2023-06-19
B0B61SQ6CZ,2023-07-17
B0B61SQ6CZ,2023-08-14
B0B61SQ6CZ,2023-09-11
B0B61SQ6CZ,2023-10-09
B0B61SQ6CZ,2023-11-06
B0B61SQ6CZ,2023-12-04
B0B61SQ6CZ,2024-01-01
B0B61SQ6CZ,2024-01-29
B0B61SXGH3,2023-02-27
B0B61SXGH3,2023-03-27
B0B61SXGH3,2023-04-24
B0B61SXGH3,2023-05-22
B0B61SXGH3,2023-06-19
B0B61SXGH3,2023-07-17
B0B61SXGH3,2023-08-14
B0B61SXGH3,2023-09-11
B0B61SXGH3,2023-10-09
B0B61SXGH3,2023-11-06
B0B61SXGH3,2023-12-04
B0B61SXGH3,2024-01-01
B0B61SXGH3,2024-01-29
B0B61SZ2GL,2023-06-19
B0B61SZ2GL,2023-07-17
B0B61SZ2GL,2023-08-14
B0B61SZ2GL,2023-09-11
B0B61SZ2GL,2023-10-09
B0B61SZ2GL,2023-11-06
B0B61SZ2GL,2023-12-04
B0B61SZ2GL,2024-01-01
B0B61SZ2GL,2024-01-29
B0B61TJZMH,2023-03-27
B0B61TJZMH,2023-04-24
B0B61TJZMH,2023-05-22
B0B61TJZMH,2023-06-19
B0B61TJZMH,2023-07-17
B0B61TJZMH,2023-08-14
B0B61TJZMH,2023-09-11
B0B61TJZMH,2023-10-09
B0B61TJZMH,2023-11-06
B0B61TJZMH,2023-12-04
B0B61TJZMH,2024-01-01
B0B61TJZMH,2024-01-29
B0B61V124T,2023-03-27
B0B61V124T,2023-04-24
B0B61V124T,2023-05-22
B0B61V124T,2023-06-19
B0B61V124T,2023-07-17
B0B61V124T,2023-08-14
B0B61V124T,2023-09-11
B0B61V124T,2023-10-09
B0B61V124T,2023-11-06
B0B61V124T,2023-12-04
B0B61V124T,2024-01-01
B0B61V124T,2024-01-29
B0B61WM2CN,2023-02-27
B0B61WM2CN,2023-03-27
B0B61WM2CN,2023-04-24
B0B61WM2CN,2023-05-22
B0B61WM2CN,2023-06-19
B0B61WM2CN,2023-07-17
B0B61WM2CN,2023-08-14
B0B61WM2CN,2023-09-11
B0B61WM2CN,2023-10-09
B0B61WM2CN,2023-11-06
B0B61WM2CN,2023-12-04
B0B61WM2CN,2024-01-01
B0B61WM2CN,2024-01-29
B0B621GS5Q,2023-03-27
B0B621GS5Q,2023-04-24
B0B621GS5Q,2023-05-22
B0B621GS5Q,2023-06-19
B0B621GS5Q,2023-07-17
B0B621GS5Q,2023-08-14
B0B621GS5Q,2023-09-11
B0B621GS5Q,2023-10-09
B0B621GS5Q,2023-11-06
B0B621GS5Q,2023-12-04
B0B621GS5Q,2024-01-01
B0B621GS5Q,2024-01-29
B0B625QG84,2023-02-27
B0B625QG84,2023-03-27
B0B625QG84,2023-04-24
B0B625QG84,2023-05-22
B0B625QG84,2023-06-19
B0B625QG84,2023-07-17
B0B625QG84,2023-08-14
B0B625QG84,2023-09-11
B0B625QG84,2023-10-09
B0B625QG84,2023-11-06
B0B625QG84,2023-12-04
B0B625QG84,2024-01-01
B0B625QG84,2024-01-29
B0B647CD9Y,2023-02-27
B0B647CD9Y,2023-03-27
B0B647CD9Y,2023-04-24
B0B647CD9Y,2023-05-22
B0B647CD9Y,2023-06-19
B0B647CD9Y,2023-07-17
B0B647CD9Y,2023-08-14
B0B647CD9Y,2023-09-11
B0B647CD9Y,2023-10-09
B0B647CD9Y,2023-11-06
B0B647CD9Y,2023-12-04
B0B647CD9Y,2024-01-01
B0B647CD9Y,2024-01-29
B0B64B7SQG,2023-02-27
B0B64B7SQG,2023-03-27
B0B64B7SQG,2023-04-24
B0B64B7SQG,2023-05-22
B0B64B7SQG,2023-06-19
B0B64B7SQG,2023-07-17
B0B64B7SQG,2023-08-14
B0B64B7SQG,2023-09-11
B0B64B7SQG,2023-10-09
B0B64B7SQG,2023-11-06
B0B64B7SQG,2023-12-04
B0B64B7SQG,2024-01-01
B0B64B7SQG,2024-01-29
B0B64B8NXW,2023-03-27
B0B64B8NXW,2023-04-24
B0B64B8NXW,2023-05-22
B0B64B8NXW,2023-06-19
B0B64B8NXW,2023-07-17
B0B64B8NXW,2023-08-14
B0B64B8NXW,2023-09-11
B0B64B8NXW,2023-10-09
B0B64B8NXW,2023-11-06
B0B64B8NXW,2023-12-04
B0B64B8NXW,2024-01-01
B0B64B8NXW,2024-01-29
B0B65D33J8,2023-02-27
B0B65D33J8,2023-03-27
B0B65D33J8,2023-04-24
B0B65D33J8,2023-05-22
B0B65D33J8,2023-06-19
B0B65D33J8,2023-07-17
B0B65D33J8,2023-08-14
B0B65D33J8,2023-09-11
B0B65D33J8,2023-10-09
B0B65D33J8,2023-11-06
B0B65D33J8,2023-12-04
B0B65D33J8,2024-01-01
B0B65D33J8,2024-01-29
B0B68V1K2C,2023-02-27
B0B68V1K2C,2023-03-27
B0B68V1K2C,2023-04-24
B0B68V1K2C,2023-05-22
B0B68V1K2C,2023-06-19
B0B68V1K2C,2023-07-17
B0B68V1K2C,2023-08-14
B0B68V1K2C,2023-09-11
B0B68V1K2C,2023-10-09
B0B68V1K2C,2023-11-06
B0B68V1K2C,2023-12-04
B0B68V1K2C,2024-01-01
B0B68V1K2C,2024-01-29
B0B6BB5J6B,2023-02-27
B0B6BB5J6B,2023-03-27
B0B6BB5J6B,2023-04-24
B0B6BB5J6B,2023-05-22
B0B6BB5J6B,2023-06-19
B0B6BB5J6B,2023-07-17
B0B6BB5J6B,2023-08-14
B0B6BB5J6B,2023-09-11
B0B6BB5J6B,2023-10-09
B0B6BB5J6B,2023-11-06
B0B6BB5J6B,2023-12-04
B0B6BB5J6B,2024-01-01
B0B6BB5J6B,2024-01-29
B0B6GLVZYK,2023-02-27
B0B6GLVZYK,2023-03-27
B0B6GLVZYK,2023-04-24
B0B6GLVZYK,2023-05-22
B0B6GLVZYK,2023-06-19
B0B6GLVZYK,2023-07-17
B0B6GLVZYK,2023-08-14
B0B6GLVZYK,2023-09-11
B0B6GLVZYK,2023-10-09
B0B6GLVZYK,2023-11-06
B0B6GLVZYK,2023-12-04
B0B6GLVZYK,2024-01-01
B0B6GLVZYK,2024-01-29
B0B6GNN9SP,2023-02-27
B0B6GNN9SP,2023-03-27
B0B6GNN9SP,2023-04-24
B0B6GNN9SP,2023-05-22
B0B6GNN9SP,2023-06-19
B0B6GNN9SP,2023-07-17
B0B6GNN9SP,2023-08-14
B0B6GNN9SP,2023-09-11
B0B6GNN9SP,2023-10-09
B0B6GNN9SP,2023-11-06
B0B6GNN9SP,2023-12-04
B0B6GNN9SP,2024-01-01
B0B6GNN9SP,2024-01-29
B0B6HG2H76,2023-02-27
B0B6HG2H76,2023-03-27
B0B6HG2H76,2023-04-24
B0B6HG2H76,2023-05-22
B0B6HG2H76,2023-06-19
B0B6HG2H76,2023-07-17
B0B6HG2H76,2023-08-14
B0B6HG2H76,2023-09-11
B0B6HG2H76,2023-10-09
B0B6HG2H76,2023-11-06
B0B6HG2H76,2023-12-04
B0B6HG2H76,2024-01-01
B0B6HG2H76,2024-01-29
B0B6J3J2L2,2023-02-27
B0B6J3J2L2,2023-03-27
B0B6J3J2L2,2023-04-24
B0B6J3J2L2,2023-05-22
B0B6J3J2L2,2023-06-19
B0B6J3J2L2,2023-07-17
B0B6J3J2L2,2023-08-14
B0B6J3J2L2,2023-09-11
B0B6J3J2L2,2023-10-09
B0B6J3J2L2,2023-11-06
B0B6J3J2L2,2023-12-04
B0B6J3J2L2,2024-01-01
B0B6J3J2L2,2024-01-29
B0B6L7T96Z,2023-02-27
B0B6L7T96Z,2023-03-27
B0B6L7T96Z,2023-04-24
B0B6L7T96Z,2023-05-22
B0B6L7T96Z,2023-06-19
B0B6L7T96Z,2023-07-17
B0B6L7T96Z,2023-08-14
B0B6L7T96Z,2023-09-11
B0B6L7T96Z,2023-10-09
B0B6L7T96Z,2023-11-06
B0B6L7T96Z,2023-12-04
B0B6L7T96Z,2024-01-01
B0B6L7T96Z,2024-01-29
B0B6LWVX9T,2023-02-27
B0B6LWVX9T,2023-03-27
B0B6LWVX9T,2023-04-24
B0B6LWVX9T,2023-05-22
B0B6LWVX9T,2023-06-19
B0B6LWVX9T,2023-07-17
B0B6LWVX9T,2023-08-14
B0B6LWVX9T,2023-09-11
B0B6LWVX9T,2023-10-09
B0B6LWVX9T,2023-11-06
B0B6LWVX9T,2023-12-04
B0B6LWVX9T,2024-01-01
B0B6LWVX9T,2024-01-29
B0B6M7FTX6,2023-02-27
B0B6M7FTX6,2023-03-27
B0B6M7FTX6,2023-04-24
B0B6M7FTX6,2023-05-22
B0B6M7FTX6,2023-06-19
B0B6M7FTX6,2023-07-17
B0B6M7FTX6,2023-08-14
B0B6M7FTX6,2023-09-11
B0B6M7FTX6,2023-10-09
B0B6M7FTX6,2023-11-06
B0B6M7FTX6,2023-12-04
B0B6M7FTX6,2024-01-01
B0B6M7FTX6,2024-01-29
B0B6MR9NSL,2023-02-27
B0B6MR9NSL,2023-03-27
B0B6MR9NSL,2023-04-24
B0B6MR9NSL,2023-05-22
B0B6MR9NSL,2023-06-19
B0B6MR9NSL,2023-07-17
B0B6MR9NSL,2023-08-14
B0B6MR9NSL,2023-09-11
B0B6MR9NSL,2023-10-09
B0B6MR9NSL,2023-11-06
B0B6MR9NSL,2023-12-04
B0B6MR9NSL,2024-01-01
B0B6MR9NSL,2024-01-29
B0B6QFWR28,2023-02-27
B0B6QFWR28,2023-03-27
B0B6QFWR28,2023-04-24
B0B6QFWR28,2023-05-22
B0B6QFWR28,2023-06-19
B0B6QFWR28,2023-07-17
B0B6QFWR28,2023-08-14
B0B6QFWR28,2023-09-11
B0B6QFWR28,2023-10-09
B0B6QFWR28,2023-11-06
B0B6QFWR28,2023-12-04
B0B6QFWR28,2024-01-01
B0B6QFWR28,2024-01-29
B0B6R75CHH,2023-02-27
B0B6R75CHH,2023-03-27
B0B6R75CHH,2023-04-24
B0B6R75CHH,2023-05-22
B0B6R75CHH,2023-06-19
B0B6R75CHH,2023-07-17
B0B6R75CHH,2023-08-14
B0B6R75CHH,2023-09-11
B0B6R75CHH,2023-10-09
B0B6R75CHH,2023-11-06
B0B6R75CHH,2023-12-04
B0B6R75CHH,2024-01-01
B0B6R75CHH,2024-01-29
B0B6TGMRQQ,2023-02-27
B0B6TGMRQQ,2023-03-27
B0B6TGMRQQ,2023-04-24
B0B6TGMRQQ,2023-05-22
B0B6TGMRQQ,2023-06-19
B0B6TGMRQQ,2023-07-17
B0B6TGMRQQ,2023-08-14
B0B6TGMRQQ,2023-09-11
B0B6TGMRQQ,2023-10-09
B0B6TGMRQQ,2023-11-06
B0B6TGMRQQ,2023-12-04
B0B6TGMRQQ,2024-01-01
B0B6TGMRQQ,2024-01-29
B0B6WR1CJL,2023-02-27
B0B6WR1CJL,2023-03-27
B0B6WR1CJL,2023-04-24
B0B6WR1CJL,2023-05-22
B0B6WR1CJL,2023-06-19
B0B6WR1CJL,2023-07-17
B0B6WR1CJL,2023-08-14
B0B6WR1CJL,2023-09-11
B0B6WR1CJL,2023-10-09
B0B6WR1CJL,2023-11-06
B0B6WR1CJL,2023-12-04
B0B6WR1CJL,2024-01-01
B0B6WR1CJL,2024-01-29
B0B6WST58W,2023-02-27
B0B6WST58W,2023-03-27
B0B6WST58W,2023-04-24
B0B6WST58W,2023-05-22
B0B6WST58W,2023-06-19
B0B6WST58W,2023-07-17
B0B6WST58W,2023-08-14
B0B6WST58W,2023-09-11
B0B6WST58W,2023-10-09
B0B6WST58W,2023-11-06
B0B6WST58W,2023-12-04
B0B6WST58W,2024-01-01
B0B6WST58W,2024-01-29
B0B71P8P3H,2023-02-27
B0B71P8P3H,2023-03-27
B0B71P8P3H,2023-04-24
B0B71P8P3H,2023-05-22
B0B71P8P3H,2023-06-19
B0B71P8P3H,2023-07-17
B0B71P8P3H,2023-08-14
B0B71P8P3H,2023-09-11
B0B71P8P3H,2023-10-09
B0B71P8P3H,2023-11-06
B0B71P8P3H,2023-12-04
B0B71P8P3H,2024-01-01
B0B71P8P3H,2024-01-29
B0B728ZB5K,2023-02-27
B0B728ZB5K,2023-03-27
B0B728ZB5K,2023-04-24
B0B728ZB5K,2023-05-22
B0B728ZB5K,2023-06-19
B0B728ZB5K,2023-07-17
B0B728ZB5K,2023-08-14
B0B728ZB5K,2023-09-11
B0B728ZB5K,2023-10-09
B0B728ZB5K,2023-11-06
B0B728ZB5K,2023-12-04
B0B728ZB5K,2024-01-01
B0B728ZB5K,2024-01-29
B0B729G6KY,2023-02-27
B0B729G6KY,2023-03-27
B0B729G6KY,2023-04-24
B0B729G6KY,2023-05-22
B0B729G6KY,2023-06-19
B0B729G6KY,2023-07-17
B0B729G6KY,2023-08-14
B0B729G6KY,2023-09-11
B0B729G6KY,2023-10-09
B0B729G6KY,2023-11-06
B0B729G6KY,2023-12-04
B0B729G6KY,2024-01-01
B0B729G6KY,2024-01-29
B0B72BPF68,2023-07-17
B0B72BPF68,2023-08-14
B0B72BPF68,2023-09-11
B0B72BPF68,2023-10-09
B0B72BPF68,2023-11-06
B0B72BPF68,2023-12-04
B0B72BPF68,2024-01-01
B0B72BPF68,2024-01-29
B0B72D2JDV,2023-03-27
B0B72D2JDV,2023-04-24
B0B72D2JDV,2023-05-22
B0B72D2JDV,2023-06-19
B0B72D2JDV,2023-07-17
B0B72D2JDV,2023-08-14
B0B72D2JDV,2023-09-11
B0B72D2JDV,2023-10-09
B0B72D2JDV,2023-11-06
B0B72D2JDV,2023-12-04
B0B72D2JDV,2024-01-01
B0B72D2JDV,2024-01-29
B0B75PT2T5,2023-02-27
B0B75PT2T5,2023-03-27
B0B75PT2T5,2023-04-24
B0B75PT2T5,2023-05-22
B0B75PT2T5,2023-06-19
B0B75PT2T5,2023-07-17
B0B75PT2T5,2023-08-14
B0B75PT2T5,2023-09-11
B0B75PT2T5,2023-10-09
B0B75PT2T5,2023-11-06
B0B75PT2T5,2023-12-04
B0B75PT2T5,2024-01-01
B0B75PT2T5,2024-01-29
B0B768L8K4,2023-02-27
B0B768L8K4,2023-03-27
B0B768L8K4,2023-04-24
B0B768L8K4,2023-05-22
B0B768L8K4,2023-06-19
B0B768L8K4,2023-07-17
B0B768L8K4,2023-08-14
B0B768L8K4,2023-09-11
B0B768L8K4,2023-10-09
B0B768L8K4,2023-11-06
B0B768L8K4,2023-12-04
B0B768L8K4,2024-01-01
B0B768L8K4,2024-01-29
B0B779GWC5,2023-02-27
B0B779GWC5,2023-03-27
B0B779GWC5,2023-04-24
B0B779GWC5,2023-05-22
B0B779GWC5,2023-06-19
B0B779GWC5,2023-07-17
B0B779GWC5,2023-08-14
B0B779GWC5,2023-09-11
B0B779GWC5,2023-10-09
B0B779GWC5,2023-11-06
B0B779GWC5,2023-12-04
B0B779GWC5,2024-01-01
B0B779GWC5,2024-01-29
B0B7HPBCDZ,2023-02-27
B0B7HPBCDZ,2023-03-27
B0B7HPBCDZ,2023-04-24
B0B7HPBCDZ,2023-05-22
B0B7HPBCDZ,2023-06-19
B0B7HPBCDZ,2023-07-17
B0B7HPBCDZ,2023-08-14
B0B7HPBCDZ,2023-09-11
B0B7HPBCDZ,2023-10-09
B0B7HPBCDZ,2023-11-06
B0B7HPBCDZ,2023-12-04
B0B7HPBCDZ,2024-01-01
B0B7HPBCDZ,2024-01-29
B0B7HYJ9B8,2023-02-27
B0B7HYJ9B8,2023-03-27
B0B7HYJ9B8,2023-04-24
B0B7HYJ9B8,2023-05-22
B0B7HYJ9B8,2023-06-19
B0B7HYJ9B8,2023-07-17
B0B7HYJ9B8,2023-08-14
B0B7HYJ9B8,2023-09-11
B0B7HYJ9B8,2023-10-09
B0B7HYJ9B8,2023-11-06
B0B7HYJ9B8,2023-12-04
B0B7HYJ9B8,2024-01-01
B0B7HYJ9B8,2024-01-29
B0B7K9832V,2023-02-27
B0B7K9832V,2023-03-27
B0B7K9832V,2023-04-24
B0B7K9832V,2023-05-22
B0B7K9832V,2023-06-19
B0B7K9832V,2023-07-17
B0B7K9832V,2023-08-14
B0B7K9832V,2023-09-11
B0B7K9832V,2023-10-09
B0B7K9832V,2023-11-06
B0B7K9832V,2023-12-04
B0B7K9832V,2024-01-01
B0B7K9832V,2024-01-29
B0B7K9HBHD,2023-02-27
B0B7K9HBHD,2023-03-27
B0B7K9HBHD,2023-04-24
B0B7K9HBHD,2023-05-22
B0B7K9HBHD,2023-06-19
B0B7K9HBHD,2023-07-17
B0B7K9HBHD,2023-08-14
B0B7K9HBHD,2023-09-11
B0B7K9HBHD,2023-10-09
B0B7K9HBHD,2023-11-06
B0B7K9HBHD,2024-01-29
B0B7MQS4G1,2023-02-27
B0B7MQS4G1,2023-03-27
B0B7MQS4G1,2023-04-24
B0B7MQS4G1,2023-05-22
B0B7MQS4G1,2023-06-19
B0B7MQS4G1,2023-07-17
B0B7MQS4G1,2023-08-14
B0B7MQS4G1,2023-09-11
B0B7MQS4G1,2023-10-09
B0B7MQS4G1,2023-11-06
B0B7MQS4G1,2023-12-04
B0B7MQS4G1,2024-01-01
B0B7MQS4G1,2024-01-29
B0B7MXVYXM,2023-02-27
B0B7MXVYXM,2023-03-27
B0B7MXVYXM,2023-04-24
B0B7MXVYXM,2023-05-22
B0B7MXVYXM,2023-06-19
B0B7MXVYXM,2023-07-17
B0B7MXVYXM,2023-08-14
B0B7MXVYXM,2023-09-11
B0B7MXVYXM,2023-10-09
B0B7MXVYXM,2023-11-06
B0B7MXVYXM,2023-12-04
B0B7MXVYXM,2024-01-01
B0B7MXVYXM,2024-01-29
B0B7MYCBMD,2023-02-27
B0B7MYCBMD,2023-03-27
B0B7MYCBMD,2023-04-24
B0B7MYCBMD,2023-05-22
B0B7MYCBMD,2023-06-19
B0B7MYCBMD,2023-07-17
B0B7MYCBMD,2023-08-14
B0B7MYCBMD,2023-09-11
B0B7MYCBMD,2023-10-09
B0B7MYCBMD,2023-11-06
B0B7MYCBMD,2023-12-04
B0B7MYCBMD,2024-01-01
B0B7MYCBMD,2024-01-29
B0B7NBT2J4,2023-02-27
B0B7NBT2J4,2023-03-27
B0B7NBT2J4,2023-04-24
B0B7NBT2J4,2023-05-22
B0B7NBT2J4,2023-06-19
B0B7NBT2J4,2023-07-17
B0B7NBT2J4,2023-08-14
B0B7NBT2J4,2023-09-11
B0B7NBT2J4,2023-10-09
B0B7NBT2J4,2023-11-06
B0B7NBT2J4,2023-12-04
B0B7NBT2J4,2024-01-01
B0B7NBT2J4,2024-01-29
B0B7P31VGQ,2023-02-27
B0B7P31VGQ,2023-03-27
B0B7P31VGQ,2023-04-24
B0B7P31VGQ,2023-05-22
B0B7P31VGQ,2023-06-19
B0B7P31VGQ,2023-07-17
B0B7P31VGQ,2023-08-14
B0B7P31VGQ,2023-09-11
B0B7P31VGQ,2023-10-09
B0B7P31VGQ,2023-11-06
B0B7P31VGQ,2023-12-04
B0B7P31VGQ,2024-01-01
B0B7P31VGQ,2024-01-29
B0B7PPXWPG,2023-02-27
B0B7PPXWPG,2023-03-27
B0B7PPXWPG,2023-04-24
B0B7PPXWPG,2023-05-22
B0B7PPXWPG,2023-06-19
B0B7PPXWPG,2023-07-17
B0B7PPXWPG,2023-08-14
B0B7PPXWPG,2023-09-11
B0B7PPXWPG,2023-10-09
B0B7PPXWPG,2023-11-06
B0B7PPXWPG,2023-12-04
B0B7PPXWPG,2024-01-01
B0B7PPXWPG,2024-01-29
B0B7PRB73P,2023-02-27
B0B7PRB73P,2023-03-27
B0B7PRB73P,2023-04-24
B0B7PRB73P,2023-05-22
B0B7PRB73P,2023-06-19
B0B7PRB73P,2023-07-17
B0B7PRB73P,2023-08-14
B0B7PRB73P,2023-09-11
B0B7PRB73P,2023-10-09
B0B7PRB73P,2023-11-06
B0B7PRB73P,2023-12-04
B0B7PRB73P,2024-01-01
B0B7PRB73P,2024-01-29
B0B7QNJPMK,2023-07-17
B0B7QNJPMK,2023-08-14
B0B7QNJPMK,2023-09-11
B0B7QNJPMK,2023-10-09
B0B7QNJPMK,2023-11-06
B0B7QNJPMK,2023-12-04
B0B7QNJPMK,2024-01-01
B0B7QNJPMK,2024-01-29
B0B7QWWKP4,2023-02-27
B0B7QWWKP4,2023-03-27
B0B7QWWKP4,2023-04-24
B0B7QWWKP4,2023-05-22
B0B7QWWKP4,2023-06-19
B0B7QWWKP4,2023-07-17
B0B7QWWKP4,2023-08-14
B0B7QWWKP4,2023-09-11
B0B7QWWKP4,2023-10-09
B0B7QWWKP4,2023-11-06
B0B7QWWKP4,2023-12-04
B0B7QWWKP4,2024-01-01
B0B7QWWKP4,2024-01-29
B0B7RBDHMM,2023-02-27
B0B7RBDHMM,2023-03-27
B0B7RBDHMM,2023-04-24
B0B7RBDHMM,2023-05-22
B0B7RBDHMM,2023-06-19
B0B7RBDHMM,2023-07-17
B0B7RBDHMM,2023-08-14
B0B7RBDHMM,2023-09-11
B0B7RBDHMM,2023-10-09
B0B7RBDHMM,2023-11-06
B0B7RBDHMM,2023-12-04
B0B7RBDHMM,2024-01-01
B0B7RBDHMM,2024-01-29
B0B7RDVJBH,2023-02-27
B0B7RDVJBH,2023-03-27
B0B7RDVJBH,2023-04-24
B0B7RDVJBH,2023-05-22
B0B7RDVJBH,2023-06-19
B0B7RDVJBH,2023-07-17
B0B7RDVJBH,2023-08-14
B0B7RDVJBH,2023-09-11
B0B7RDVJBH,2023-10-09
B0B7RDVJBH,2023-11-06
B0B7RDVJBH,2023-12-04
B0B7RDVJBH,2024-01-01
B0B7RDVJBH,2024-01-29
B0B7RP21L9,2023-02-27
B0B7RP21L9,2023-03-27
B0B7RP21L9,2023-04-24
B0B7RP21L9,2023-05-22
B0B7RP21L9,2023-06-19
B0B7RP21L9,2023-07-17
B0B7RP21L9,2023-08-14
B0B7RP21L9,2023-09-11
B0B7RP21L9,2023-10-09
B0B7RP21L9,2023-11-06
B0B7RP21L9,2023-12-04
B0B7RP21L9,2024-01-01
B0B7RP21L9,2024-01-29
B0B7S2YZLM,2023-02-27
B0B7S2YZLM,2023-03-27
B0B7S2YZLM,2023-04-24
B0B7S2YZLM,2023-05-22
B0B7S2YZLM,2023-06-19
B0B7S2YZLM,2023-07-17
B0B7S2YZLM,2023-08-14
B0B7S2YZLM,2023-09-11
B0B7S2YZLM,2023-10-09
B0B7S2YZLM,2023-11-06
B0B7S2YZLM,2023-12-04
B0B7S2YZLM,2024-01-01
B0B7S2YZLM,2024-01-29
B0B7TPMNC2,2023-02-27
B0B7TPMNC2,2023-03-27
B0B7TPMNC2,2023-04-24
B0B7TPMNC2,2023-05-22
B0B7TPMNC2,2023-06-19
B0B7TPMNC2,2023-07-17
B0B7TPMNC2,2023-08-14
B0B7TPMNC2,2023-09-11
B0B7TPMNC2,2023-10-09
B0B7TPMNC2,2023-11-06
B0B7TPMNC2,2023-12-04
B0B7TPMNC2,2024-01-01
B0B7TPMNC2,2024-01-29
B0B7VSPTTL,2024-01-29
B0B7WBG2YR,2023-10-09
B0B7WBG2YR,2023-11-06
B0B7WBG2YR,2023-12-04
B0B7WBG2YR,2024-01-01
B0B7WBG2YR,2024-01-29
B0B7X9ZYRV,2023-03-27
B0B7X9ZYRV,2023-04-24
B0B7X9ZYRV,2023-05-22
B0B7X9ZYRV,2023-06-19
B0B7X9ZYRV,2023-07-17
B0B7X9ZYRV,2023-08-14
B0B7X9ZYRV,2023-09-11
B0B7X9ZYRV,2023-10-09
B0B7X9ZYRV,2023-11-06
B0B7X9ZYRV,2023-12-04
B0B7X9ZYRV,2024-01-01
B0B7X9ZYRV,2024-01-29
B0B7XGF6PB,2023-04-24
B0B7XGF6PB,2023-05-22
B0B7XGF6PB,2023-06-19
B0B7XGF6PB,2023-07-17
B0B7XGF6PB,2023-08-14
B0B7XGF6PB,2023-09-11
B0B7XGF6PB,2023-10-09
B0B7XGF6PB,2023-11-06
B0B7XGF6PB,2023-12-04
B0B7XGF6PB,2024-01-01
B0B7XGF6PB,2024-01-29
B0B7XGKDF4,2024-01-01
B0B7XGKDF4,2024-01-29
B0B7Z1D5RZ,2023-02-27
B0B7Z1D5RZ,2023-03-27
B0B7Z1D5RZ,2023-04-24
B0B7Z1D5RZ,2023-05-22
B0B7Z1D5RZ,2023-06-19
B0B7Z1D5RZ,2023-07-17
B0B7Z1D5RZ,2023-08-14
B0B7Z1D5RZ,2023-09-11
B0B7Z1D5RZ,2023-10-09
B0B7Z1D5RZ,2023-11-06
B0B7Z1D5RZ,2023-12-04
B0B7Z1D5RZ,2024-01-01
B0B7Z1D5RZ,2024-01-29
B0B81L5KTC,2023-02-27
B0B81L5KTC,2023-03-27
B0B81L5KTC,2023-04-24
B0B81L5KTC,2023-05-22
B0B81L5KTC,2023-06-19
B0B81L5KTC,2023-07-17
B0B81L5KTC,2023-08-14
B0B81L5KTC,2023-09-11
B0B81L5KTC,2023-10-09
B0B81L5KTC,2023-11-06
B0B81L5KTC,2023-12-04
B0B81L5KTC,2024-01-01
B0B81L5KTC,2024-01-29
B0B82JVC4D,2023-03-27
B0B82JVC4D,2023-04-24
B0B82JVC4D,2023-05-22
B0B82JVC4D,2023-06-19
B0B82JVC4D,2023-07-17
B0B82JVC4D,2023-08-14
B0B82JVC4D,2023-09-11
B0B82JVC4D,2023-10-09
B0B82JVC4D,2023-11-06
B0B82JVC4D,2023-12-04
B0B82JVC4D,2024-01-01
B0B82JVC4D,2024-01-29
B0B832GNV8,2023-02-27
B0B832GNV8,2023-03-27
B0B832GNV8,2023-04-24
B0B832GNV8,2023-05-22
B0B832GNV8,2023-06-19
B0B832GNV8,2023-07-17
B0B832GNV8,2023-08-14
B0B832GNV8,2023-09-11
B0B832GNV8,2023-10-09
B0B832GNV8,2023-11-06
B0B832GNV8,2023-12-04
B0B832GNV8,2024-01-01
B0B832GNV8,2024-01-29
B0B8333HZ6,2023-02-27
B0B8333HZ6,2023-03-27
B0B8333HZ6,2023-04-24
B0B8333HZ6,2023-05-22
B0B8333HZ6,2023-06-19
B0B8333HZ6,2023-07-17
B0B8333HZ6,2023-08-14
B0B8333HZ6,2023-09-11
B0B8333HZ6,2023-10-09
B0B8333HZ6,2023-11-06
B0B8333HZ6,2023-12-04
B0B8333HZ6,2024-01-01
B0B8333HZ6,2024-01-29
B0B83537M5,2023-03-27
B0B83537M5,2023-04-24
B0B83537M5,2023-05-22
B0B83537M5,2023-06-19
B0B83537M5,2023-07-17
B0B83537M5,2023-08-14
B0B83537M5,2023-09-11
B0B83537M5,2023-10-09
B0B83537M5,2023-11-06
B0B83537M5,2023-12-04
B0B83537M5,2024-01-01
B0B83537M5,2024-01-29
B0B835B3DG,2023-03-27
B0B835B3DG,2023-04-24
B0B835B3DG,2023-05-22
B0B835B3DG,2023-06-19
B0B835B3DG,2023-07-17
B0B835B3DG,2023-08-14
B0B835B3DG,2023-09-11
B0B835B3DG,2023-10-09
B0B835B3DG,2023-11-06
B0B835B3DG,2023-12-04
B0B835B3DG,2024-01-01
B0B835B3DG,2024-01-29
B0B835WTRT,2023-02-27
B0B835WTRT,2023-03-27
B0B835WTRT,2023-04-24
B0B835WTRT,2023-05-22
B0B835WTRT,2023-06-19
B0B835WTRT,2023-07-17
B0B835WTRT,2023-08-14
B0B835WTRT,2023-09-11
B0B835WTRT,2023-10-09
B0B835WTRT,2023-11-06
B0B835WTRT,2023-12-04
B0B835WTRT,2024-01-01
B0B835WTRT,2024-01-29
B0B836HZFS,2023-04-24
B0B836HZFS,2023-05-22
B0B836HZFS,2023-06-19
B0B836HZFS,2023-07-17
B0B836HZFS,2023-08-14
B0B836HZFS,2023-09-11
B0B836HZFS,2023-10-09
B0B836HZFS,2023-11-06
B0B836HZFS,2023-12-04
B0B836HZFS,2024-01-01
B0B836HZFS,2024-01-29
B0B83PJZY2,2023-04-24
B0B83PJZY2,2023-05-22
B0B83PJZY2,2023-06-19
B0B83PJZY2,2023-07-17
B0B83PJZY2,2023-08-14
B0B83PJZY2,2023-09-11
B0B83PJZY2,2023-10-09
B0B83PJZY2,2023-11-06
B0B83PJZY2,2023-12-04
B0B83PJZY2,2024-01-01
B0B83PJZY2,2024-01-29
B0B877DDR4,2023-02-27
B0B877DDR4,2023-03-27
B0B877DDR4,2023-04-24
B0B877DDR4,2023-05-22
B0B877DDR4,2023-06-19
B0B877DDR4,2023-07-17
B0B877DDR4,2023-08-14
B0B877DDR4,2023-09-11
B0B877DDR4,2023-10-09
B0B877DDR4,2023-11-06
B0B877DDR4,2023-12-04
B0B877DDR4,2024-01-01
B0B877DDR4,2024-01-29
B0B87TR5N5,2023-02-27
B0B87TR5N5,2023-03-27
B0B87TR5N5,2023-04-24
B0B87TR5N5,2023-05-22
B0B87TR5N5,2023-06-19
B0B87TR5N5,2023-07-17
B0B87TR5N5,2023-08-14
B0B87TR5N5,2023-09-11
B0B87TR5N5,2023-10-09
B0B87TR5N5,2023-11-06
B0B87TR5N5,2023-12-04
B0B87TR5N5,2024-01-01
B0B87TR5N5,2024-01-29
B0B89W4M3T,2023-07-17
B0B89W4M3T,2023-08-14
B0B89W4M3T,2023-09-11
B0B89W4M3T,2023-10-09
B0B89W4M3T,2023-11-06
B0B89W4M3T,2023-12-04
B0B89W4M3T,2024-01-01
B0B89W4M3T,2024-01-29
B0B8BHQPB1,2023-02-27
B0B8BHQPB1,2023-03-27
B0B8BHQPB1,2023-04-24
B0B8BHQPB1,2023-05-22
B0B8BHQPB1,2023-06-19
B0B8BHQPB1,2023-07-17
B0B8BHQPB1,2023-08-14
B0B8BHQPB1,2023-09-11
B0B8BHQPB1,2023-10-09
B0B8BHQPB1,2023-11-06
B0B8BHQPB1,2023-12-04
B0B8BHQPB1,2024-01-01
B0B8BHQPB1,2024-01-29
B0B8CGSXX8,2023-02-27
B0B8CGSXX8,2023-03-27
B0B8CGSXX8,2023-04-24
B0B8CGSXX8,2023-05-22
B0B8CGSXX8,2023-06-19
B0B8CGSXX8,2023-07-17
B0B8CGSXX8,2023-08-14
B0B8CGSXX8,2023-09-11
B0B8CGSXX8,2023-10-09
B0B8CGSXX8,2023-11-06
B0B8CGSXX8,2023-12-04
B0B8CGSXX8,2024-01-01
B0B8CGSXX8,2024-01-29
B0B8CRY7CQ,2023-02-27
B0B8CRY7CQ,2023-03-27
B0B8CRY7CQ,2023-04-24
B0B8CRY7CQ,2023-05-22
B0B8CRY7CQ,2023-06-19
B0B8CRY7CQ,2023-07-17
B0B8CRY7CQ,2023-08-14
B0B8CRY7CQ,2023-09-11
B0B8CRY7CQ,2023-10-09
B0B8CRY7CQ,2023-11-06
B0B8CRY7CQ,2023-12-04
B0B8CRY7CQ,2024-01-01
B0B8CRY7CQ,2024-01-29
B0B8GTB6PJ,2023-02-27
B0B8GTB6PJ,2023-03-27
B0B8GTB6PJ,2023-04-24
B0B8GTB6PJ,2023-05-22
B0B8GTB6PJ,2023-06-19
B0B8GTB6PJ,2023-07-17
B0B8GTB6PJ,2023-08-14
B0B8GTB6PJ,2023-09-11
B0B8GTB6PJ,2023-10-09
B0B8GTB6PJ,2023-11-06
B0B8GTB6PJ,2023-12-04
B0B8GTB6PJ,2024-01-01
B0B8GTB6PJ,2024-01-29
B0B8M2CYYW,2023-02-27
B0B8M2CYYW,2023-03-27
B0B8M2CYYW,2023-04-24
B0B8M2CYYW,2023-05-22
B0B8M2CYYW,2023-06-19
B0B8M2CYYW,2023-07-17
B0B8M2CYYW,2023-08-14
B0B8M2CYYW,2023-09-11
B0B8M2CYYW,2023-10-09
B0B8M2CYYW,2023-11-06
B0B8M2CYYW,2023-12-04
B0B8M2CYYW,2024-01-01
B0B8M2CYYW,2024-01-29
B0B8M3P1Z4,2023-02-27
B0B8M3P1Z4,2023-03-27
B0B8M3P1Z4,2023-04-24
B0B8M3P1Z4,2023-05-22
B0B8M3P1Z4,2023-06-19
B0B8M3P1Z4,2023-07-17
B0B8M3P1Z4,2023-08-14
B0B8M3P1Z4,2023-09-11
B0B8M3P1Z4,2023-10-09
B0B8M3P1Z4,2023-11-06
B0B8M3P1Z4,2023-12-04
B0B8M3P1Z4,2024-01-01
B0B8M3P1Z4,2024-01-29
B0B8MMN61C,2023-02-27
B0B8MMN61C,2023-03-27
B0B8MMN61C,2023-04-24
B0B8MMN61C,2023-05-22
B0B8MMN61C,2023-06-19
B0B8MMN61C,2023-07-17
B0B8MMN61C,2023-08-14
B0B8MMN61C,2023-09-11
B0B8MMN61C,2023-10-09
B0B8MMN61C,2023-11-06
B0B8MMN61C,2023-12-04
B0B8MMN61C,2024-01-01
B0B8MMN61C,2024-01-29
B0B8NDMRPZ,2023-02-27
B0B8NDMRPZ,2023-03-27
B0B8NDMRPZ,2023-04-24
B0B8NDMRPZ,2023-05-22
B0B8NDMRPZ,2023-06-19
B0B8NDMRPZ,2023-07-17
B0B8NDMRPZ,2023-08-14
B0B8NDMRPZ,2023-09-11
B0B8NDMRPZ,2023-10-09
B0B8NDMRPZ,2023-11-06
B0B8NDMRPZ,2023-12-04
B0B8NDMRPZ,2024-01-01
B0B8NDMRPZ,2024-01-29
B0B8NYV2NG,2023-02-27
B0B8NYV2NG,2023-03-27
B0B8NYV2NG,2023-04-24
B0B8NYV2NG,2023-05-22
B0B8NYV2NG,2023-06-19
B0B8NYV2NG,2023-07-17
B0B8NYV2NG,2023-08-14
B0B8NYV2NG,2023-09-11
B0B8NYV2NG,2023-10-09
B0B8NYV2NG,2023-11-06
B0B8NYV2NG,2023-12-04
B0B8NYV2NG,2024-01-01
B0B8NYV2NG,2024-01-29
B0B8NZWVKL,2023-02-27
B0B8NZWVKL,2023-03-27
B0B8NZWVKL,2023-04-24
B0B8NZWVKL,2023-05-22
B0B8NZWVKL,2023-06-19
B0B8NZWVKL,2023-07-17
B0B8NZWVKL,2023-08-14
B0B8NZWVKL,2023-09-11
B0B8NZWVKL,2023-10-09
B0B8NZWVKL,2023-11-06
B0B8NZWVKL,2023-12-04
B0B8NZWVKL,2024-01-01
B0B8NZWVKL,2024-01-29
B0B8S5PBFS,2023-02-27
B0B8S5PBFS,2023-03-27
B0B8S5PBFS,2023-04-24
B0B8S5PBFS,2023-05-22
B0B8S5PBFS,2023-06-19
B0B8S5PBFS,2023-07-17
B0B8S5PBFS,2023-08-14
B0B8S5PBFS,2023-09-11
B0B8S5PBFS,2023-10-09
B0B8S5PBFS,2023-11-06
B0B8S5PBFS,2023-12-04
B0B8S5PBFS,2024-01-01
B0B8S5PBFS,2024-01-29
B0B8S5PQ7Z,2023-02-27
B0B8S5PQ7Z,2023-03-27
B0B8S5PQ7Z,2023-04-24
B0B8S5PQ7Z,2023-05-22
B0B8S5PQ7Z,2023-06-19
B0B8S5PQ7Z,2023-07-17
B0B8S5PQ7Z,2023-08-14
B0B8S5PQ7Z,2023-09-11
B0B8S5PQ7Z,2023-10-09
B0B8S5PQ7Z,2023-11-06
B0B8S5PQ7Z,2023-12-04
B0B8S5PQ7Z,2024-01-01
B0B8S5PQ7Z,2024-01-29
B0B8SXX8ZH,2023-02-27
B0B8SXX8ZH,2023-03-27
B0B8SXX8ZH,2023-04-24
B0B8SXX8ZH,2023-05-22
B0B8SXX8ZH,2023-06-19
B0B8SXX8ZH,2023-07-17
B0B8SXX8ZH,2023-08-14
B0B8SXX8ZH,2023-09-11
B0B8SXX8ZH,2023-10-09
B0B8SXX8ZH,2023-11-06
B0B8SXX8ZH,2023-12-04
B0B8SXX8ZH,2024-01-01
B0B8SXX8ZH,2024-01-29
B0B8VG9K8K,2023-02-27
B0B8VG9K8K,2023-03-27
B0B8VG9K8K,2023-04-24
B0B8VG9K8K,2023-05-22
B0B8VG9K8K,2023-06-19
B0B8VG9K8K,2023-07-17
B0B8VG9K8K,2023-08-14
B0B8VG9K8K,2023-09-11
B0B8VG9K8K,2023-10-09
B0B8VG9K8K,2023-11-06
B0B8VG9K8K,2023-12-04
B0B8VG9K8K,2024-01-01
B0B8VG9K8K,2024-01-29
B0B8ZVGF68,2023-04-24
B0B8ZVGF68,2023-05-22
B0B8ZVGF68,2023-06-19
B0B8ZVGF68,2023-07-17
B0B8ZVGF68,2023-08-14
B0B8ZVGF68,2023-09-11
B0B8ZVGF68,2023-10-09
B0B8ZVGF68,2023-11-06
B0B8ZVGF68,2023-12-04
B0B8ZVGF68,2024-01-01
B0B8ZVGF68,2024-01-29
B0B917DG18,2023-02-27
B0B917DG18,2023-03-27
B0B917DG18,2023-04-24
B0B917DG18,2023-05-22
B0B917DG18,2023-06-19
B0B917DG18,2023-07-17
B0B917DG18,2023-08-14
B0B917DG18,2023-09-11
B0B917DG18,2023-10-09
B0B917DG18,2023-11-06
B0B917DG18,2023-12-04
B0B917DG18,2024-01-01
B0B917DG18,2024-01-29
B0B92JJQNN,2023-02-27
B0B92JJQNN,2023-03-27
B0B92JJQNN,2023-04-24
B0B92JJQNN,2023-05-22
B0B92JJQNN,2023-06-19
B0B92JJQNN,2023-07-17
B0B92JJQNN,2023-08-14
B0B92JJQNN,2023-09-11
B0B92JJQNN,2023-10-09
B0B92JJQNN,2023-11-06
B0B92JJQNN,2023-12-04
B0B92JJQNN,2024-01-01
B0B92JJQNN,2024-01-29
B0B93RBWHB,2023-02-27
B0B93RBWHB,2023-03-27
B0B93RBWHB,2023-04-24
B0B93RBWHB,2023-05-22
B0B93RBWHB,2023-06-19
B0B93RBWHB,2023-07-17
B0B93RBWHB,2023-08-14
B0B93RBWHB,2023-09-11
B0B93RBWHB,2023-10-09
B0B93RBWHB,2023-11-06
B0B93RBWHB,2023-12-04
B0B93RBWHB,2024-01-01
B0B93RBWHB,2024-01-29
B0B93S6QBS,2023-02-27
B0B93S6QBS,2023-03-27
B0B93S6QBS,2023-04-24
B0B93S6QBS,2023-05-22
B0B93S6QBS,2023-06-19
B0B93S6QBS,2023-07-17
B0B93S6QBS,2023-08-14
B0B93S6QBS,2023-09-11
B0B93S6QBS,2023-10-09
B0B93S6QBS,2023-11-06
B0B93S6QBS,2023-12-04
B0B93S6QBS,2024-01-01
B0B93S6QBS,2024-01-29
B0B96FTZZW,2024-01-01
B0B96FTZZW,2024-01-29
B0B96G36X3,2023-02-27
B0B96G36X3,2023-03-27
B0B96G36X3,2023-04-24
B0B96G36X3,2023-05-22
B0B96G36X3,2023-06-19
B0B96G36X3,2023-07-17
B0B96G36X3,2023-08-14
B0B96G36X3,2023-09-11
B0B96G36X3,2023-10-09
B0B96G36X3,2023-11-06
B0B96G36X3,2023-12-04
B0B96G36X3,2024-01-01
B0B96G36X3,2024-01-29
B0B9B7SL3Z,2023-03-27
B0B9B7SL3Z,2023-04-24
B0B9B7SL3Z,2023-05-22
B0B9B7SL3Z,2023-06-19
B0B9B7SL3Z,2023-07-17
B0B9B7SL3Z,2023-08-14
B0B9B7SL3Z,2023-09-11
B0B9B7SL3Z,2023-10-09
B0B9B7SL3Z,2023-11-06
B0B9B7SL3Z,2023-12-04
B0B9B7SL3Z,2024-01-01
B0B9B7SL3Z,2024-01-29
B0B9BYD5JC,2023-09-11
B0B9BYD5JC,2023-10-09
B0B9BYD5JC,2023-11-06
B0B9BYD5JC,2023-12-04
B0B9BYD5JC,2024-01-01
B0B9BYD5JC,2024-01-29
B0B9CFJTGH,2023-02-27
B0B9CFJTGH,2023-03-27
B0B9CFJTGH,2023-04-24
B0B9CFJTGH,2023-05-22
B0B9CFJTGH,2023-06-19
B0B9CFJTGH,2023-07-17
B0B9CFJTGH,2023-08-14
B0B9CFJTGH,2023-09-11
B0B9CFJTGH,2023-10-09
B0B9CFJTGH,2023-11-06
B0B9CFJTGH,2023-12-04
B0B9CFJTGH,2024-01-01
B0B9CFJTGH,2024-01-29
B0B9HP8491,2023-11-06
B0B9HP8491,2023-12-04
B0B9HP8491,2024-01-01
B0B9HP8491,2024-01-29
B0B9HS1298,2023-02-27
B0B9HS1298,2023-03-27
B0B9HS1298,2023-04-24
B0B9HS1298,2023-05-22
B0B9HS1298,2023-06-19
B0B9HS1298,2023-07-17
B0B9HS1298,2023-08-14
B0B9HS1298,2023-09-11
B0B9HS1298,2023-10-09
B0B9HS1298,2023-11-06
B0B9HS1298,2023-12-04
B0B9HS1298,2024-01-01
B0B9HS1298,2024-01-29
B0B9HTDZBS,2023-02-27
B0B9HTDZBS,2023-03-27
B0B9HTDZBS,2023-04-24
B0B9HTDZBS,2023-05-22
B0B9HTDZBS,2023-06-19
B0B9HTDZBS,2023-07-17
B0B9HTDZBS,2023-08-14
B0B9HTDZBS,2023-09-11
B0B9HTDZBS,2023-10-09
B0B9HTDZBS,2023-11-06
B0B9HTDZBS,2023-12-04
B0B9HTDZBS,2024-01-01
B0B9HTDZBS,2024-01-29
B0B9HVH8NM,2023-02-27
B0B9HVH8NM,2023-03-27
B0B9HVH8NM,2023-04-24
B0B9HVH8NM,2023-05-22
B0B9HVH8NM,2023-06-19
B0B9HVH8NM,2023-07-17
B0B9HVH8NM,2023-08-14
B0B9HVH8NM,2023-09-11
B0B9HVH8NM,2023-10-09
B0B9HVH8NM,2023-11-06
B0B9HVH8NM,2023-12-04
B0B9HVH8NM,2024-01-01
B0B9HVH8NM,2024-01-29
B0B9PW6MPS,2023-06-19
B0B9PW6MPS,2023-07-17
B0B9PW6MPS,2023-08-14
B0B9PW6MPS,2023-09-11
B0B9PW6MPS,2023-10-09
B0B9PW6MPS,2023-11-06
B0B9PW6MPS,2023-12-04
B0B9PW6MPS,2024-01-01
B0B9PW6MPS,2024-01-29
B0B9Q5F83T,2023-10-09
B0B9Q5F83T,2023-11-06
B0B9Q5F83T,2023-12-04
B0B9Q5F83T,2024-01-01
B0B9Q5F83T,2024-01-29
B0B9Q9CD64,2023-08-14
B0B9Q9CD64,2023-09-11
B0B9Q9CD64,2023-10-09
B0B9Q9CD64,2023-11-06
B0B9Q9CD64,2023-12-04
B0B9Q9CD64,2024-01-01
B0B9Q9CD64,2024-01-29
B0B9QFSTXR,2023-04-24
B0B9QFSTXR,2023-05-22
B0B9QFSTXR,2023-06-19
B0B9QFSTXR,2023-07-17
B0B9QFSTXR,2023-08-14
B0B9QFSTXR,2023-09-11
B0B9QFSTXR,2023-10-09
B0B9QFSTXR,2023-11-06
B0B9QFSTXR,2023-12-04
B0B9QFSTXR,2024-01-01
B0B9QFSTXR,2024-01-29
B0B9S1WNGL,2023-02-27
B0B9S1WNGL,2023-03-27
B0B9S1WNGL,2023-04-24
B0B9S1WNGL,2023-05-22
B0B9S1WNGL,2023-06-19
B0B9S1WNGL,2023-07-17
B0B9S1WNGL,2023-08-14
B0B9S1WNGL,2023-09-11
B0B9S1WNGL,2023-10-09
B0B9S1WNGL,2023-11-06
B0B9S1WNGL,2023-12-04
B0B9S1WNGL,2024-01-01
B0B9S1WNGL,2024-01-29
B0B9S4VYC7,2023-03-27
B0B9S4VYC7,2023-04-24
B0B9S4VYC7,2023-05-22
B0B9S4VYC7,2023-06-19
B0B9S4VYC7,2023-07-17
B0B9S4VYC7,2023-08-14
B0B9S4VYC7,2023-09-11
B0B9S4VYC7,2023-10-09
B0B9S4VYC7,2023-11-06
B0B9S4VYC7,2023-12-04
B0B9S4VYC7,2024-01-01
B0B9S4VYC7,2024-01-29
B0B9TYYFJ1,2023-02-27
B0B9TYYFJ1,2023-03-27
B0B9TYYFJ1,2023-04-24
B0B9TYYFJ1,2023-05-22
B0B9TYYFJ1,2023-06-19
B0B9TYYFJ1,2023-07-17
B0B9TYYFJ1,2023-08-14
B0B9TYYFJ1,2023-09-11
B0B9TYYFJ1,2023-10-09
B0B9TYYFJ1,2023-11-06
B0B9TYYFJ1,2023-12-04
B0B9TYYFJ1,2024-01-01
B0B9TYYFJ1,2024-01-29
B0B9V8L24H,2023-02-27
B0B9V8L24H,2023-03-27
B0B9V8L24H,2023-04-24
B0B9V8L24H,2023-05-22
B0B9V8L24H,2023-06-19
B0B9V8L24H,2023-07-17
B0B9V8L24H,2023-08-14
B0B9V8L24H,2023-09-11
B0B9V8L24H,2023-10-09
B0B9V8L24H,2023-11-06
B0B9V8L24H,2023-12-04
B0B9V8L24H,2024-01-01
B0B9V8L24H,2024-01-29
B0BB16XJXR,2023-02-27
B0BB16XJXR,2023-03-27
B0BB16XJXR,2023-04-24
B0BB16XJXR,2023-05-22
B0BB16XJXR,2023-06-19
B0BB16XJXR,2023-07-17
B0BB16XJXR,2023-08-14
B0BB16XJXR,2023-09-11
B0BB16XJXR,2023-10-09
B0BB16XJXR,2023-11-06
B0BB16XJXR,2023-12-04
B0BB16XJXR,2024-01-01
B0BB16XJXR,2024-01-29
B0BB28ZGNZ,2023-02-27
B0BB28ZGNZ,2023-03-27
B0BB28ZGNZ,2023-04-24
B0BB28ZGNZ,2023-05-22
B0BB28ZGNZ,2023-06-19
B0BB28ZGNZ,2023-07-17
B0BB28ZGNZ,2023-08-14
B0BB28ZGNZ,2023-09-11
B0BB28ZGNZ,2023-10-09
B0BB28ZGNZ,2023-11-06
B0BB28ZGNZ,2023-12-04
B0BB28ZGNZ,2024-01-01
B0BB28ZGNZ,2024-01-29
B0BB2DVWSS,2023-02-27
B0BB2DVWSS,2023-03-27
B0BB2DVWSS,2023-04-24
B0BB2DVWSS,2023-05-22
B0BB2DVWSS,2023-06-19
B0BB2DVWSS,2023-07-17
B0BB2DVWSS,2023-08-14
B0BB2DVWSS,2023-09-11
B0BB2DVWSS,2023-10-09
B0BB2DVWSS,2023-11-06
B0BB2DVWSS,2023-12-04
B0BB2DVWSS,2024-01-01
B0BB2DVWSS,2024-01-29
B0BB2SLX37,2023-02-27
B0BB2SLX37,2023-03-27
B0BB2SLX37,2023-04-24
B0BB2SLX37,2023-05-22
B0BB2SLX37,2023-06-19
B0BB2SLX37,2023-07-17
B0BB2SLX37,2023-08-14
B0BB2SLX37,2023-09-11
B0BB2SLX37,2023-10-09
B0BB2SLX37,2023-11-06
B0BB2SLX37,2023-12-04
B0BB2SLX37,2024-01-01
B0BB2SLX37,2024-01-29
B0BB79274H,2023-02-27
B0BB79274H,2023-03-27
B0BB79274H,2023-04-24
B0BB79274H,2023-05-22
B0BB79274H,2023-06-19
B0BB79274H,2023-07-17
B0BB79274H,2023-08-14
B0BB79274H,2023-09-11
B0BB79274H,2023-10-09
B0BB79274H,2023-11-06
B0BB79274H,2023-12-04
B0BB79274H,2024-01-01
B0BB79274H,2024-01-29
B0BB797KP7,2023-02-27
B0BB797KP7,2023-03-27
B0BB797KP7,2023-04-24
B0BB797KP7,2023-05-22
B0BB797KP7,2023-06-19
B0BB797KP7,2023-07-17
B0BB797KP7,2023-08-14
B0BB797KP7,2023-09-11
B0BB797KP7,2023-10-09
B0BB797KP7,2023-11-06
B0BB797KP7,2023-12-04
B0BB797KP7,2024-01-01
B0BB797KP7,2024-01-29
B0BB9ZG78D,2023-02-27
B0BB9ZG78D,2023-03-27
B0BB9ZG78D,2023-04-24
B0BB9ZG78D,2023-05-22
B0BB9ZG78D,2023-06-19
B0BB9ZG78D,2023-07-17
B0BB9ZG78D,2023-08-14
B0BB9ZG78D,2023-09-11
B0BB9ZG78D,2023-10-09
B0BB9ZG78D,2023-11-06
B0BB9ZG78D,2023-12-04
B0BB9ZG78D,2024-01-01
B0BB9ZG78D,2024-01-29
B0BBKNZ896,2023-02-27
B0BBKNZ896,2023-03-27
B0BBKNZ896,2023-04-24
B0BBKNZ896,2023-05-22
B0BBKNZ896,2023-06-19
B0BBKNZ896,2023-07-17
B0BBKNZ896,2023-08-14
B0BBKNZ896,2023-09-11
B0BBKNZ896,2023-10-09
B0BBKNZ896,2023-11-06
B0BBKNZ896,2023-12-04
B0BBKNZ896,2024-01-01
B0BBKNZ896,2024-01-29
B0BBLGWM3P,2023-02-27
B0BBLGWM3P,2023-03-27
B0BBLGWM3P,2023-04-24
B0BBLGWM3P,2023-05-22
B0BBLGWM3P,2023-06-19
B0BBLGWM3P,2023-07-17
B0BBLGWM3P,2023-08-14
B0BBLGWM3P,2023-09-11
B0BBLGWM3P,2023-10-09
B0BBLGWM3P,2023-11-06
B0BBLGWM3P,2023-12-04
B0BBLGWM3P,2024-01-01
B0BBLGWM3P,2024-01-29
B0BBM2966Y,2023-03-27
B0BBM2966Y,2023-04-24
B0BBM2966Y,2023-05-22
B0BBM2966Y,2023-06-19
B0BBM2966Y,2023-07-17
B0BBM2966Y,2023-08-14
B0BBM2966Y,2023-09-11
B0BBM2966Y,2023-10-09
B0BBM2966Y,2023-11-06
B0BBM2966Y,2023-12-04
B0BBM2966Y,2024-01-01
B0BBM2966Y,2024-01-29
B0BBM3TCXY,2023-12-04
B0BBM3TCXY,2024-01-01
B0BBM3TCXY,2024-01-29
B0BBM4SH67,2023-10-09
B0BBM4SH67,2023-11-06
B0BBM4SH67,2023-12-04
B0BBM4SH67,2024-01-01
B0BBM4SH67,2024-01-29
B0BBM59ZWF,2023-03-27
B0BBM59ZWF,2023-04-24
B0BBM59ZWF,2023-05-22
B0BBM59ZWF,2023-06-19
B0BBM59ZWF,2023-07-17
B0BBM59ZWF,2023-08-14
B0BBM59ZWF,2023-09-11
B0BBM59ZWF,2023-10-09
B0BBM59ZWF,2023-11-06
B0BBM59ZWF,2023-12-04
B0BBM59ZWF,2024-01-01
B0BBM59ZWF,2024-01-29
B0BBM5S43X,2023-02-27
B0BBM5S43X,2023-03-27
B0BBM5S43X,2023-04-24
B0BBM5S43X,2023-05-22
B0BBM5S43X,2023-06-19
B0BBM5S43X,2023-07-17
B0BBM5S43X,2023-08-14
B0BBM5S43X,2023-09-11
B0BBM5S43X,2023-10-09
B0BBM5S43X,2023-11-06
B0BBM5S43X,2023-12-04
B0BBM5S43X,2024-01-01
B0BBM5S43X,2024-01-29
B0BBP4CV7G,2023-02-27
B0BBP4CV7G,2023-03-27
B0BBP4CV7G,2023-04-24
B0BBP4CV7G,2023-05-22
B0BBP4CV7G,2023-06-19
B0BBP4CV7G,2023-07-17
B0BBP4CV7G,2023-08-14
B0BBP4CV7G,2023-09-11
B0BBP4CV7G,2023-10-09
B0BBP4CV7G,2023-11-06
B0BBP4CV7G,2023-12-04
B0BBP4CV7G,2024-01-01
B0BBP4CV7G,2024-01-29
B0BBPFTF2X,2023-02-27
B0BBPFTF2X,2023-03-27
B0BBPFTF2X,2023-04-24
B0BBPFTF2X,2023-05-22
B0BBPFTF2X,2023-06-19
B0BBPFTF2X,2023-07-17
B0BBPFTF2X,2023-08-14
B0BBPFTF2X,2023-09-11
B0BBPFTF2X,2023-10-09
B0BBPFTF2X,2023-11-06
B0BBPFTF2X,2023-12-04
B0BBPFTF2X,2024-01-01
B0BBPFTF2X,2024-01-29
B0BBSLC7DP,2023-07-17
B0BBSLC7DP,2023-08-14
B0BBSLC7DP,2023-09-11
B0BBSLC7DP,2023-10-09
B0BBSLC7DP,2023-11-06
B0BBSLC7DP,2023-12-04
B0BBSLC7DP,2024-01-01
B0BBSLC7DP,2024-01-29
B0BBSNRNPT,2023-04-24
B0BBSNRNPT,2023-05-22
B0BBSNRNPT,2023-06-19
B0BBSNRNPT,2023-07-17
B0BBSNRNPT,2023-08-14
B0BBSNRNPT,2023-09-11
B0BBSNRNPT,2023-10-09
B0BBSNRNPT,2023-11-06
B0BBSNRNPT,2023-12-04
B0BBSNRNPT,2024-01-01
B0BBSNRNPT,2024-01-29
B0BBSQ62M9,2023-05-22
B0BBSQ62M9,2023-06-19
B0BBSQ62M9,2023-07-17
B0BBSQ62M9,2023-08-14
B0BBSQ62M9,2023-09-11
B0BBSQ62M9,2023-10-09
B0BBSQ62M9,2023-11-06
B0BBSQ62M9,2023-12-04
B0BBSQ62M9,2024-01-01
B0BBSQ62M9,2024-01-29
B0BBSVQCGM,2023-07-17
B0BBSVQCGM,2023-08-14
B0BBSVQCGM,2023-09-11
B0BBSVQCGM,2023-10-09
B0BBSVQCGM,2023-11-06
B0BBSVQCGM,2023-12-04
B0BBSVQCGM,2024-01-01
B0BBSVQCGM,2024-01-29
B0BBVH5M8Y,2023-02-27
B0BBVH5M8Y,2023-03-27
B0BBVH5M8Y,2023-04-24
B0BBVH5M8Y,2023-05-22
B0BBVH5M8Y,2023-06-19
B0BBVH5M8Y,2023-07-17
B0BBVH5M8Y,2023-08-14
B0BBVH5M8Y,2023-09-11
B0BBVH5M8Y,2023-10-09
B0BBVH5M8Y,2023-11-06
B0BBVH5M8Y,2023-12-04
B0BBVH5M8Y,2024-01-01
B0BBVH5M8Y,2024-01-29
B0BBVR6GPB,2023-02-27
B0BBVR6GPB,2023-03-27
B0BBVR6GPB,2023-04-24
B0BBVR6GPB,2023-05-22
B0BBVR6GPB,2023-06-19
B0BBVR6GPB,2023-07-17
B0BBVR6GPB,2023-08-14
B0BBVR6GPB,2023-09-11
B0BBVR6GPB,2023-10-09
B0BBVR6GPB,2023-11-06
B0BBVR6GPB,2023-12-04
B0BBVR6GPB,2024-01-01
B0BBVR6GPB,2024-01-29
B0BBXZPXJZ,2023-05-22
B0BBXZPXJZ,2023-06-19
B0BBXZPXJZ,2023-07-17
B0BBXZPXJZ,2023-08-14
B0BBXZPXJZ,2023-09-11
B0BBXZPXJZ,2023-10-09
B0BBXZPXJZ,2023-11-06
B0BBXZPXJZ,2023-12-04
B0BBXZPXJZ,2024-01-01
B0BBXZPXJZ,2024-01-29
B0BBY9HWBK,2023-02-27
B0BBY9HWBK,2023-03-27
B0BBY9HWBK,2023-04-24
B0BBY9HWBK,2023-05-22
B0BBY9HWBK,2023-06-19
B0BBY9HWBK,2023-07-17
B0BBY9HWBK,2023-08-14
B0BBY9HWBK,2023-09-11
B0BBY9HWBK,2023-10-09
B0BBY9HWBK,2023-11-06
B0BBY9HWBK,2023-12-04
B0BBY9HWBK,2024-01-01
B0BBY9HWBK,2024-01-29
B0BBYZGGXB,2023-02-27
B0BBYZGGXB,2023-03-27
B0BBYZGGXB,2023-04-24
B0BBYZGGXB,2023-05-22
B0BBYZGGXB,2023-06-19
B0BBYZGGXB,2023-07-17
B0BBYZGGXB,2023-08-14
B0BBYZGGXB,2023-09-11
B0BBYZGGXB,2023-10-09
B0BBYZGGXB,2023-11-06
B0BBYZGGXB,2023-12-04
B0BBYZGGXB,2024-01-01
B0BBYZGGXB,2024-01-29
B0BBZ5CPSG,2023-07-17
B0BBZ5CPSG,2023-08-14
B0BBZ5CPSG,2023-09-11
B0BBZ5CPSG,2023-10-09
B0BBZ5CPSG,2023-11-06
B0BBZ5CPSG,2023-12-04
B0BBZ5CPSG,2024-01-01
B0BBZ5CPSG,2024-01-29
B0BC17YHQL,2023-02-27
B0BC17YHQL,2023-03-27
B0BC17YHQL,2023-04-24
B0BC17YHQL,2023-05-22
B0BC17YHQL,2023-06-19
B0BC17YHQL,2023-07-17
B0BC17YHQL,2023-08-14
B0BC17YHQL,2023-09-11
B0BC17YHQL,2023-10-09
B0BC17YHQL,2023-11-06
B0BC17YHQL,2023-12-04
B0BC17YHQL,2024-01-01
B0BC17YHQL,2024-01-29
B0BC1R972B,2023-02-27
B0BC1R972B,2023-03-27
B0BC1R972B,2023-04-24
B0BC1R972B,2023-05-22
B0BC1R972B,2023-06-19
B0BC1R972B,2023-07-17
B0BC1R972B,2023-08-14
B0BC1R972B,2023-09-11
B0BC1R972B,2023-10-09
B0BC1R972B,2023-11-06
B0BC1R972B,2023-12-04
B0BC1R972B,2024-01-01
B0BC1R972B,2024-01-29
B0BC28GCKL,2023-02-27
B0BC28GCKL,2023-03-27
B0BC28GCKL,2023-04-24
B0BC28GCKL,2023-05-22
B0BC28GCKL,2023-06-19
B0BC28GCKL,2023-07-17
B0BC28GCKL,2023-08-14
B0BC28GCKL,2023-09-11
B0BC28GCKL,2023-10-09
B0BC28GCKL,2023-11-06
B0BC28GCKL,2023-12-04
B0BC28GCKL,2024-01-01
B0BC28GCKL,2024-01-29
B0BC449B96,2023-02-27
B0BC449B96,2023-03-27
B0BC449B96,2023-04-24
B0BC449B96,2023-05-22
B0BC449B96,2023-06-19
B0BC449B96,2023-07-17
B0BC449B96,2023-08-14
B0BC449B96,2023-09-11
B0BC449B96,2023-10-09
B0BC449B96,2023-11-06
B0BC449B96,2023-12-04
B0BC449B96,2024-01-01
B0BC449B96,2024-01-29
B0BC4Y6F6M,2023-07-17
B0BC4Y6F6M,2023-08-14
B0BC4Y6F6M,2023-09-11
B0BC4Y6F6M,2023-10-09
B0BC4Y6F6M,2023-11-06
B0BC4Y6F6M,2023-12-04
B0BC4Y6F6M,2024-01-01
B0BC4Y6F6M,2024-01-29
B0BC528D48,2023-04-24
B0BC528D48,2023-05-22
B0BC528D48,2023-06-19
B0BC528D48,2023-07-17
B0BC528D48,2023-08-14
B0BC528D48,2023-09-11
B0BC528D48,2023-10-09
B0BC528D48,2023-11-06
B0BC528D48,2023-12-04
B0BC528D48,2024-01-01
B0BC528D48,2024-01-29
B0BC8P6X8L,2023-02-27
B0BC8P6X8L,2023-03-27
B0BC8P6X8L,2023-04-24
B0BC8P6X8L,2023-05-22
B0BC8P6X8L,2023-06-19
B0BC8P6X8L,2023-07-17
B0BC8P6X8L,2023-08-14
B0BC8P6X8L,2023-09-11
B0BC8P6X8L,2023-10-09
B0BC8P6X8L,2023-11-06
B0BC8P6X8L,2023-12-04
B0BC8P6X8L,2024-01-01
B0BC8P6X8L,2024-01-29
B0BC8Y4R7N,2023-02-27
B0BC8Y4R7N,2023-03-27
B0BC8Y4R7N,2023-04-24
B0BC8Y4R7N,2023-05-22
B0BC8Y4R7N,2023-06-19
B0BC8Y4R7N,2023-07-17
B0BC8Y4R7N,2023-08-14
B0BC8Y4R7N,2023-09-11
B0BC8Y4R7N,2023-10-09
B0BC8Y4R7N,2023-11-06
B0BC8Y4R7N,2023-12-04
B0BC8Y4R7N,2024-01-01
B0BC8Y4R7N,2024-01-29
B0BC931BMD,2023-02-27
B0BC931BMD,2023-03-27
B0BC931BMD,2023-04-24
B0BC931BMD,2023-05-22
B0BC931BMD,2023-06-19
B0BC931BMD,2023-07-17
B0BC931BMD,2023-08-14
B0BC931BMD,2023-09-11
B0BC931BMD,2023-10-09
B0BC931BMD,2023-11-06
B0BC931BMD,2023-12-04
B0BC931BMD,2024-01-01
B0BC931BMD,2024-01-29
B0BC94CHJJ,2023-02-27
B0BC94CHJJ,2023-03-27
B0BC94CHJJ,2023-04-24
B0BC94CHJJ,2023-05-22
B0BC94CHJJ,2023-06-19
B0BC94CHJJ,2023-07-17
B0BC94CHJJ,2023-08-14
B0BC94CHJJ,2023-09-11
B0BC94CHJJ,2023-10-09
B0BC94CHJJ,2023-11-06
B0BC94CHJJ,2023-12-04
B0BC94CHJJ,2024-01-01
B0BC94CHJJ,2024-01-29
B0BCFLZHHN,2023-02-27
B0BCFLZHHN,2023-03-27
B0BCFLZHHN,2023-04-24
B0BCFLZHHN,2023-05-22
B0BCFLZHHN,2023-06-19
B0BCFLZHHN,2023-07-17
B0BCFLZHHN,2023-08-14
B0BCFLZHHN,2023-09-11
B0BCFLZHHN,2023-10-09
B0BCFLZHHN,2023-11-06
B0BCFLZHHN,2023-12-04
B0BCFLZHHN,2024-01-01
B0BCFLZHHN,2024-01-29
B0BCHF3FYJ,2023-02-27
B0BCHF3FYJ,2023-03-27
B0BCHF3FYJ,2023-04-24
B0BCHF3FYJ,2023-05-22
B0BCHF3FYJ,2023-06-19
B0BCHF3FYJ,2023-07-17
B0BCHF3FYJ,2023-08-14
B0BCHF3FYJ,2023-09-11
B0BCHF3FYJ,2023-10-09
B0BCHF3FYJ,2023-11-06
B0BCHF3FYJ,2023-12-04
B0BCHF3FYJ,2024-01-01
B0BCHF3FYJ,2024-01-29
B0BCJZTM1J,2023-02-27
B0BCJZTM1J,2023-03-27
B0BCJZTM1J,2023-04-24
B0BCJZTM1J,2023-05-22
B0BCJZTM1J,2023-06-19
B0BCJZTM1J,2023-07-17
B0BCJZTM1J,2023-08-14
B0BCJZTM1J,2023-09-11
B0BCJZTM1J,2023-10-09
B0BCJZTM1J,2023-11-06
B0BCJZTM1J,2023-12-04
B0BCJZTM1J,2024-01-01
B0BCJZTM1J,2024-01-29
B0BCLYZC5X,2023-02-27
B0BCLYZC5X,2023-03-27
B0BCLYZC5X,2023-04-24
B0BCLYZC5X,2023-05-22
B0BCLYZC5X,2023-06-19
B0BCLYZC5X,2023-07-17
B0BCLYZC5X,2023-08-14
B0BCLYZC5X,2023-09-11
B0BCLYZC5X,2023-10-09
B0BCLYZC5X,2023-11-06
B0BCLYZC5X,2023-12-04
B0BCLYZC5X,2024-01-01
B0BCLYZC5X,2024-01-29
B0BCM5Q5B9,2023-02-27
B0BCM5Q5B9,2023-03-27
B0BCM5Q5B9,2023-04-24
B0BCM5Q5B9,2023-05-22
B0BCM5Q5B9,2023-06-19
B0BCM5Q5B9,2023-07-17
B0BCM5Q5B9,2023-08-14
B0BCM5Q5B9,2023-09-11
B0BCM5Q5B9,2023-10-09
B0BCM5Q5B9,2023-11-06
B0BCM5Q5B9,2023-12-04
B0BCM5Q5B9,2024-01-01
B0BCM5Q5B9,2024-01-29
B0BCR451SM,2023-02-27
B0BCR451SM,2023-03-27
B0BCR451SM,2023-04-24
B0BCR451SM,2023-05-22
B0BCR451SM,2023-06-19
B0BCR451SM,2023-07-17
B0BCR451SM,2023-08-14
B0BCR451SM,2023-09-11
B0BCR451SM,2023-10-09
B0BCR451SM,2023-11-06
B0BCR451SM,2023-12-04
B0BCR451SM,2024-01-01
B0BCR451SM,2024-01-29
B0BCS7BRCT,2023-02-27
B0BCS7BRCT,2023-03-27
B0BCS7BRCT,2023-04-24
B0BCS7BRCT,2023-05-22
B0BCS7BRCT,2023-06-19
B0BCS7BRCT,2023-07-17
B0BCS7BRCT,2023-08-14
B0BCS7BRCT,2023-09-11
B0BCS7BRCT,2023-10-09
B0BCS7BRCT,2023-11-06
B0BCS7BRCT,2023-12-04
B0BCS7BRCT,2024-01-01
B0BCS7BRCT,2024-01-29
B0BCSH8NSZ,2023-02-27
B0BCSH8NSZ,2023-03-27
B0BCSH8NSZ,2023-04-24
B0BCSH8NSZ,2023-05-22
B0BCSH8NSZ,2023-06-19
B0BCSH8NSZ,2023-07-17
B0BCSH8NSZ,2023-08-14
B0BCSH8NSZ,2023-09-11
B0BCSH8NSZ,2023-10-09
B0BCSH8NSZ,2023-11-06
B0BCSH8NSZ,2023-12-04
B0BCSH8NSZ,2024-01-01
B0BCSH8NSZ,2024-01-29
B0BCSKXPZ2,2023-02-27
B0BCSKXPZ2,2023-03-27
B0BCSKXPZ2,2023-04-24
B0BCSKXPZ2,2023-05-22
B0BCSKXPZ2,2023-06-19
B0BCSKXPZ2,2023-07-17
B0BCSKXPZ2,2023-08-14
B0BCSKXPZ2,2023-09-11
B0BCSKXPZ2,2023-10-09
B0BCSKXPZ2,2023-11-06
B0BCSKXPZ2,2023-12-04
B0BCSKXPZ2,2024-01-01
B0BCSKXPZ2,2024-01-29
B0BCXF7GZ1,2023-02-27
B0BCXF7GZ1,2023-03-27
B0BCXF7GZ1,2023-04-24
B0BCXF7GZ1,2023-05-22
B0BCXF7GZ1,2023-06-19
B0BCXF7GZ1,2023-07-17
B0BCXF7GZ1,2023-08-14
B0BCXF7GZ1,2023-09-11
B0BCXF7GZ1,2023-10-09
B0BCXF7GZ1,2023-11-06
B0BCXF7GZ1,2023-12-04
B0BCXF7GZ1,2024-01-01
B0BCXF7GZ1,2024-01-29
B0BD35WYVC,2024-01-01
B0BD35WYVC,2024-01-29
B0BD49ZM4P,2023-02-27
B0BD49ZM4P,2023-03-27
B0BD49ZM4P,2023-04-24
B0BD49ZM4P,2023-05-22
B0BD49ZM4P,2023-06-19
B0BD49ZM4P,2023-07-17
B0BD49ZM4P,2023-08-14
B0BD49ZM4P,2023-09-11
B0BD49ZM4P,2023-10-09
B0BD49ZM4P,2023-11-06
B0BD49ZM4P,2023-12-04
B0BD49ZM4P,2024-01-01
B0BD49ZM4P,2024-01-29
B0BD8QR38M,2023-02-27
B0BD8QR38M,2023-03-27
B0BD8QR38M,2023-04-24
B0BD8QR38M,2023-05-22
B0BD8QR38M,2023-06-19
B0BD8QR38M,2023-07-17
B0BD8QR38M,2023-08-14
B0BD8QR38M,2023-09-11
B0BD8QR38M,2023-10-09
B0BD8QR38M,2023-11-06
B0BD8QR38M,2023-12-04
B0BD8QR38M,2024-01-01
B0BD8QR38M,2024-01-29
B0BDF65HF8,2023-02-27
B0BDF65HF8,2023-03-27
B0BDF65HF8,2023-04-24
B0BDF65HF8,2023-05-22
B0BDF65HF8,2023-06-19
B0BDF65HF8,2023-07-17
B0BDF65HF8,2023-08-14
B0BDF65HF8,2023-09-11
B0BDF65HF8,2023-10-09
B0BDF65HF8,2023-11-06
B0BDF65HF8,2023-12-04
B0BDF65HF8,2024-01-01
B0BDF65HF8,2024-01-29
B0BDLVR5TT,2023-02-27
B0BDLVR5TT,2023-03-27
B0BDLVR5TT,2023-04-24
B0BDLVR5TT,2023-05-22
B0BDLVR5TT,2023-06-19
B0BDLVR5TT,2023-07-17
B0BDLVR5TT,2023-08-14
B0BDLVR5TT,2023-09-11
B0BDLVR5TT,2023-10-09
B0BDLVR5TT,2023-11-06
B0BDLVR5TT,2023-12-04
B0BDLVR5TT,2024-01-01
B0BDLVR5TT,2024-01-29
B0BDRZZZM4,2023-02-27
B0BDRZZZM4,2023-03-27
B0BDRZZZM4,2023-04-24
B0BDRZZZM4,2023-05-22
B0BDRZZZM4,2023-06-19
B0BDRZZZM4,2023-07-17
B0BDRZZZM4,2023-08-14
B0BDRZZZM4,2023-09-11
B0BDRZZZM4,2023-10-09
B0BDRZZZM4,2023-11-06
B0BDRZZZM4,2023-12-04
B0BDRZZZM4,2024-01-01
B0BDRZZZM4,2024-01-29
B0BDT875BB,2023-02-27
B0BDT875BB,2023-03-27
B0BDT875BB,2023-04-24
B0BDT875BB,2023-05-22
B0BDT875BB,2023-06-19
B0BDT875BB,2023-07-17
B0BDT875BB,2023-08-14
B0BDT875BB,2023-09-11
B0BDT875BB,2023-10-09
B0BDT875BB,2023-11-06
B0BDT875BB,2023-12-04
B0BDT875BB,2024-01-01
B0BDT875BB,2024-01-29
B0BDT9YCR1,2023-02-27
B0BDT9YCR1,2023-03-27
B0BDT9YCR1,2023-04-24
B0BDT9YCR1,2023-05-22
B0BDT9YCR1,2023-06-19
B0BDT9YCR1,2023-07-17
B0BDT9YCR1,2023-08-14
B0BDT9YCR1,2023-09-11
B0BDT9YCR1,2023-10-09
B0BDT9YCR1,2023-11-06
B0BDT9YCR1,2023-12-04
B0BDT9YCR1,2024-01-01
B0BDT9YCR1,2024-01-29
B0BDZZ2R26,2023-02-27
B0BDZZ2R26,2023-03-27
B0BDZZ2R26,2023-04-24
B0BDZZ2R26,2023-05-22
B0BDZZ2R26,2023-06-19
B0BDZZ2R26,2023-07-17
B0BDZZ2R26,2023-08-14
B0BDZZ2R26,2023-09-11
B0BDZZ2R26,2023-10-09
B0BDZZ2R26,2023-11-06
B0BDZZ2R26,2023-12-04
B0BDZZ2R26,2024-01-01
B0BDZZ2R26,2024-01-29
B0BF15716F,2023-02-27
B0BF15716F,2023-03-27
B0BF15716F,2023-04-24
B0BF15716F,2023-05-22
B0BF15716F,2023-06-19
B0BF15716F,2023-07-17
B0BF15716F,2023-08-14
B0BF15716F,2023-09-11
B0BF15716F,2023-10-09
B0BF15716F,2023-11-06
B0BF15716F,2023-12-04
B0BF15716F,2024-01-01
B0BF15716F,2024-01-29
B0BF29S6WY,2023-02-27
B0BF29S6WY,2023-03-27
B0BF29S6WY,2023-04-24
B0BF29S6WY,2023-05-22
B0BF29S6WY,2023-06-19
B0BF29S6WY,2023-07-17
B0BF29S6WY,2023-08-14
B0BF29S6WY,2023-09-11
B0BF29S6WY,2023-10-09
B0BF29S6WY,2023-11-06
B0BF29S6WY,2023-12-04
B0BF29S6WY,2024-01-01
B0BF29S6WY,2024-01-29
B0BF2Z21N9,2023-02-27
B0BF2Z21N9,2023-03-27
B0BF2Z21N9,2023-04-24
B0BF2Z21N9,2023-05-22
B0BF2Z21N9,2023-06-19
B0BF2Z21N9,2023-07-17
B0BF2Z21N9,2023-08-14
B0BF2Z21N9,2023-09-11
B0BF2Z21N9,2023-10-09
B0BF2Z21N9,2023-11-06
B0BF2Z21N9,2023-12-04
B0BF2Z21N9,2024-01-01
B0BF2Z21N9,2024-01-29
B0BF5717PK,2023-02-27
B0BF5717PK,2023-03-27
B0BF5717PK,2023-04-24
B0BF5717PK,2023-05-22
B0BF5717PK,2023-06-19
B0BF5717PK,2023-07-17
B0BF5717PK,2023-08-14
B0BF5717PK,2023-09-11
B0BF5717PK,2023-10-09
B0BF5717PK,2023-11-06
B0BF5717PK,2023-12-04
B0BF5717PK,2024-01-01
B0BF5717PK,2024-01-29
B0BF8P39C3,2023-07-17
B0BF8P39C3,2023-08-14
B0BF8P39C3,2023-09-11
B0BF8P39C3,2023-10-09
B0BF8P39C3,2023-11-06
B0BF8P39C3,2023-12-04
B0BF8P39C3,2024-01-01
B0BF8P39C3,2024-01-29
B0BF8PZXCZ,2023-02-27
B0BF8PZXCZ,2023-03-27
B0BF8PZXCZ,2023-04-24
B0BF8PZXCZ,2023-05-22
B0BF8PZXCZ,2023-06-19
B0BF8PZXCZ,2023-07-17
B0BF8PZXCZ,2023-08-14
B0BF8PZXCZ,2023-09-11
B0BF8PZXCZ,2023-10-09
B0BF8PZXCZ,2023-11-06
B0BF8PZXCZ,2023-12-04
B0BF8PZXCZ,2024-01-01
B0BF8PZXCZ,2024-01-29
B0BFBW4JHH,2023-02-27
B0BFBW4JHH,2023-03-27
B0BFBW4JHH,2023-04-24
B0BFBW4JHH,2023-05-22
B0BFBW4JHH,2023-06-19
B0BFBW4JHH,2023-07-17
B0BFBW4JHH,2023-08-14
B0BFBW4JHH,2023-09-11
B0BFBW4JHH,2023-10-09
B0BFBW4JHH,2023-11-06
B0BFBW4JHH,2023-12-04
B0BFBW4JHH,2024-01-01
B0BFBW4JHH,2024-01-29
B0BFDPKCR3,2023-02-27
B0BFDPKCR3,2023-03-27
B0BFDPKCR3,2023-04-24
B0BFDPKCR3,2023-05-22
B0BFDPKCR3,2023-06-19
B0BFDPKCR3,2023-07-17
B0BFDPKCR3,2023-08-14
B0BFDPKCR3,2023-09-11
B0BFDPKCR3,2023-10-09
B0BFDPKCR3,2023-11-06
B0BFDPKCR3,2023-12-04
B0BFDPKCR3,2024-01-01
B0BFDPKCR3,2024-01-29
B0BFDPPMXW,2023-05-22
B0BFDPPMXW,2023-06-19
B0BFDPPMXW,2023-07-17
B0BFDPPMXW,2023-08-14
B0BFDPPMXW,2023-09-11
B0BFDPPMXW,2023-10-09
B0BFDPPMXW,2023-11-06
B0BFDPPMXW,2023-12-04
B0BFDPPMXW,2024-01-01
B0BFDPPMXW,2024-01-29
B0BFG39YBT,2023-02-27
B0BFG39YBT,2023-03-27
B0BFG39YBT,2023-04-24
B0BFG39YBT,2023-05-22
B0BFG39YBT,2023-06-19
B0BFG39YBT,2023-07-17
B0BFG39YBT,2023-08-14
B0BFG39YBT,2023-09-11
B0BFG39YBT,2023-10-09
B0BFG39YBT,2023-11-06
B0BFG39YBT,2023-12-04
B0BFG39YBT,2024-01-01
B0BFG39YBT,2024-01-29
B0BFGJSBKP,2023-02-27
B0BFGJSBKP,2023-03-27
B0BFGJSBKP,2023-04-24
B0BFGJSBKP,2023-05-22
B0BFGJSBKP,2023-06-19
B0BFGJSBKP,2023-07-17
B0BFGJSBKP,2023-08-14
B0BFGJSBKP,2023-09-11
B0BFGJSBKP,2023-10-09
B0BFGJSBKP,2023-11-06
B0BFGJSBKP,2023-12-04
B0BFGJSBKP,2024-01-01
B0BFGJSBKP,2024-01-29
B0BFHHQZNX,2023-02-27
B0BFHHQZNX,2023-03-27
B0BFHHQZNX,2023-04-24
B0BFHHQZNX,2023-05-22
B0BFHHQZNX,2023-06-19
B0BFHHQZNX,2023-07-17
B0BFHHQZNX,2023-08-14
B0BFHHQZNX,2023-09-11
B0BFHHQZNX,2023-10-09
B0BFHHQZNX,2023-11-06
B0BFHHQZNX,2023-12-04
B0BFHHQZNX,2024-01-01
B0BFHHQZNX,2024-01-29
B0BFHWP9ZR,2023-02-27
B0BFHWP9ZR,2023-03-27
B0BFHWP9ZR,2023-04-24
B0BFHWP9ZR,2023-05-22
B0BFHWP9ZR,2023-06-19
B0BFHWP9ZR,2023-07-17
B0BFHWP9ZR,2023-08-14
B0BFHWP9ZR,2023-09-11
B0BFHWP9ZR,2023-10-09
B0BFHWP9ZR,2023-11-06
B0BFHWP9ZR,2023-12-04
B0BFHWP9ZR,2024-01-01
B0BFHWP9ZR,2024-01-29
B0BFM8X6S8,2023-02-27
B0BFM8X6S8,2023-03-27
B0BFM8X6S8,2023-04-24
B0BFM8X6S8,2023-05-22
B0BFM8X6S8,2023-06-19
B0BFM8X6S8,2023-07-17
B0BFM8X6S8,2023-08-14
B0BFM8X6S8,2023-09-11
B0BFM8X6S8,2023-10-09
B0BFM8X6S8,2023-11-06
B0BFM8X6S8,2023-12-04
B0BFM8X6S8,2024-01-01
B0BFM8X6S8,2024-01-29
B0BFM8XHK1,2023-02-27
B0BFM8XHK1,2023-03-27
B0BFM8XHK1,2023-04-24
B0BFM8XHK1,2023-05-22
B0BFM8XHK1,2023-06-19
B0BFM8XHK1,2023-07-17
B0BFM8XHK1,2023-08-14
B0BFM8XHK1,2023-09-11
B0BFM8XHK1,2023-10-09
B0BFM8XHK1,2023-11-06
B0BFM8XHK1,2023-12-04
B0BFM8XHK1,2024-01-01
B0BFM8XHK1,2024-01-29
B0BFM97FSV,2023-10-09
B0BFM97FSV,2023-11-06
B0BFM97FSV,2023-12-04
B0BFM97FSV,2024-01-01
B0BFM97FSV,2024-01-29
B0BFMKV42V,2023-02-27
B0BFMKV42V,2023-03-27
B0BFMKV42V,2023-04-24
B0BFMKV42V,2023-05-22
B0BFMKV42V,2023-06-19
B0BFMKV42V,2023-07-17
B0BFMKV42V,2023-08-14
B0BFMKV42V,2023-09-11
B0BFMKV42V,2023-10-09
B0BFMKV42V,2023-11-06
B0BFMKV42V,2023-12-04
B0BFMKV42V,2024-01-01
B0BFMKV42V,2024-01-29
B0BFN6LDD4,2023-02-27
B0BFN6LDD4,2023-03-27
B0BFN6LDD4,2023-04-24
B0BFN6LDD4,2023-05-22
B0BFN6LDD4,2023-06-19
B0BFN6LDD4,2023-07-17
B0BFN6LDD4,2023-08-14
B0BFN6LDD4,2023-09-11
B0BFN6LDD4,2023-10-09
B0BFN6LDD4,2023-11-06
B0BFN6LDD4,2023-12-04
B0BFN6LDD4,2024-01-01
B0BFN6LDD4,2024-01-29
B0BFQTTP59,2023-02-27
B0BFQTTP59,2023-03-27
B0BFQTTP59,2023-04-24
B0BFQTTP59,2023-05-22
B0BFQTTP59,2023-06-19
B0BFQTTP59,2023-07-17
B0BFQTTP59,2023-08-14
B0BFQTTP59,2023-09-11
B0BFQTTP59,2023-10-09
B0BFQTTP59,2023-11-06
B0BFQTTP59,2023-12-04
B0BFQTTP59,2024-01-01
B0BFQTTP59,2024-01-29
B0BFR9DQ1R,2023-02-27
B0BFR9DQ1R,2023-03-27
B0BFR9DQ1R,2023-04-24
B0BFR9DQ1R,2023-05-22
B0BFR9DQ1R,2023-06-19
B0BFR9DQ1R,2023-07-17
B0BFR9DQ1R,2023-08-14
B0BFR9DQ1R,2023-09-11
B0BFR9DQ1R,2023-10-09
B0BFR9DQ1R,2023-11-06
B0BFR9DQ1R,2023-12-04
B0BFR9DQ1R,2024-01-01
B0BFR9DQ1R,2024-01-29
B0BFWFP65D,2023-04-24
B0BFWFP65D,2023-05-22
B0BFWFP65D,2023-06-19
B0BFWFP65D,2023-07-17
B0BFWFP65D,2023-08-14
B0BFWFP65D,2023-09-11
B0BFWFP65D,2023-10-09
B0BFWFP65D,2023-11-06
B0BFWFP65D,2023-12-04
B0BFWFP65D,2024-01-01
B0BFWFP65D,2024-01-29
B0BFWFTTX8,2023-02-27
B0BFWFTTX8,2023-03-27
B0BFWFTTX8,2023-04-24
B0BFWFTTX8,2023-05-22
B0BFWFTTX8,2023-06-19
B0BFWFTTX8,2023-07-17
B0BFWFTTX8,2023-08-14
B0BFWFTTX8,2023-09-11
B0BFWFTTX8,2023-10-09
B0BFWFTTX8,2023-11-06
B0BFWFTTX8,2023-12-04
B0BFWFTTX8,2024-01-01
B0BFWFTTX8,2024-01-29
B0BFWG86VJ,2023-03-27
B0BFWG86VJ,2023-04-24
B0BFWG86VJ,2023-05-22
B0BFWG86VJ,2023-06-19
B0BFWG86VJ,2023-07-17
B0BFWG86VJ,2023-08-14
B0BFWG86VJ,2023-09-11
B0BFWG86VJ,2023-10-09
B0BFWG86VJ,2023-11-06
B0BFWG86VJ,2023-12-04
B0BFWG86VJ,2024-01-01
B0BFWG86VJ,2024-01-29
B0BFWRG87T,2023-02-27
B0BFWRG87T,2023-03-27
B0BFWRG87T,2023-04-24
B0BFWRG87T,2023-05-22
B0BFWRG87T,2023-06-19
B0BFWRG87T,2023-07-17
B0BFWRG87T,2023-08-14
B0BFWRG87T,2023-09-11
B0BFWRG87T,2023-10-09
B0BFWRG87T,2023-11-06
B0BFWRG87T,2023-12-04
B0BFWRG87T,2024-01-01
B0BFWRG87T,2024-01-29
B0BFWSJ57N,2023-02-27
B0BFWSJ57N,2023-03-27
B0BFWSJ57N,2023-04-24
B0BFWSJ57N,2023-05-22
B0BFWSJ57N,2023-06-19
B0BFWSJ57N,2023-07-17
B0BFWSJ57N,2023-08-14
B0BFWSJ57N,2023-09-11
B0BFWSJ57N,2023-10-09
B0BFWSJ57N,2023-11-06
B0BFWSJ57N,2023-12-04
B0BFWSJ57N,2024-01-01
B0BFWSJ57N,2024-01-29
B0BFWSRJMZ,2023-02-27
B0BFWSRJMZ,2023-03-27
B0BFWSRJMZ,2023-04-24
B0BFWSRJMZ,2023-05-22
B0BFWSRJMZ,2023-06-19
B0BFWSRJMZ,2023-07-17
B0BFWSRJMZ,2023-08-14
B0BFWSRJMZ,2023-09-11
B0BFWSRJMZ,2023-10-09
B0BFWSRJMZ,2023-11-06
B0BFWSRJMZ,2023-12-04
B0BFWSRJMZ,2024-01-01
B0BFWSRJMZ,2024-01-29
B0BFWZWT2T,2023-02-27
B0BFWZWT2T,2023-03-27
B0BFWZWT2T,2023-04-24
B0BFWZWT2T,2023-05-22
B0BFWZWT2T,2023-06-19
B0BFWZWT2T,2023-07-17
B0BFWZWT2T,2023-08-14
B0BFWZWT2T,2023-09-11
B0BFWZWT2T,2023-10-09
B0BFWZWT2T,2023-11-06
B0BFWZWT2T,2023-12-04
B0BFWZWT2T,2024-01-01
B0BFWZWT2T,2024-01-29
B0BG2KFTB8,2023-02-27
B0BG2KFTB8,2023-03-27
B0BG2KFTB8,2023-04-24
B0BG2KFTB8,2023-05-22
B0BG2KFTB8,2023-06-19
B0BG2KFTB8,2023-07-17
B0BG2KFTB8,2023-08-14
B0BG2KFTB8,2023-09-11
B0BG2KFTB8,2023-10-09
B0BG2KFTB8,2023-11-06
B0BG2KFTB8,2023-12-04
B0BG2KFTB8,2024-01-01
B0BG2KFTB8,2024-01-29
B0BG3GHHT1,2023-03-27
B0BG3GHHT1,2023-04-24
B0BG3GHHT1,2023-05-22
B0BG3GHHT1,2023-06-19
B0BG3GHHT1,2023-07-17
B0BG3GHHT1,2023-08-14
B0BG3GHHT1,2023-09-11
B0BG3GHHT1,2023-10-09
B0BG3GHHT1,2023-11-06
B0BG3GHHT1,2023-12-04
B0BG3GHHT1,2024-01-01
B0BG3GHHT1,2024-01-29
B0BG554NLH,2023-02-27
B0BG554NLH,2023-03-27
B0BG554NLH,2023-04-24
B0BG554NLH,2023-05-22
B0BG554NLH,2023-06-19
B0BG554NLH,2023-07-17
B0BG554NLH,2023-08-14
B0BG554NLH,2023-09-11
B0BG554NLH,2023-10-09
B0BG554NLH,2023-11-06
B0BG554NLH,2023-12-04
B0BG554NLH,2024-01-01
B0BG554NLH,2024-01-29
B0BG6D8B8G,2023-06-19
B0BG6D8B8G,2023-07-17
B0BG6D8B8G,2023-08-14
B0BG6D8B8G,2023-09-11
B0BG6D8B8G,2023-10-09
B0BG6D8B8G,2023-11-06
B0BG6D8B8G,2023-12-04
B0BG6D8B8G,2024-01-01
B0BG6D8B8G,2024-01-29
B0BG937KFH,2023-02-27
B0BG937KFH,2023-03-27
B0BG937KFH,2023-04-24
B0BG937KFH,2023-05-22
B0BG937KFH,2023-06-19
B0BG937KFH,2023-07-17
B0BG937KFH,2023-08-14
B0BG937KFH,2023-09-11
B0BG937KFH,2023-10-09
B0BG937KFH,2023-11-06
B0BG937KFH,2023-12-04
B0BG937KFH,2024-01-01
B0BG937KFH,2024-01-29
B0BG937LYY,2023-02-27
B0BG937LYY,2023-03-27
B0BG937LYY,2023-04-24
B0BG937LYY,2023-05-22
B0BG937LYY,2023-06-19
B0BG937LYY,2023-07-17
B0BG937LYY,2023-08-14
B0BG937LYY,2023-09-11
B0BG937LYY,2023-10-09
B0BG937LYY,2023-11-06
B0BG937LYY,2023-12-04
B0BG937LYY,2024-01-01
B0BG937LYY,2024-01-29
B0BG93JRH8,2023-02-27
B0BG93JRH8,2023-03-27
B0BG93JRH8,2023-04-24
B0BG93JRH8,2023-05-22
B0BG93JRH8,2023-06-19
B0BG93JRH8,2023-07-17
B0BG93JRH8,2023-08-14
B0BG93JRH8,2023-09-11
B0BG93JRH8,2023-10-09
B0BG93JRH8,2023-11-06
B0BG93JRH8,2023-12-04
B0BG93JRH8,2024-01-01
B0BG93JRH8,2024-01-29
B0BG9FR2QN,2023-10-09
B0BG9FR2QN,2023-11-06
B0BG9FR2QN,2023-12-04
B0BG9FR2QN,2024-01-01
B0BG9FR2QN,2024-01-29
B0BGBBHZRD,2023-03-27
B0BGBBHZRD,2023-04-24
B0BGBBHZRD,2023-05-22
B0BGBBHZRD,2023-06-19
B0BGBBHZRD,2023-07-17
B0BGBBHZRD,2023-08-14
B0BGBBHZRD,2023-09-11
B0BGBBHZRD,2023-10-09
B0BGBBHZRD,2023-11-06
B0BGBBHZRD,2023-12-04
B0BGBBHZRD,2024-01-01
B0BGBBHZRD,2024-01-29
B0BGCS986P,2023-02-27
B0BGCS986P,2023-03-27
B0BGCS986P,2023-04-24
B0BGCS986P,2023-05-22
B0BGCS986P,2023-06-19
B0BGCS986P,2023-07-17
B0BGCS986P,2023-08-14
B0BGCS986P,2023-09-11
B0BGCS986P,2023-10-09
B0BGCS986P,2023-11-06
B0BGCS986P,2023-12-04
B0BGCS986P,2024-01-01
B0BGCS986P,2024-01-29
B0BGFTBCH5,2023-02-27
B0BGFTBCH5,2023-03-27
B0BGFTBCH5,2023-04-24
B0BGFTBCH5,2023-05-22
B0BGFTBCH5,2023-06-19
B0BGFTBCH5,2023-07-17
B0BGFTBCH5,2023-08-14
B0BGFTBCH5,2023-09-11
B0BGFTBCH5,2023-10-09
B0BGFTBCH5,2023-11-06
B0BGFTBCH5,2023-12-04
B0BGFTBCH5,2024-01-01
B0BGFTBCH5,2024-01-29
B0BGK9YBP3,2023-02-27
B0BGK9YBP3,2023-03-27
B0BGK9YBP3,2023-04-24
B0BGK9YBP3,2023-05-22
B0BGK9YBP3,2023-06-19
B0BGK9YBP3,2023-07-17
B0BGK9YBP3,2023-08-14
B0BGK9YBP3,2023-09-11
B0BGK9YBP3,2023-10-09
B0BGK9YBP3,2023-11-06
B0BGK9YBP3,2023-12-04
B0BGK9YBP3,2024-01-01
B0BGK9YBP3,2024-01-29
B0BGLLN8VW,2023-02-27
B0BGLLN8VW,2023-03-27
B0BGLLN8VW,2023-04-24
B0BGLLN8VW,2023-05-22
B0BGLLN8VW,2023-06-19
B0BGLLN8VW,2023-07-17
B0BGLLN8VW,2023-08-14
B0BGLLN8VW,2023-09-11
B0BGLLN8VW,2023-10-09
B0BGLLN8VW,2023-11-06
B0BGLLN8VW,2023-12-04
B0BGLLN8VW,2024-01-01
B0BGLLN8VW,2024-01-29
B0BGS2FMDG,2023-02-27
B0BGS2FMDG,2023-03-27
B0BGS2FMDG,2023-04-24
B0BGS2FMDG,2023-05-22
B0BGS2FMDG,2023-06-19
B0BGS2FMDG,2023-07-17
B0BGS2FMDG,2023-08-14
B0BGS2FMDG,2023-09-11
B0BGS2FMDG,2023-10-09
B0BGS2FMDG,2023-11-06
B0BGS2FMDG,2023-12-04
B0BGS2FMDG,2024-01-01
B0BGS2FMDG,2024-01-29
B0BGS3DLKK,2023-02-27
B0BGS3DLKK,2023-03-27
B0BGS3DLKK,2023-04-24
B0BGS3DLKK,2023-05-22
B0BGS3DLKK,2023-06-19
B0BGS3DLKK,2023-07-17
B0BGS3DLKK,2023-08-14
B0BGS3DLKK,2023-09-11
B0BGS3DLKK,2023-10-09
B0BGS3DLKK,2023-11-06
B0BGS3DLKK,2023-12-04
B0BGS3DLKK,2024-01-01
B0BGS3DLKK,2024-01-29
B0BGS5PN16,2023-02-27
B0BGS5PN16,2023-03-27
B0BGS5PN16,2023-04-24
B0BGS5PN16,2023-05-22
B0BGS5PN16,2023-06-19
B0BGS5PN16,2023-07-17
B0BGS5PN16,2023-08-14
B0BGS5PN16,2023-09-11
B0BGS5PN16,2023-10-09
B0BGS5PN16,2023-11-06
B0BGS5PN16,2023-12-04
B0BGS5PN16,2024-01-01
B0BGS5PN16,2024-01-29
B0BGT19W6M,2023-02-27
B0BGT19W6M,2023-03-27
B0BGT19W6M,2023-04-24
B0BGT19W6M,2023-05-22
B0BGT19W6M,2023-06-19
B0BGT19W6M,2023-07-17
B0BGT19W6M,2023-08-14
B0BGT19W6M,2023-09-11
B0BGT19W6M,2023-10-09
B0BGT19W6M,2023-11-06
B0BGT19W6M,2023-12-04
B0BGT19W6M,2024-01-01
B0BGT19W6M,2024-01-29
B0BGXSHX56,2023-02-27
B0BGXSHX56,2023-03-27
B0BGXSHX56,2023-04-24
B0BGXSHX56,2023-05-22
B0BGXSHX56,2023-06-19
B0BGXSHX56,2023-07-17
B0BGXSHX56,2023-08-14
B0BGXSHX56,2023-09-11
B0BGXSHX56,2023-10-09
B0BGXSHX56,2023-11-06
B0BGXSHX56,2023-12-04
B0BGXSHX56,2024-01-01
B0BGXSHX56,2024-01-29
B0BGYK42LD,2023-05-22
B0BGYK42LD,2023-06-19
B0BGYK42LD,2023-07-17
B0BGYK42LD,2023-08-14
B0BGYK42LD,2023-09-11
B0BGYK42LD,2023-10-09
B0BGYK42LD,2023-11-06
B0BGYK42LD,2023-12-04
B0BGYK42LD,2024-01-01
B0BGYK42LD,2024-01-29
B0BGYLRRN6,2023-02-27
B0BGYLRRN6,2023-03-27
B0BGYLRRN6,2023-04-24
B0BGYLRRN6,2023-05-22
B0BGYLRRN6,2023-06-19
B0BGYLRRN6,2023-07-17
B0BGYLRRN6,2023-08-14
B0BGYLRRN6,2023-09-11
B0BGYLRRN6,2023-10-09
B0BGYLRRN6,2023-11-06
B0BGYLRRN6,2023-12-04
B0BGYLRRN6,2024-01-01
B0BGYLRRN6,2024-01-29
B0BH3YMDTB,2023-02-27
B0BH3YMDTB,2023-03-27
B0BH3YMDTB,2023-04-24
B0BH3YMDTB,2023-05-22
B0BH3YMDTB,2023-06-19
B0BH3YMDTB,2023-07-17
B0BH3YMDTB,2023-08-14
B0BH3YMDTB,2023-09-11
B0BH3YMDTB,2023-10-09
B0BH3YMDTB,2023-11-06
B0BH3YMDTB,2023-12-04
B0BH3YMDTB,2024-01-01
B0BH3YMDTB,2024-01-29
B0BH7SY7LY,2023-11-06
B0BH7SY7LY,2023-12-04
B0BH7SY7LY,2024-01-01
B0BH7SY7LY,2024-01-29
B0BHFDT5Y7,2023-07-17
B0BHFDT5Y7,2023-08-14
B0BHFDT5Y7,2023-09-11
B0BHFDT5Y7,2023-10-09
B0BHFDT5Y7,2023-11-06
B0BHFDT5Y7,2023-12-04
B0BHFDT5Y7,2024-01-01
B0BHFDT5Y7,2024-01-29
B0BHHW7W5G,2023-02-27
B0BHHW7W5G,2023-03-27
B0BHHW7W5G,2023-04-24
B0BHHW7W5G,2023-05-22
B0BHHW7W5G,2023-06-19
B0BHHW7W5G,2023-07-17
B0BHHW7W5G,2023-08-14
B0BHHW7W5G,2023-09-11
B0BHHW7W5G,2023-10-09
B0BHHW7W5G,2023-11-06
B0BHHW7W5G,2023-12-04
B0BHHW7W5G,2024-01-01
B0BHHW7W5G,2024-01-29
B0BHKX39FH,2023-02-27
B0BHKX39FH,2023-03-27
B0BHKX39FH,2023-04-24
B0BHKX39FH,2023-05-22
B0BHKX39FH,2023-06-19
B0BHKX39FH,2023-07-17
B0BHKX39FH,2023-08-14
B0BHKX39FH,2023-09-11
B0BHKX39FH,2023-10-09
B0BHKX39FH,2023-11-06
B0BHKX39FH,2023-12-04
B0BHKX39FH,2024-01-01
B0BHKX39FH,2024-01-29
B0BHM2QLFJ,2023-02-27
B0BHM2QLFJ,2023-03-27
B0BHM2QLFJ,2023-04-24
B0BHM2QLFJ,2023-05-22
B0BHM2QLFJ,2023-06-19
B0BHM2QLFJ,2023-07-17
B0BHM2QLFJ,2023-08-14
B0BHM2QLFJ,2023-09-11
B0BHM2QLFJ,2023-10-09
B0BHM2QLFJ,2023-11-06
B0BHM2QLFJ,2023-12-04
B0BHM2QLFJ,2024-01-01
B0BHM2QLFJ,2024-01-29
B0BHSX8QJP,2023-02-27
B0BHSX8QJP,2023-03-27
B0BHSX8QJP,2023-04-24
B0BHSX8QJP,2023-05-22
B0BHSX8QJP,2023-06-19
B0BHSX8QJP,2023-07-17
B0BHSX8QJP,2023-08-14
B0BHSX8QJP,2023-09-11
B0BHSX8QJP,2023-10-09
B0BHSX8QJP,2023-11-06
B0BHSX8QJP,2023-12-04
B0BHSX8QJP,2024-01-01
B0BHSX8QJP,2024-01-29
B0BHVDQDF8,2023-02-27
B0BHVDQDF8,2023-03-27
B0BHVDQDF8,2023-04-24
B0BHVDQDF8,2023-05-22
B0BHVDQDF8,2023-06-19
B0BHVDQDF8,2023-07-17
B0BHVDQDF8,2023-08-14
B0BHVDQDF8,2023-09-11
B0BHVDQDF8,2023-10-09
B0BHVDQDF8,2023-11-06
B0BHVDQDF8,2023-12-04
B0BHVDQDF8,2024-01-01
B0BHVDQDF8,2024-01-29
B0BHWSX3DY,2023-02-27
B0BHWSX3DY,2023-03-27
B0BHWSX3DY,2023-04-24
B0BHWSX3DY,2023-05-22
B0BHWSX3DY,2023-06-19
B0BHWSX3DY,2023-07-17
B0BHWSX3DY,2023-08-14
B0BHWSX3DY,2023-09-11
B0BHWSX3DY,2023-10-09
B0BHWSX3DY,2023-11-06
B0BHWSX3DY,2023-12-04
B0BHWSX3DY,2024-01-01
B0BHWSX3DY,2024-01-29
B0BHXRWLMJ,2023-07-17
B0BHXRWLMJ,2023-08-14
B0BHXRWLMJ,2023-09-11
B0BHXRWLMJ,2023-10-09
B0BHXRWLMJ,2023-11-06
B0BHXRWLMJ,2023-12-04
B0BHXRWLMJ,2024-01-01
B0BHXRWLMJ,2024-01-29
B0BHYWSCJ4,2023-03-27
B0BHYWSCJ4,2023-04-24
B0BHYWSCJ4,2023-05-22
B0BHYWSCJ4,2023-06-19
B0BHYWSCJ4,2023-07-17
B0BHYWSCJ4,2023-08-14
B0BHYWSCJ4,2023-09-11
B0BHYWSCJ4,2023-10-09
B0BHYWSCJ4,2023-11-06
B0BHYWSCJ4,2023-12-04
B0BHYWSCJ4,2024-01-01
B0BHYWSCJ4,2024-01-29
B0BHZT23KQ,2023-02-27
B0BHZT23KQ,2023-03-27
B0BHZT23KQ,2023-04-24
B0BHZT23KQ,2023-05-22
B0BHZT23KQ,2023-06-19
B0BHZT23KQ,2023-07-17
B0BHZT23KQ,2023-08-14
B0BHZT23KQ,2023-09-11
B0BHZT23KQ,2023-10-09
B0BHZT23KQ,2023-11-06
B0BHZT23KQ,2023-12-04
B0BHZT23KQ,2024-01-01
B0BHZT23KQ,2024-01-29
B0BHZXYS4P,2023-02-27
B0BHZXYS4P,2023-03-27
B0BHZXYS4P,2023-04-24
B0BHZXYS4P,2023-05-22
B0BHZXYS4P,2023-06-19
B0BHZXYS4P,2023-07-17
B0BHZXYS4P,2023-08-14
B0BHZXYS4P,2023-09-11
B0BHZXYS4P,2023-10-09
B0BHZXYS4P,2023-11-06
B0BHZXYS4P,2023-12-04
B0BHZXYS4P,2024-01-01
B0BHZXYS4P,2024-01-29
B0BHZZBYS4,2023-03-27
B0BHZZBYS4,2023-04-24
B0BHZZBYS4,2023-05-22
B0BHZZBYS4,2023-06-19
B0BHZZBYS4,2023-07-17
B0BHZZBYS4,2023-08-14
B0BHZZBYS4,2023-09-11
B0BHZZBYS4,2023-10-09
B0BHZZBYS4,2023-11-06
B0BHZZBYS4,2023-12-04
B0BHZZBYS4,2024-01-01
B0BHZZBYS4,2024-01-29
B0BJ12FXC8,2023-02-27
B0BJ12FXC8,2023-03-27
B0BJ12FXC8,2023-04-24
B0BJ12FXC8,2023-05-22
B0BJ12FXC8,2023-06-19
B0BJ12FXC8,2023-07-17
B0BJ12FXC8,2023-08-14
B0BJ12FXC8,2023-09-11
B0BJ12FXC8,2023-10-09
B0BJ12FXC8,2023-11-06
B0BJ12FXC8,2023-12-04
B0BJ12FXC8,2024-01-01
B0BJ12FXC8,2024-01-29
B0BJ13ZYJ2,2023-03-27
B0BJ13ZYJ2,2023-04-24
B0BJ13ZYJ2,2023-05-22
B0BJ13ZYJ2,2023-06-19
B0BJ13ZYJ2,2023-07-17
B0BJ13ZYJ2,2023-08-14
B0BJ13ZYJ2,2023-09-11
B0BJ13ZYJ2,2023-10-09
B0BJ13ZYJ2,2023-11-06
B0BJ13ZYJ2,2023-12-04
B0BJ13ZYJ2,2024-01-01
B0BJ13ZYJ2,2024-01-29
B0BJ2Q9Y5P,2023-03-27
B0BJ2Q9Y5P,2023-04-24
B0BJ2Q9Y5P,2023-05-22
B0BJ2Q9Y5P,2023-06-19
B0BJ2Q9Y5P,2023-07-17
B0BJ2Q9Y5P,2023-08-14
B0BJ2Q9Y5P,2023-09-11
B0BJ2Q9Y5P,2023-10-09
B0BJ2Q9Y5P,2023-11-06
B0BJ2Q9Y5P,2023-12-04
B0BJ2Q9Y5P,2024-01-01
B0BJ2Q9Y5P,2024-01-29
B0BJ7T64K2,2023-02-27
B0BJ7T64K2,2023-03-27
B0BJ7T64K2,2023-04-24
B0BJ7T64K2,2023-05-22
B0BJ7T64K2,2023-06-19
B0BJ7T64K2,2023-07-17
B0BJ7T64K2,2023-08-14
B0BJ7T64K2,2023-09-11
B0BJ7T64K2,2023-10-09
B0BJ7T64K2,2023-11-06
B0BJ7T64K2,2023-12-04
B0BJ7T64K2,2024-01-01
B0BJ7T64K2,2024-01-29
B0BJ87LM4R,2023-02-27
B0BJ87LM4R,2023-03-27
B0BJ87LM4R,2023-04-24
B0BJ87LM4R,2023-05-22
B0BJ87LM4R,2023-06-19
B0BJ87LM4R,2023-07-17
B0BJ87LM4R,2023-08-14
B0BJ87LM4R,2023-09-11
B0BJ87LM4R,2023-10-09
B0BJ87LM4R,2023-11-06
B0BJ87LM4R,2023-12-04
B0BJ87LM4R,2024-01-01
B0BJ87LM4R,2024-01-29
B0BJ88G7C1,2023-02-27
B0BJ88G7C1,2023-03-27
B0BJ88G7C1,2023-04-24
B0BJ88G7C1,2023-05-22
B0BJ88G7C1,2023-06-19
B0BJ88G7C1,2023-07-17
B0BJ88G7C1,2023-08-14
B0BJ88G7C1,2023-09-11
B0BJ88G7C1,2023-10-09
B0BJ88G7C1,2023-11-06
B0BJ88G7C1,2023-12-04
B0BJ88G7C1,2024-01-01
B0BJ88G7C1,2024-01-29
B0BJCV1P17,2023-02-27
B0BJCV1P17,2023-03-27
B0BJCV1P17,2023-04-24
B0BJCV1P17,2023-05-22
B0BJCV1P17,2023-06-19
B0BJCV1P17,2023-07-17
B0BJCV1P17,2023-08-14
B0BJCV1P17,2023-09-11
B0BJCV1P17,2023-10-09
B0BJCV1P17,2023-11-06
B0BJCV1P17,2023-12-04
B0BJCV1P17,2024-01-01
B0BJCV1P17,2024-01-29
B0BJDMLMB4,2023-02-27
B0BJDMLMB4,2023-03-27
B0BJDMLMB4,2023-04-24
B0BJDMLMB4,2023-05-22
B0BJDMLMB4,2023-06-19
B0BJDMLMB4,2023-07-17
B0BJDMLMB4,2023-08-14
B0BJDMLMB4,2023-09-11
B0BJDMLMB4,2023-10-09
B0BJDMLMB4,2023-11-06
B0BJDMLMB4,2023-12-04
B0BJDMLMB4,2024-01-01
B0BJDMLMB4,2024-01-29
B0BJPWQPWP,2023-02-27
B0BJPWQPWP,2023-03-27
B0BJPWQPWP,2023-04-24
B0BJPWQPWP,2023-05-22
B0BJPWQPWP,2023-06-19
B0BJPWQPWP,2023-07-17
B0BJPWQPWP,2023-08-14
B0BJPWQPWP,2023-09-11
B0BJPWQPWP,2023-10-09
B0BJPWQPWP,2023-11-06
B0BJPWQPWP,2023-12-04
B0BJPWQPWP,2024-01-01
B0BJPWQPWP,2024-01-29
B0BJV8JH2X,2023-02-27
B0BJV8JH2X,2023-03-27
B0BJV8JH2X,2023-04-24
B0BJV8JH2X,2023-05-22
B0BJV8JH2X,2023-06-19
B0BJV8JH2X,2023-07-17
B0BJV8JH2X,2023-08-14
B0BJV8JH2X,2023-09-11
B0BJV8JH2X,2023-10-09
B0BJV8JH2X,2023-11-06
B0BJV8JH2X,2023-12-04
B0BJV8JH2X,2024-01-01
B0BJV8JH2X,2024-01-29
B0BJVQ9R45,2023-02-27
B0BJVQ9R45,2023-03-27
B0BJVQ9R45,2023-04-24
B0BJVQ9R45,2023-05-22
B0BJVQ9R45,2023-06-19
B0BJVQ9R45,2023-07-17
B0BJVQ9R45,2023-08-14
B0BJVQ9R45,2023-09-11
B0BJVQ9R45,2023-10-09
B0BJVQ9R45,2023-11-06
B0BJVQ9R45,2023-12-04
B0BJVQ9R45,2024-01-01
B0BJVQ9R45,2024-01-29
B0BK1QVV5H,2023-02-27
B0BK1QVV5H,2023-03-27
B0BK1QVV5H,2023-04-24
B0BK1QVV5H,2023-05-22
B0BK1QVV5H,2023-06-19
B0BK1QVV5H,2023-07-17
B0BK1QVV5H,2023-08-14
B0BK1QVV5H,2023-09-11
B0BK1QVV5H,2023-10-09
B0BK1QVV5H,2023-11-06
B0BK1QVV5H,2023-12-04
B0BK1QVV5H,2024-01-01
B0BK1QVV5H,2024-01-29
B0BK1VZQ4J,2023-02-27
B0BK1VZQ4J,2023-03-27
B0BK1VZQ4J,2023-04-24
B0BK1VZQ4J,2023-05-22
B0BK1VZQ4J,2023-06-19
B0BK1VZQ4J,2023-07-17
B0BK1VZQ4J,2023-08-14
B0BK1VZQ4J,2023-09-11
B0BK1VZQ4J,2023-10-09
B0BK1VZQ4J,2023-11-06
B0BK1VZQ4J,2023-12-04
B0BK1VZQ4J,2024-01-01
B0BK1VZQ4J,2024-01-29
B0BK9TDKRX,2023-02-27
B0BK9TDKRX,2023-03-27
B0BK9TDKRX,2023-04-24
B0BK9TDKRX,2023-05-22
B0BK9TDKRX,2023-06-19
B0BK9TDKRX,2023-07-17
B0BK9TDKRX,2023-08-14
B0BK9TDKRX,2023-09-11
B0BK9TDKRX,2023-10-09
B0BK9TDKRX,2023-11-06
B0BK9TDKRX,2023-12-04
B0BK9TDKRX,2024-01-01
B0BK9TDKRX,2024-01-29
B0BKCGS1LG,2023-12-04
B0BKCGS1LG,2024-01-01
B0BKCGS1LG,2024-01-29
B0BKH4B2ZG,2023-07-17
B0BKH4B2ZG,2023-08-14
B0BKH4B2ZG,2023-09-11
B0BKH4B2ZG,2023-10-09
B0BKH4B2ZG,2023-11-06
B0BKH4B2ZG,2023-12-04
B0BKH4B2ZG,2024-01-01
B0BKH4B2ZG,2024-01-29
B0BKJRQZYZ,2023-02-27
B0BKJRQZYZ,2023-03-27
B0BKJRQZYZ,2023-04-24
B0BKJRQZYZ,2023-05-22
B0BKJRQZYZ,2023-06-19
B0BKJRQZYZ,2023-07-17
B0BKJRQZYZ,2023-08-14
B0BKJRQZYZ,2023-09-11
B0BKJRQZYZ,2023-10-09
B0BKJRQZYZ,2023-11-06
B0BKJRQZYZ,2023-12-04
B0BKJRQZYZ,2024-01-01
B0BKJRQZYZ,2024-01-29
B0BKKKTKQN,2023-02-27
B0BKKKTKQN,2023-03-27
B0BKKKTKQN,2023-04-24
B0BKKKTKQN,2023-05-22
B0BKKKTKQN,2023-06-19
B0BKKKTKQN,2023-07-17
B0BKKKTKQN,2023-08-14
B0BKKKTKQN,2023-09-11
B0BKKKTKQN,2023-10-09
B0BKKKTKQN,2023-11-06
B0BKKKTKQN,2023-12-04
B0BKKKTKQN,2024-01-01
B0BKKKTKQN,2024-01-29
B0BKKLTBN1,2023-02-27
B0BKKLTBN1,2023-03-27
B0BKKLTBN1,2023-04-24
B0BKKLTBN1,2023-05-22
B0BKKLTBN1,2023-06-19
B0BKKLTBN1,2023-07-17
B0BKKLTBN1,2023-08-14
B0BKKLTBN1,2023-09-11
B0BKKLTBN1,2023-10-09
B0BKKLTBN1,2023-11-06
B0BKKLTBN1,2023-12-04
B0BKKLTBN1,2024-01-01
B0BKKLTBN1,2024-01-29
B0BKKM2BHP,2023-02-27
B0BKKM2BHP,2023-03-27
B0BKKM2BHP,2023-04-24
B0BKKM2BHP,2023-05-22
B0BKKM2BHP,2023-06-19
B0BKKM2BHP,2023-07-17
B0BKKM2BHP,2023-08-14
B0BKKM2BHP,2023-09-11
B0BKKM2BHP,2023-10-09
B0BKKM2BHP,2023-11-06
B0BKKM2BHP,2023-12-04
B0BKKM2BHP,2024-01-01
B0BKKM2BHP,2024-01-29
B0BKL6BP5L,2023-02-27
B0BKL6BP5L,2023-03-27
B0BKL6BP5L,2023-04-24
B0BKL6BP5L,2023-05-22
B0BKL6BP5L,2023-06-19
B0BKL6BP5L,2023-07-17
B0BKL6BP5L,2023-08-14
B0BKL6BP5L,2023-09-11
B0BKL6BP5L,2023-10-09
B0BKL6BP5L,2023-11-06
B0BKL6BP5L,2023-12-04
B0BKL6BP5L,2024-01-01
B0BKL6BP5L,2024-01-29
B0BKLCHDN4,2023-02-27
B0BKLCHDN4,2023-03-27
B0BKLCHDN4,2023-04-24
B0BKLCHDN4,2023-05-22
B0BKLCHDN4,2023-06-19
B0BKLCHDN4,2023-07-17
B0BKLCHDN4,2023-08-14
B0BKLCHDN4,2023-09-11
B0BKLCHDN4,2023-10-09
B0BKLCHDN4,2023-11-06
B0BKLCHDN4,2023-12-04
B0BKLCHDN4,2024-01-01
B0BKLCHDN4,2024-01-29
B0BKLD99TF,2023-02-27
B0BKLD99TF,2023-03-27
B0BKLD99TF,2023-04-24
B0BKLD99TF,2023-05-22
B0BKLD99TF,2023-06-19
B0BKLD99TF,2023-07-17
B0BKLD99TF,2023-08-14
B0BKLD99TF,2023-09-11
B0BKLD99TF,2023-10-09
B0BKLD99TF,2023-11-06
B0BKLD99TF,2023-12-04
B0BKLD99TF,2024-01-01
B0BKLD99TF,2024-01-29
B0BKLDC3Q7,2023-02-27
B0BKLDC3Q7,2023-03-27
B0BKLDC3Q7,2023-04-24
B0BKLDC3Q7,2023-05-22
B0BKLDC3Q7,2023-06-19
B0BKLDC3Q7,2023-07-17
B0BKLDC3Q7,2023-08-14
B0BKLDC3Q7,2023-09-11
B0BKLDC3Q7,2023-10-09
B0BKLDC3Q7,2023-11-06
B0BKLDC3Q7,2023-12-04
B0BKLDC3Q7,2024-01-01
B0BKLDC3Q7,2024-01-29
B0BKLG99XC,2023-02-27
B0BKLG99XC,2023-03-27
B0BKLG99XC,2023-04-24
B0BKLG99XC,2023-05-22
B0BKLG99XC,2023-06-19
B0BKLG99XC,2023-07-17
B0BKLG99XC,2023-08-14
B0BKLG99XC,2023-09-11
B0BKLG99XC,2023-10-09
B0BKLG99XC,2023-11-06
B0BKLG99XC,2023-12-04
B0BKLG99XC,2024-01-01
B0BKLG99XC,2024-01-29
B0BKLQX96W,2023-10-09
B0BKLQX96W,2023-11-06
B0BKLQX96W,2023-12-04
B0BKLQX96W,2024-01-01
B0BKLQX96W,2024-01-29
B0BKP5R6RY,2023-02-27
B0BKP5R6RY,2023-03-27
B0BKP5R6RY,2023-04-24
B0BKP5R6RY,2023-05-22
B0BKP5R6RY,2023-06-19
B0BKP5R6RY,2023-07-17
B0BKP5R6RY,2023-08-14
B0BKP5R6RY,2023-09-11
B0BKP5R6RY,2023-10-09
B0BKP5R6RY,2023-11-06
B0BKP5R6RY,2023-12-04
B0BKP5R6RY,2024-01-01
B0BKP5R6RY,2024-01-29
B0BKRNKVQF,2023-02-27
B0BKRNKVQF,2023-03-27
B0BKRNKVQF,2023-04-24
B0BKRNKVQF,2023-05-22
B0BKRNKVQF,2023-06-19
B0BKRNKVQF,2023-07-17
B0BKRNKVQF,2023-08-14
B0BKRNKVQF,2023-09-11
B0BKRNKVQF,2023-10-09
B0BKRNKVQF,2023-11-06
B0BKRNKVQF,2023-12-04
B0BKRNKVQF,2024-01-01
B0BKRNKVQF,2024-01-29
B0BKTWWTYZ,2023-12-04
B0BKTWWTYZ,2024-01-01
B0BKTWWTYZ,2024-01-29
B0BKYBLZ3N,2023-02-27
B0BKYBLZ3N,2023-03-27
B0BKYBLZ3N,2023-04-24
B0BKYBLZ3N,2023-05-22
B0BKYBLZ3N,2023-06-19
B0BKYBLZ3N,2023-07-17
B0BKYBLZ3N,2023-08-14
B0BKYBLZ3N,2023-09-11
B0BKYBLZ3N,2023-10-09
B0BKYBLZ3N,2023-11-06
B0BKYBLZ3N,2023-12-04
B0BKYBLZ3N,2024-01-01
B0BKYBLZ3N,2024-01-29
B0BKZL2Z55,2023-03-27
B0BKZL2Z55,2023-04-24
B0BKZL2Z55,2023-05-22
B0BKZL2Z55,2023-06-19
B0BKZL2Z55,2023-07-17
B0BKZL2Z55,2023-08-14
B0BKZL2Z55,2023-09-11
B0BKZL2Z55,2023-10-09
B0BKZL2Z55,2023-11-06
B0BKZL2Z55,2023-12-04
B0BKZL2Z55,2024-01-01
B0BKZL2Z55,2024-01-29
B0BKZS8TDH,2023-04-24
B0BKZS8TDH,2023-05-22
B0BKZS8TDH,2023-06-19
B0BKZS8TDH,2023-07-17
B0BKZS8TDH,2023-08-14
B0BKZS8TDH,2023-09-11
B0BKZS8TDH,2023-10-09
B0BKZS8TDH,2023-11-06
B0BKZS8TDH,2023-12-04
B0BKZS8TDH,2024-01-01
B0BKZS8TDH,2024-01-29
B0BKZSXZNB,2023-04-24
B0BKZSXZNB,2023-05-22
B0BKZSXZNB,2023-06-19
B0BKZSXZNB,2023-07-17
B0BKZSXZNB,2023-08-14
B0BKZSXZNB,2023-09-11
B0BKZSXZNB,2023-10-09
B0BKZSXZNB,2023-11-06
B0BKZSXZNB,2023-12-04
B0BKZSXZNB,2024-01-01
B0BKZSXZNB,2024-01-29
B0BL1XKHHL,2023-04-24
B0BL1XKHHL,2023-05-22
B0BL1XKHHL,2023-06-19
B0BL1XKHHL,2023-07-17
B0BL1XKHHL,2023-08-14
B0BL1XKHHL,2023-09-11
B0BL1XKHHL,2023-10-09
B0BL1XKHHL,2023-11-06
B0BL1XKHHL,2023-12-04
B0BL1XKHHL,2024-01-01
B0BL1XKHHL,2024-01-29
B0BL1ZZ2DX,2023-02-27
B0BL1ZZ2DX,2023-03-27
B0BL1ZZ2DX,2023-04-24
B0BL1ZZ2DX,2023-05-22
B0BL1ZZ2DX,2023-06-19
B0BL1ZZ2DX,2023-07-17
B0BL1ZZ2DX,2023-08-14
B0BL1ZZ2DX,2023-09-11
B0BL1ZZ2DX,2023-10-09
B0BL1ZZ2DX,2023-11-06
B0BL1ZZ2DX,2023-12-04
B0BL1ZZ2DX,2024-01-01
B0BL1ZZ2DX,2024-01-29
B0BLB7BGVC,2023-04-24
B0BLB7BGVC,2023-05-22
B0BLB7BGVC,2023-06-19
B0BLB7BGVC,2023-07-17
B0BLB7BGVC,2023-08-14
B0BLB7BGVC,2023-09-11
B0BLB7BGVC,2023-10-09
B0BLB7BGVC,2023-11-06
B0BLB7BGVC,2023-12-04
B0BLB7BGVC,2024-01-01
B0BLB7BGVC,2024-01-29
B0BLBSNDG9,2023-05-22
B0BLBSNDG9,2023-06-19
B0BLBSNDG9,2023-07-17
B0BLBSNDG9,2023-08-14
B0BLBSNDG9,2023-09-11
B0BLBSNDG9,2023-10-09
B0BLBSNDG9,2023-11-06
B0BLBSNDG9,2023-12-04
B0BLBSNDG9,2024-01-01
B0BLBSNDG9,2024-01-29
B0BLD35MJ5,2023-07-17
B0BLD35MJ5,2023-08-14
B0BLD35MJ5,2023-09-11
B0BLD35MJ5,2023-10-09
B0BLD35MJ5,2023-11-06
B0BLD35MJ5,2023-12-04
B0BLD35MJ5,2024-01-01
B0BLD35MJ5,2024-01-29
B0BLH8N7Z5,2023-10-09
B0BLH8N7Z5,2023-11-06
B0BLH8N7Z5,2023-12-04
B0BLH8N7Z5,2024-01-01
B0BLH8N7Z5,2024-01-29
B0BLJ5GK5X,2023-02-27
B0BLJ5GK5X,2023-03-27
B0BLJ5GK5X,2023-04-24
B0BLJ5GK5X,2023-05-22
B0BLJ5GK5X,2023-06-19
B0BLJ5GK5X,2023-07-17
B0BLJ5GK5X,2023-08-14
B0BLJ5GK5X,2023-09-11
B0BLJ5GK5X,2023-10-09
B0BLJ5GK5X,2023-11-06
B0BLJ5GK5X,2023-12-04
B0BLJ5GK5X,2024-01-01
B0BLJ5GK5X,2024-01-29
B0BLJTBTD3,2023-07-17
B0BLJTBTD3,2023-08-14
B0BLJTBTD3,2023-09-11
B0BLJTBTD3,2023-10-09
B0BLJTBTD3,2023-11-06
B0BLJTBTD3,2023-12-04
B0BLJTBTD3,2024-01-01
B0BLJTBTD3,2024-01-29
B0BLSYX7ZM,2023-05-22
B0BLSYX7ZM,2023-06-19
B0BLSYX7ZM,2023-07-17
B0BLSYX7ZM,2023-08-14
B0BLSYX7ZM,2023-09-11
B0BLSYX7ZM,2023-10-09
B0BLSYX7ZM,2023-11-06
B0BLSYX7ZM,2023-12-04
B0BLSYX7ZM,2024-01-01
B0BLSYX7ZM,2024-01-29
B0BLTYVPMY,2023-02-27
B0BLTYVPMY,2023-03-27
B0BLTYVPMY,2023-04-24
B0BLTYVPMY,2023-05-22
B0BLTYVPMY,2023-06-19
B0BLTYVPMY,2023-07-17
B0BLTYVPMY,2023-08-14
B0BLTYVPMY,2023-09-11
B0BLTYVPMY,2023-10-09
B0BLTYVPMY,2023-11-06
B0BLTYVPMY,2023-12-04
B0BLTYVPMY,2024-01-01
B0BLTYVPMY,2024-01-29
B0BLW377CN,2023-02-27
B0BLW377CN,2023-03-27
B0BLW377CN,2023-04-24
B0BLW377CN,2023-05-22
B0BLW377CN,2023-06-19
B0BLW377CN,2023-07-17
B0BLW377CN,2023-08-14
B0BLW377CN,2023-09-11
B0BLW377CN,2023-10-09
B0BLW377CN,2023-11-06
B0BLW377CN,2023-12-04
B0BLW377CN,2024-01-01
B0BLW377CN,2024-01-29
B0BLYV3BDH,2023-06-19
B0BLYV3BDH,2023-07-17
B0BLYV3BDH,2023-08-14
B0BLYV3BDH,2023-09-11
B0BLYV3BDH,2023-10-09
B0BLYV3BDH,2023-11-06
B0BLYV3BDH,2023-12-04
B0BLYV3BDH,2024-01-01
B0BLYV3BDH,2024-01-29
B0BLZ7ZLWV,2023-04-24
B0BLZ7ZLWV,2023-05-22
B0BLZ7ZLWV,2023-06-19
B0BLZ7ZLWV,2023-07-17
B0BLZ7ZLWV,2023-08-14
B0BLZ7ZLWV,2023-09-11
B0BLZ7ZLWV,2023-10-09
B0BLZ7ZLWV,2023-11-06
B0BLZ7ZLWV,2023-12-04
B0BLZ7ZLWV,2024-01-01
B0BLZ7ZLWV,2024-01-29
B0BLZQ5JVB,2023-02-27
B0BLZQ5JVB,2023-03-27
B0BLZQ5JVB,2023-04-24
B0BLZQ5JVB,2023-05-22
B0BLZQ5JVB,2023-06-19
B0BLZQ5JVB,2023-07-17
B0BLZQ5JVB,2023-08-14
B0BLZQ5JVB,2023-09-11
B0BLZQ5JVB,2023-10-09
B0BLZQ5JVB,2023-11-06
B0BLZQ5JVB,2023-12-04
B0BLZQ5JVB,2024-01-01
B0BLZQ5JVB,2024-01-29
B0BM4BLPSN,2023-05-22
B0BM4BLPSN,2023-06-19
B0BM4BLPSN,2023-07-17
B0BM4BLPSN,2023-08-14
B0BM4BLPSN,2023-09-11
B0BM4BLPSN,2023-10-09
B0BM4BLPSN,2023-11-06
B0BM4BLPSN,2023-12-04
B0BM4BLPSN,2024-01-01
B0BM4BLPSN,2024-01-29
B0BM4KH4LW,2023-02-27
B0BM4KH4LW,2023-03-27
B0BM4KH4LW,2023-04-24
B0BM4KH4LW,2023-05-22
B0BM4KH4LW,2023-06-19
B0BM4KH4LW,2023-07-17
B0BM4KH4LW,2023-08-14
B0BM4KH4LW,2023-09-11
B0BM4KH4LW,2023-10-09
B0BM4KH4LW,2023-11-06
B0BM4KH4LW,2023-12-04
B0BM4KH4LW,2024-01-01
B0BM4KH4LW,2024-01-29
B0BM4RQXLV,2023-04-24
B0BM4RQXLV,2023-05-22
B0BM4RQXLV,2023-06-19
B0BM4RQXLV,2023-07-17
B0BM4RQXLV,2023-08-14
B0BM4RQXLV,2023-09-11
B0BM4RQXLV,2023-10-09
B0BM4RQXLV,2023-11-06
B0BM4RQXLV,2023-12-04
B0BM4RQXLV,2024-01-01
B0BM4RQXLV,2024-01-29
B0BM8C17YJ,2023-03-27
B0BM8C17YJ,2023-04-24
B0BM8C17YJ,2023-05-22
B0BM8C17YJ,2023-06-19
B0BM8C17YJ,2023-07-17
B0BM8C17YJ,2023-08-14
B0BM8C17YJ,2023-09-11
B0BM8C17YJ,2023-10-09
B0BM8C17YJ,2023-11-06
B0BM8C17YJ,2023-12-04
B0BM8C17YJ,2024-01-01
B0BM8C17YJ,2024-01-29
B0BM8DXNS8,2023-02-27
B0BM8DXNS8,2023-03-27
B0BM8DXNS8,2023-04-24
B0BM8DXNS8,2023-05-22
B0BM8DXNS8,2023-06-19
B0BM8DXNS8,2023-07-17
B0BM8DXNS8,2023-08-14
B0BM8DXNS8,2023-09-11
B0BM8DXNS8,2023-10-09
B0BM8DXNS8,2023-11-06
B0BM8DXNS8,2023-12-04
B0BM8DXNS8,2024-01-01
B0BM8DXNS8,2024-01-29
B0BMKV193L,2023-07-17
B0BMKV193L,2023-08-14
B0BMKV193L,2023-09-11
B0BMKV193L,2023-10-09
B0BMKV193L,2023-11-06
B0BMKV193L,2023-12-04
B0BMKV193L,2024-01-01
B0BMKV193L,2024-01-29
B0BMLHQT9P,2023-02-27
B0BMLHQT9P,2023-03-27
B0BMLHQT9P,2023-04-24
B0BMLHQT9P,2023-05-22
B0BMLHQT9P,2023-06-19
B0BMLHQT9P,2023-07-17
B0BMLHQT9P,2023-08-14
B0BMLHQT9P,2023-09-11
B0BMLHQT9P,2023-10-09
B0BMLHQT9P,2023-11-06
B0BMLHQT9P,2023-12-04
B0BMLHQT9P,2024-01-01
B0BMLHQT9P,2024-01-29
B0BMLZZF7D,2023-03-27
B0BMLZZF7D,2023-04-24
B0BMLZZF7D,2023-05-22
B0BMLZZF7D,2023-06-19
B0BMLZZF7D,2023-07-17
B0BMLZZF7D,2023-08-14
B0BMLZZF7D,2023-09-11
B0BMLZZF7D,2023-10-09
B0BMLZZF7D,2023-11-06
B0BMLZZF7D,2023-12-04
B0BMLZZF7D,2024-01-01
B0BMLZZF7D,2024-01-29
B0BMRXGCV6,2023-02-27
B0BMRXGCV6,2023-03-27
B0BMRXGCV6,2023-04-24
B0BMRXGCV6,2023-05-22
B0BMRXGCV6,2023-06-19
B0BMRXGCV6,2023-07-17
B0BMRXGCV6,2023-08-14
B0BMRXGCV6,2023-09-11
B0BMRXGCV6,2023-10-09
B0BMRXGCV6,2023-11-06
B0BMRXGCV6,2023-12-04
B0BMRXGCV6,2024-01-01
B0BMRXGCV6,2024-01-29
B0BMTHT2SX,2023-05-22
B0BMTHT2SX,2023-06-19
B0BMTHT2SX,2023-07-17
B0BMTHT2SX,2023-08-14
B0BMTHT2SX,2023-09-11
B0BMTHT2SX,2023-10-09
B0BMTHT2SX,2023-11-06
B0BMTHT2SX,2023-12-04
B0BMTHT2SX,2024-01-01
B0BMTHT2SX,2024-01-29
B0BMVCPL4H,2023-03-27
B0BMVCPL4H,2023-04-24
B0BMVCPL4H,2023-05-22
B0BMVCPL4H,2023-06-19
B0BMVCPL4H,2023-07-17
B0BMVCPL4H,2023-08-14
B0BMVCPL4H,2023-09-11
B0BMVCPL4H,2023-10-09
B0BMVCPL4H,2023-11-06
B0BMVCPL4H,2023-12-04
B0BMVCPL4H,2024-01-01
B0BMVCPL4H,2024-01-29
B0BMVHCCRY,2023-04-24
B0BMVHCCRY,2023-05-22
B0BMVHCCRY,2023-06-19
B0BMVHCCRY,2023-07-17
B0BMVHCCRY,2023-08-14
B0BMVHCCRY,2023-09-11
B0BMVHCCRY,2023-10-09
B0BMVHCCRY,2023-11-06
B0BMVHCCRY,2023-12-04
B0BMVHCCRY,2024-01-01
B0BMVHCCRY,2024-01-29
B0BMVNCZ86,2023-03-27
B0BMVNCZ86,2023-04-24
B0BMVNCZ86,2023-05-22
B0BMVNCZ86,2023-06-19
B0BMVNCZ86,2023-07-17
B0BMVNCZ86,2023-08-14
B0BMVNCZ86,2023-09-11
B0BMVNCZ86,2023-10-09
B0BMVNCZ86,2023-11-06
B0BMVNCZ86,2023-12-04
B0BMVNCZ86,2024-01-01
B0BMVNCZ86,2024-01-29
B0BMWG1246,2023-02-27
B0BMWG1246,2023-03-27
B0BMWG1246,2023-04-24
B0BMWG1246,2023-05-22
B0BMWG1246,2023-06-19
B0BMWG1246,2023-07-17
B0BMWG1246,2023-08-14
B0BMWG1246,2023-09-11
B0BMWG1246,2023-10-09
B0BMWG1246,2023-11-06
B0BMWG1246,2023-12-04
B0BMWG1246,2024-01-01
B0BMWG1246,2024-01-29
B0BMWHQDR6,2023-02-27
B0BMWHQDR6,2023-03-27
B0BMWHQDR6,2023-04-24
B0BMWHQDR6,2023-05-22
B0BMWHQDR6,2023-06-19
B0BMWHQDR6,2023-07-17
B0BMWHQDR6,2023-08-14
B0BMWHQDR6,2023-09-11
B0BMWHQDR6,2023-10-09
B0BMWHQDR6,2023-11-06
B0BMWHQDR6,2023-12-04
B0BMWHQDR6,2024-01-01
B0BMWHQDR6,2024-01-29
B0BMX7X2H5,2023-03-27
B0BMX7X2H5,2023-04-24
B0BMX7X2H5,2023-05-22
B0BMX7X2H5,2023-06-19
B0BMX7X2H5,2023-07-17
B0BMX7X2H5,2023-08-14
B0BMX7X2H5,2023-09-11
B0BMX7X2H5,2023-10-09
B0BMX7X2H5,2023-11-06
B0BMX7X2H5,2023-12-04
B0BMX7X2H5,2024-01-01
B0BMX7X2H5,2024-01-29
B0BMXMMKRH,2023-03-27
B0BMXMMKRH,2023-04-24
B0BMXMMKRH,2023-05-22
B0BMXMMKRH,2023-06-19
B0BMXMMKRH,2023-07-17
B0BMXMMKRH,2023-08-14
B0BMXMMKRH,2023-09-11
B0BMXMMKRH,2023-10-09
B0BMXMMKRH,2023-11-06
B0BMXMMKRH,2023-12-04
B0BMXMMKRH,2024-01-01
B0BMXMMKRH,2024-01-29
B0BMXNXCR8,2023-02-27
B0BMXNXCR8,2023-03-27
B0BMXNXCR8,2023-04-24
B0BMXNXCR8,2023-05-22
B0BMXNXCR8,2023-06-19
B0BMXNXCR8,2023-07-17
B0BMXNXCR8,2023-08-14
B0BMXNXCR8,2023-09-11
B0BMXNXCR8,2023-10-09
B0BMXNXCR8,2023-11-06
B0BMXNXCR8,2023-12-04
B0BMXNXCR8,2024-01-01
B0BMXNXCR8,2024-01-29
B0BN14PHCW,2023-09-11
B0BN14PHCW,2023-10-09
B0BN14PHCW,2023-11-06
B0BN14PHCW,2023-12-04
B0BN14PHCW,2024-01-01
B0BN14PHCW,2024-01-29
B0BN154W57,2023-09-11
B0BN154W57,2023-10-09
B0BN154W57,2023-11-06
B0BN154W57,2023-12-04
B0BN154W57,2024-01-01
B0BN154W57,2024-01-29
B0BN1Y33LH,2023-02-27
B0BN1Y33LH,2023-03-27
B0BN1Y33LH,2023-04-24
B0BN1Y33LH,2023-05-22
B0BN1Y33LH,2023-06-19
B0BN1Y33LH,2023-07-17
B0BN1Y33LH,2023-08-14
B0BN1Y33LH,2023-09-11
B0BN1Y33LH,2023-10-09
B0BN1Y33LH,2023-11-06
B0BN1Y33LH,2023-12-04
B0BN1Y33LH,2024-01-01
B0BN1Y33LH,2024-01-29
B0BN2ZH8BP,2023-05-22
B0BN2ZH8BP,2023-06-19
B0BN2ZH8BP,2023-07-17
B0BN2ZH8BP,2023-08-14
B0BN2ZH8BP,2023-09-11
B0BN2ZH8BP,2023-10-09
B0BN2ZH8BP,2023-11-06
B0BN2ZH8BP,2023-12-04
B0BN2ZH8BP,2024-01-01
B0BN2ZH8BP,2024-01-29
B0BN42K7HV,2023-05-22
B0BN42K7HV,2023-06-19
B0BN42K7HV,2023-07-17
B0BN42K7HV,2023-08-14
B0BN42K7HV,2023-09-11
B0BN42K7HV,2023-10-09
B0BN42K7HV,2023-11-06
B0BN42K7HV,2023-12-04
B0BN42K7HV,2024-01-01
B0BN42K7HV,2024-01-29
B0BN4QD2SV,2023-07-17
B0BN4QD2SV,2023-08-14
B0BN4QD2SV,2023-09-11
B0BN4QD2SV,2023-10-09
B0BN4QD2SV,2023-11-06
B0BN4QD2SV,2023-12-04
B0BN4QD2SV,2024-01-01
B0BN4QD2SV,2024-01-29
B0BN4R5Z1N,2023-07-17
B0BN4R5Z1N,2023-08-14
B0BN4R5Z1N,2023-09-11
B0BN4R5Z1N,2023-10-09
B0BN4R5Z1N,2023-11-06
B0BN4R5Z1N,2023-12-04
B0BN4R5Z1N,2024-01-01
B0BN4R5Z1N,2024-01-29
B0BN4S16T2,2023-07-17
B0BN4S16T2,2023-08-14
B0BN4S16T2,2023-09-11
B0BN4S16T2,2023-10-09
B0BN4S16T2,2023-11-06
B0BN4S16T2,2023-12-04
B0BN4S16T2,2024-01-01
B0BN4S16T2,2024-01-29
B0BN4V1ZVC,2023-07-17
B0BN4V1ZVC,2023-08-14
B0BN4V1ZVC,2023-09-11
B0BN4V1ZVC,2023-10-09
B0BN4V1ZVC,2023-11-06
B0BN4V1ZVC,2023-12-04
B0BN4V1ZVC,2024-01-01
B0BN4V1ZVC,2024-01-29
B0BN54KFCN,2023-10-09
B0BN54KFCN,2023-11-06
B0BN54KFCN,2023-12-04
B0BN54KFCN,2024-01-01
B0BN54KFCN,2024-01-29
B0BN56CYBF,2023-02-27
B0BN56CYBF,2023-03-27
B0BN56CYBF,2023-04-24
B0BN56CYBF,2023-05-22
B0BN56CYBF,2023-06-19
B0BN56CYBF,2023-07-17
B0BN56CYBF,2023-08-14
B0BN56CYBF,2023-09-11
B0BN56CYBF,2023-10-09
B0BN56CYBF,2023-11-06
B0BN56CYBF,2023-12-04
B0BN56CYBF,2024-01-01
B0BN56CYBF,2024-01-29
B0BN6FKCHD,2023-02-27
B0BN6FKCHD,2023-03-27
B0BN6FKCHD,2023-04-24
B0BN6FKCHD,2023-05-22
B0BN6FKCHD,2023-06-19
B0BN6FKCHD,2023-07-17
B0BN6FKCHD,2023-08-14
B0BN6FKCHD,2023-09-11
B0BN6FKCHD,2023-10-09
B0BN6FKCHD,2023-11-06
B0BN6FKCHD,2023-12-04
B0BN6FKCHD,2024-01-01
B0BN6FKCHD,2024-01-29
B0BN6W7KP7,2023-07-17
B0BN6W7KP7,2023-08-14
B0BN6W7KP7,2023-09-11
B0BN6W7KP7,2023-10-09
B0BN6W7KP7,2023-11-06
B0BN6W7KP7,2023-12-04
B0BN6W7KP7,2024-01-01
B0BN6W7KP7,2024-01-29
B0BN6WDZ7W,2023-02-27
B0BN6WDZ7W,2023-03-27
B0BN6WDZ7W,2023-04-24
B0BN6WDZ7W,2023-05-22
B0BN6WDZ7W,2023-06-19
B0BN6WDZ7W,2023-07-17
B0BN6WDZ7W,2023-08-14
B0BN6WDZ7W,2023-09-11
B0BN6WDZ7W,2023-10-09
B0BN6WDZ7W,2023-11-06
B0BN6WDZ7W,2023-12-04
B0BN6WDZ7W,2024-01-01
B0BN6WDZ7W,2024-01-29
B0BN6XC36S,2023-02-27
B0BN6XC36S,2023-03-27
B0BN6XC36S,2023-04-24
B0BN6XC36S,2023-05-22
B0BN6XC36S,2023-06-19
B0BN6XC36S,2023-07-17
B0BN6XC36S,2023-08-14
B0BN6XC36S,2023-09-11
B0BN6XC36S,2023-10-09
B0BN6XC36S,2023-11-06
B0BN6XC36S,2023-12-04
B0BN6XC36S,2024-01-01
B0BN6XC36S,2024-01-29
B0BN8CQCCT,2023-03-27
B0BN8CQCCT,2023-04-24
B0BN8CQCCT,2023-05-22
B0BN8CQCCT,2023-06-19
B0BN8CQCCT,2023-07-17
B0BN8CQCCT,2023-08-14
B0BN8CQCCT,2023-09-11
B0BN8CQCCT,2023-10-09
B0BN8CQCCT,2023-11-06
B0BN8CQCCT,2023-12-04
B0BN8CQCCT,2024-01-01
B0BN8CQCCT,2024-01-29
B0BNHYDX5H,2023-02-27
B0BNHYDX5H,2023-03-27
B0BNHYDX5H,2023-04-24
B0BNHYDX5H,2023-05-22
B0BNHYDX5H,2023-06-19
B0BNHYDX5H,2023-07-17
B0BNHYDX5H,2023-08-14
B0BNHYDX5H,2023-09-11
B0BNHYDX5H,2023-10-09
B0BNHYDX5H,2023-11-06
B0BNHYDX5H,2023-12-04
B0BNHYDX5H,2024-01-01
B0BNHYDX5H,2024-01-29
B0BNJ4D6TS,2023-03-27
B0BNJ4D6TS,2023-04-24
B0BNJ4D6TS,2023-05-22
B0BNJ4D6TS,2023-06-19
B0BNJ4D6TS,2023-07-17
B0BNJ4D6TS,2023-08-14
B0BNJ4D6TS,2023-09-11
B0BNJ4D6TS,2023-10-09
B0BNJ4D6TS,2023-11-06
B0BNJ4D6TS,2023-12-04
B0BNJ4D6TS,2024-01-01
B0BNJ4D6TS,2024-01-29
B0BNKH3X4W,2023-06-19
B0BNKH3X4W,2023-07-17
B0BNKH3X4W,2023-08-14
B0BNKH3X4W,2023-09-11
B0BNKH3X4W,2023-10-09
B0BNKH3X4W,2023-11-06
B0BNKH3X4W,2023-12-04
B0BNKH3X4W,2024-01-01
B0BNKH3X4W,2024-01-29
B0BNL3BJPS,2023-03-27
B0BNL3BJPS,2023-04-24
B0BNL3BJPS,2023-05-22
B0BNL3BJPS,2023-06-19
B0BNL3BJPS,2023-07-17
B0BNL3BJPS,2023-08-14
B0BNL3BJPS,2023-09-11
B0BNL3BJPS,2023-10-09
B0BNL3BJPS,2023-11-06
B0BNL3BJPS,2023-12-04
B0BNL3BJPS,2024-01-01
B0BNL3BJPS,2024-01-29
B0BNLWFPDZ,2023-07-17
B0BNLWFPDZ,2023-08-14
B0BNLWFPDZ,2023-09-11
B0BNLWFPDZ,2023-10-09
B0BNLWFPDZ,2023-11-06
B0BNLWFPDZ,2023-12-04
B0BNLWFPDZ,2024-01-01
B0BNLWFPDZ,2024-01-29
B0BNLX8H8N,2023-04-24
B0BNLX8H8N,2023-05-22
B0BNLX8H8N,2023-06-19
B0BNLX8H8N,2023-07-17
B0BNLX8H8N,2023-08-14
B0BNLX8H8N,2023-09-11
B0BNLX8H8N,2023-10-09
B0BNLX8H8N,2023-11-06
B0BNLX8H8N,2023-12-04
B0BNLX8H8N,2024-01-01
B0BNLX8H8N,2024-01-29
B0BNLY2KLD,2023-10-09
B0BNLY2KLD,2023-11-06
B0BNLY2KLD,2023-12-04
B0BNLY2KLD,2024-01-01
B0BNLY2KLD,2024-01-29
B0BNLZ53QZ,2024-01-29
B0BNM9L1KQ,2023-04-24
B0BNM9L1KQ,2023-05-22
B0BNM9L1KQ,2023-06-19
B0BNM9L1KQ,2023-07-17
B0BNM9L1KQ,2023-08-14
B0BNM9L1KQ,2023-09-11
B0BNM9L1KQ,2023-10-09
B0BNM9L1KQ,2023-11-06
B0BNM9L1KQ,2023-12-04
B0BNM9L1KQ,2024-01-01
B0BNM9L1KQ,2024-01-29
B0BNNPFJPW,2023-02-27
B0BNNPFJPW,2023-03-27
B0BNNPFJPW,2023-04-24
B0BNNPFJPW,2023-05-22
B0BNNPFJPW,2023-06-19
B0BNNPFJPW,2023-07-17
B0BNNPFJPW,2023-08-14
B0BNNPFJPW,2023-09-11
B0BNNPFJPW,2023-10-09
B0BNNPFJPW,2023-11-06
B0BNNPFJPW,2023-12-04
B0BNNPFJPW,2024-01-01
B0BNNPFJPW,2024-01-29
B0BNP3CG3N,2023-04-24
B0BNP3CG3N,2023-05-22
B0BNP3CG3N,2023-06-19
B0BNP3CG3N,2023-07-17
B0BNP3CG3N,2023-08-14
B0BNP3CG3N,2023-09-11
B0BNP3CG3N,2023-10-09
B0BNP3CG3N,2023-11-06
B0BNP3CG3N,2023-12-04
B0BNP3CG3N,2024-01-01
B0BNP3CG3N,2024-01-29
B0BNPJN383,2023-06-19
B0BNPJN383,2023-07-17
B0BNPJN383,2023-08-14
B0BNPJN383,2023-09-11
B0BNPJN383,2023-10-09
B0BNPJN383,2023-11-06
B0BNPJN383,2023-12-04
B0BNPJN383,2024-01-01
B0BNPJN383,2024-01-29
B0BNPJSKXJ,2023-04-24
B0BNPJSKXJ,2023-05-22
B0BNPJSKXJ,2023-06-19
B0BNPJSKXJ,2023-07-17
B0BNPJSKXJ,2023-08-14
B0BNPJSKXJ,2023-09-11
B0BNPJSKXJ,2023-10-09
B0BNPJSKXJ,2023-11-06
B0BNPJSKXJ,2023-12-04
B0BNPJSKXJ,2024-01-01
B0BNPJSKXJ,2024-01-29
B0BNQXJMCF,2023-02-27
B0BNQXJMCF,2023-03-27
B0BNQXJMCF,2023-04-24
B0BNQXJMCF,2023-05-22
B0BNQXJMCF,2023-06-19
B0BNQXJMCF,2023-07-17
B0BNQXJMCF,2023-08-14
B0BNQXJMCF,2023-09-11
B0BNQXJMCF,2023-10-09
B0BNQXJMCF,2023-11-06
B0BNQXJMCF,2023-12-04
B0BNQXJMCF,2024-01-01
B0BNQXJMCF,2024-01-29
B0BNT7564D,2023-04-24
B0BNT7564D,2023-05-22
B0BNT7564D,2023-06-19
B0BNT7564D,2023-07-17
B0BNT7564D,2023-08-14
B0BNT7564D,2023-09-11
B0BNT7564D,2023-10-09
B0BNT7564D,2023-11-06
B0BNT7564D,2023-12-04
B0BNT7564D,2024-01-01
B0BNT7564D,2024-01-29
B0BNTF9JCJ,2023-02-27
B0BNTF9JCJ,2023-03-27
B0BNTF9JCJ,2023-04-24
B0BNTF9JCJ,2023-05-22
B0BNTF9JCJ,2023-06-19
B0BNTF9JCJ,2023-07-17
B0BNTF9JCJ,2023-08-14
B0BNTF9JCJ,2023-09-11
B0BNTF9JCJ,2023-10-09
B0BNTF9JCJ,2023-11-06
B0BNTF9JCJ,2023-12-04
B0BNTF9JCJ,2024-01-01
B0BNTF9JCJ,2024-01-29
B0BP69NRY3,2023-06-19
B0BP69NRY3,2023-07-17
B0BP69NRY3,2023-08-14
B0BP69NRY3,2023-09-11
B0BP69NRY3,2023-10-09
B0BP69NRY3,2023-11-06
B0BP69NRY3,2023-12-04
B0BP69NRY3,2024-01-01
B0BP69NRY3,2024-01-29
B0BP6C2ZQM,2023-05-22
B0BP6C2ZQM,2023-06-19
B0BP6C2ZQM,2023-07-17
B0BP6C2ZQM,2023-08-14
B0BP6C2ZQM,2023-09-11
B0BP6C2ZQM,2023-10-09
B0BP6C2ZQM,2023-11-06
B0BP6C2ZQM,2023-12-04
B0BP6C2ZQM,2024-01-01
B0BP6C2ZQM,2024-01-29
B0BP6F1C4S,2023-03-27
B0BP6F1C4S,2023-04-24
B0BP6F1C4S,2023-05-22
B0BP6F1C4S,2023-06-19
B0BP6F1C4S,2023-07-17
B0BP6F1C4S,2023-08-14
B0BP6F1C4S,2023-09-11
B0BP6F1C4S,2023-10-09
B0BP6F1C4S,2023-11-06
B0BP6F1C4S,2023-12-04
B0BP6F1C4S,2024-01-01
B0BP6F1C4S,2024-01-29
B0BP6GLBGY,2023-08-14
B0BP6GLBGY,2023-09-11
B0BP6GLBGY,2023-10-09
B0BP6GLBGY,2023-11-06
B0BP6GLBGY,2023-12-04
B0BP6GLBGY,2024-01-01
B0BP6GLBGY,2024-01-29
B0BP6KRXJT,2023-05-22
B0BP6KRXJT,2023-06-19
B0BP6KRXJT,2023-07-17
B0BP6KRXJT,2023-08-14
B0BP6KRXJT,2023-09-11
B0BP6KRXJT,2023-10-09
B0BP6KRXJT,2023-11-06
B0BP6KRXJT,2023-12-04
B0BP6KRXJT,2024-01-01
B0BP6KRXJT,2024-01-29
B0BP6LG3T2,2023-08-14
B0BP6LG3T2,2023-09-11
B0BP6LG3T2,2023-10-09
B0BP6LG3T2,2023-11-06
B0BP6LG3T2,2023-12-04
B0BP6LG3T2,2024-01-01
B0BP6LG3T2,2024-01-29
B0BP6SJYGC,2023-05-22
B0BP6SJYGC,2023-06-19
B0BP6SJYGC,2023-07-17
B0BP6SJYGC,2023-08-14
B0BP6SJYGC,2023-09-11
B0BP6SJYGC,2023-10-09
B0BP6SJYGC,2023-11-06
B0BP6SJYGC,2023-12-04
B0BP6SJYGC,2024-01-01
B0BP6SJYGC,2024-01-29
B0BP6WW5L5,2023-05-22
B0BP6WW5L5,2023-06-19
B0BP6WW5L5,2023-07-17
B0BP6WW5L5,2023-08-14
B0BP6WW5L5,2023-09-11
B0BP6WW5L5,2023-10-09
B0BP6WW5L5,2023-11-06
B0BP6WW5L5,2023-12-04
B0BP6WW5L5,2024-01-01
B0BP6WW5L5,2024-01-29
B0BP7LP3F6,2023-04-24
B0BP7LP3F6,2023-05-22
B0BP7LP3F6,2023-06-19
B0BP7LP3F6,2023-07-17
B0BP7LP3F6,2023-08-14
B0BP7LP3F6,2023-09-11
B0BP7LP3F6,2023-10-09
B0BP7LP3F6,2023-11-06
B0BP7LP3F6,2023-12-04
B0BP7LP3F6,2024-01-01
B0BP7LP3F6,2024-01-29
B0BP7Q8FJZ,2023-04-24
B0BP7Q8FJZ,2023-05-22
B0BP7Q8FJZ,2023-06-19
B0BP7Q8FJZ,2023-07-17
B0BP7Q8FJZ,2023-08-14
B0BP7Q8FJZ,2023-09-11
B0BP7Q8FJZ,2023-10-09
B0BP7Q8FJZ,2023-11-06
B0BP7Q8FJZ,2023-12-04
B0BP7Q8FJZ,2024-01-01
B0BP7Q8FJZ,2024-01-29
B0BP9THVNS,2023-12-04
B0BP9THVNS,2024-01-01
B0BP9THVNS,2024-01-29
B0BPC82VC3,2023-08-14
B0BPC82VC3,2023-09-11
B0BPC82VC3,2023-10-09
B0BPC82VC3,2023-11-06
B0BPC82VC3,2023-12-04
B0BPC82VC3,2024-01-01
B0BPC82VC3,2024-01-29
B0BPC8L2D8,2023-08-14
B0BPC8L2D8,2023-09-11
B0BPC8L2D8,2023-10-09
B0BPC8L2D8,2023-11-06
B0BPC8L2D8,2023-12-04
B0BPC8L2D8,2024-01-01
B0BPC8L2D8,2024-01-29
B0BPC8P12B,2023-08-14
B0BPC8P12B,2023-09-11
B0BPC8P12B,2023-10-09
B0BPC8P12B,2023-11-06
B0BPC8P12B,2023-12-04
B0BPC8P12B,2024-01-01
B0BPC8P12B,2024-01-29
B0BPC8ZGVM,2023-08-14
B0BPC8ZGVM,2023-09-11
B0BPC8ZGVM,2023-10-09
B0BPC8ZGVM,2023-11-06
B0BPC8ZGVM,2023-12-04
B0BPC8ZGVM,2024-01-01
B0BPC8ZGVM,2024-01-29
B0BPCK9MZW,2023-08-14
B0BPCK9MZW,2023-09-11
B0BPCK9MZW,2023-10-09
B0BPCK9MZW,2023-11-06
B0BPCK9MZW,2023-12-04
B0BPCK9MZW,2024-01-01
B0BPCK9MZW,2024-01-29
B0BPCW8NZM,2023-08-14
B0BPCW8NZM,2023-09-11
B0BPCW8NZM,2023-10-09
B0BPCW8NZM,2023-11-06
B0BPCW8NZM,2023-12-04
B0BPCW8NZM,2024-01-01
B0BPCW8NZM,2024-01-29
B0BPGGXW9D,2023-02-27
B0BPGGXW9D,2023-03-27
B0BPGGXW9D,2023-04-24
B0BPGGXW9D,2023-05-22
B0BPGGXW9D,2023-06-19
B0BPGGXW9D,2023-07-17
B0BPGGXW9D,2023-08-14
B0BPGGXW9D,2023-09-11
B0BPGGXW9D,2023-10-09
B0BPGGXW9D,2023-11-06
B0BPGGXW9D,2023-12-04
B0BPGGXW9D,2024-01-01
B0BPGGXW9D,2024-01-29
B0BPH8LFML,2023-02-27
B0BPH8LFML,2023-03-27
B0BPH8LFML,2023-04-24
B0BPH8LFML,2023-05-22
B0BPH8LFML,2023-06-19
B0BPH8LFML,2023-07-17
B0BPH8LFML,2023-08-14
B0BPH8LFML,2023-09-11
B0BPH8LFML,2023-10-09
B0BPH8LFML,2023-11-06
B0BPH8LFML,2023-12-04
B0BPH8LFML,2024-01-01
B0BPH8LFML,2024-01-29
B0BPLZVSC4,2023-03-27
B0BPLZVSC4,2023-04-24
B0BPLZVSC4,2023-05-22
B0BPLZVSC4,2023-06-19
B0BPLZVSC4,2023-07-17
B0BPLZVSC4,2023-08-14
B0BPLZVSC4,2023-09-11
B0BPLZVSC4,2023-10-09
B0BPLZVSC4,2023-11-06
B0BPLZVSC4,2023-12-04
B0BPLZVSC4,2024-01-01
B0BPLZVSC4,2024-01-29
B0BPN2JWF2,2023-04-24
B0BPN2JWF2,2023-05-22
B0BPN2JWF2,2023-06-19
B0BPN2JWF2,2023-07-17
B0BPN2JWF2,2023-08-14
B0BPN2JWF2,2023-09-11
B0BPN2JWF2,2023-10-09
B0BPN2JWF2,2023-11-06
B0BPN2JWF2,2023-12-04
B0BPN2JWF2,2024-01-01
B0BPN2JWF2,2024-01-29
B0BPN86SWM,2023-05-22
B0BPN86SWM,2023-06-19
B0BPN86SWM,2023-07-17
B0BPN86SWM,2023-08-14
B0BPN86SWM,2023-09-11
B0BPN86SWM,2023-10-09
B0BPN86SWM,2023-11-06
B0BPN86SWM,2023-12-04
B0BPN86SWM,2024-01-01
B0BPN86SWM,2024-01-29
B0BPNTHGQS,2023-04-24
B0BPNTHGQS,2023-05-22
B0BPNTHGQS,2023-06-19
B0BPNTHGQS,2023-07-17
B0BPNTHGQS,2023-08-14
B0BPNTHGQS,2023-09-11
B0BPNTHGQS,2023-10-09
B0BPNTHGQS,2023-11-06
B0BPNTHGQS,2023-12-04
B0BPNTHGQS,2024-01-01
B0BPNTHGQS,2024-01-29
B0BPPSQDWF,2023-06-19
B0BPPSQDWF,2023-07-17
B0BPPSQDWF,2023-08-14
B0BPPSQDWF,2023-09-11
B0BPPSQDWF,2023-10-09
B0BPPSQDWF,2023-11-06
B0BPPSQDWF,2023-12-04
B0BPPSQDWF,2024-01-01
B0BPPSQDWF,2024-01-29
B0BPQRLB8L,2023-06-19
B0BPQRLB8L,2023-07-17
B0BPQRLB8L,2023-08-14
B0BPQRLB8L,2023-09-11
B0BPQRLB8L,2023-10-09
B0BPQRLB8L,2023-11-06
B0BPQRLB8L,2023-12-04
B0BPQRLB8L,2024-01-01
B0BPQRLB8L,2024-01-29
B0BPQVNL5L,2023-06-19
B0BPQVNL5L,2023-07-17
B0BPQVNL5L,2023-08-14
B0BPQVNL5L,2023-09-11
B0BPQVNL5L,2023-10-09
B0BPQVNL5L,2023-11-06
B0BPQVNL5L,2023-12-04
B0BPQVNL5L,2024-01-01
B0BPQVNL5L,2024-01-29
B0BPQW57G4,2023-03-27
B0BPQW57G4,2023-04-24
B0BPQW57G4,2023-05-22
B0BPQW57G4,2023-06-19
B0BPQW57G4,2023-07-17
B0BPQW57G4,2023-08-14
B0BPQW57G4,2023-09-11
B0BPQW57G4,2023-10-09
B0BPQW57G4,2023-11-06
B0BPQW57G4,2023-12-04
B0BPQW57G4,2024-01-01
B0BPQW57G4,2024-01-29
B0BPS6VBX5,2023-02-27
B0BPS6VBX5,2023-03-27
B0BPS6VBX5,2023-04-24
B0BPS6VBX5,2023-05-22
B0BPS6VBX5,2023-06-19
B0BPS6VBX5,2023-07-17
B0BPS6VBX5,2023-08-14
B0BPS6VBX5,2023-09-11
B0BPS6VBX5,2023-10-09
B0BPS6VBX5,2023-11-06
B0BPS6VBX5,2023-12-04
B0BPS6VBX5,2024-01-01
B0BPS6VBX5,2024-01-29
B0BPS8T6VH,2023-04-24
B0BPS8T6VH,2023-05-22
B0BPS8T6VH,2023-06-19
B0BPS8T6VH,2023-07-17
B0BPS8T6VH,2023-08-14
B0BPS8T6VH,2023-09-11
B0BPS8T6VH,2023-10-09
B0BPS8T6VH,2023-11-06
B0BPS8T6VH,2023-12-04
B0BPS8T6VH,2024-01-01
B0BPS8T6VH,2024-01-29
B0BQ1SZPFX,2023-04-24
B0BQ1SZPFX,2023-05-22
B0BQ1SZPFX,2023-06-19
B0BQ1SZPFX,2023-07-17
B0BQ1SZPFX,2023-08-14
B0BQ1SZPFX,2023-09-11
B0BQ1SZPFX,2023-10-09
B0BQ1SZPFX,2023-11-06
B0BQ1SZPFX,2023-12-04
B0BQ1SZPFX,2024-01-01
B0BQ1SZPFX,2024-01-29
B0BQ22F3SS,2023-02-27
B0BQ22F3SS,2023-03-27
B0BQ22F3SS,2023-04-24
B0BQ22F3SS,2023-05-22
B0BQ22F3SS,2023-06-19
B0BQ22F3SS,2023-07-17
B0BQ22F3SS,2023-08-14
B0BQ22F3SS,2023-09-11
B0BQ22F3SS,2023-10-09
B0BQ22F3SS,2023-11-06
B0BQ22F3SS,2023-12-04
B0BQ22F3SS,2024-01-01
B0BQ22F3SS,2024-01-29
B0BQ245Z63,2023-04-24
B0BQ245Z63,2023-05-22
B0BQ245Z63,2023-06-19
B0BQ245Z63,2023-07-17
B0BQ245Z63,2023-08-14
B0BQ245Z63,2023-09-11
B0BQ245Z63,2023-10-09
B0BQ245Z63,2023-11-06
B0BQ245Z63,2023-12-04
B0BQ245Z63,2024-01-01
B0BQ245Z63,2024-01-29
B0BQ25VWJ6,2023-06-19
B0BQ25VWJ6,2023-07-17
B0BQ25VWJ6,2023-08-14
B0BQ25VWJ6,2023-09-11
B0BQ25VWJ6,2023-10-09
B0BQ25VWJ6,2023-11-06
B0BQ25VWJ6,2023-12-04
B0BQ25VWJ6,2024-01-01
B0BQ25VWJ6,2024-01-29
B0BQ2DZD54,2023-02-27
B0BQ2DZD54,2023-03-27
B0BQ2DZD54,2023-04-24
B0BQ2DZD54,2023-05-22
B0BQ2DZD54,2023-06-19
B0BQ2DZD54,2023-07-17
B0BQ2DZD54,2023-08-14
B0BQ2DZD54,2023-09-11
B0BQ2DZD54,2023-10-09
B0BQ2DZD54,2023-11-06
B0BQ2DZD54,2023-12-04
B0BQ2DZD54,2024-01-01
B0BQ2DZD54,2024-01-29
B0BQ2STW8Q,2023-12-04
B0BQ2STW8Q,2024-01-01
B0BQ2STW8Q,2024-01-29
B0BQ2X6KVJ,2023-02-27
B0BQ2X6KVJ,2023-03-27
B0BQ2X6KVJ,2023-04-24
B0BQ2X6KVJ,2023-05-22
B0BQ2X6KVJ,2023-06-19
B0BQ2X6KVJ,2023-07-17
B0BQ2X6KVJ,2023-08-14
B0BQ2X6KVJ,2023-09-11
B0BQ2X6KVJ,2023-10-09
B0BQ2X6KVJ,2023-11-06
B0BQ2X6KVJ,2023-12-04
B0BQ2X6KVJ,2024-01-01
B0BQ2X6KVJ,2024-01-29
B0BQ34RKRN,2023-03-27
B0BQ34RKRN,2023-04-24
B0BQ34RKRN,2023-05-22
B0BQ34RKRN,2023-06-19
B0BQ34RKRN,2023-07-17
B0BQ34RKRN,2023-08-14
B0BQ34RKRN,2023-09-11
B0BQ34RKRN,2023-10-09
B0BQ34RKRN,2023-11-06
B0BQ34RKRN,2023-12-04
B0BQ34RKRN,2024-01-01
B0BQ34RKRN,2024-01-29
B0BQ6ZZFXK,2023-05-22
B0BQ6ZZFXK,2023-06-19
B0BQ6ZZFXK,2023-07-17
B0BQ6ZZFXK,2023-08-14
B0BQ6ZZFXK,2023-09-11
B0BQ6ZZFXK,2023-10-09
B0BQ6ZZFXK,2023-11-06
B0BQ6ZZFXK,2023-12-04
B0BQ6ZZFXK,2024-01-01
B0BQ6ZZFXK,2024-01-29
B0BQ72C6LX,2023-08-14
B0BQ72C6LX,2023-09-11
B0BQ72C6LX,2023-10-09
B0BQ72C6LX,2023-11-06
B0BQ72C6LX,2023-12-04
B0BQ72C6LX,2024-01-01
B0BQ72C6LX,2024-01-29
B0BQ7LCCV8,2023-08-14
B0BQ7LCCV8,2023-09-11
B0BQ7LCCV8,2023-10-09
B0BQ7LCCV8,2023-11-06
B0BQ7LCCV8,2023-12-04
B0BQ7LCCV8,2024-01-01
B0BQ7LCCV8,2024-01-29
B0BQBKDRCH,2023-09-11
B0BQBKDRCH,2023-10-09
B0BQBKDRCH,2023-11-06
B0BQBKDRCH,2023-12-04
B0BQBKDRCH,2024-01-01
B0BQBKDRCH,2024-01-29
B0BQBKVCQJ,2023-03-27
B0BQBKVCQJ,2023-04-24
B0BQBKVCQJ,2023-05-22
B0BQBKVCQJ,2023-06-19
B0BQBKVCQJ,2023-07-17
B0BQBKVCQJ,2023-08-14
B0BQBKVCQJ,2023-09-11
B0BQBKVCQJ,2023-10-09
B0BQBKVCQJ,2023-11-06
B0BQBKVCQJ,2023-12-04
B0BQBKVCQJ,2024-01-01
B0BQBKVCQJ,2024-01-29
B0BQC15GC3,2023-05-22
B0BQC15GC3,2023-06-19
B0BQC15GC3,2023-07-17
B0BQC15GC3,2023-08-14
B0BQC15GC3,2023-09-11
B0BQC15GC3,2023-10-09
B0BQC15GC3,2023-11-06
B0BQC15GC3,2023-12-04
B0BQC15GC3,2024-01-01
B0BQC15GC3,2024-01-29
B0BQCFXWFN,2023-02-27
B0BQCFXWFN,2023-03-27
B0BQCFXWFN,2023-04-24
B0BQCFXWFN,2023-05-22
B0BQCFXWFN,2023-06-19
B0BQCFXWFN,2023-07-17
B0BQCFXWFN,2023-08-14
B0BQCFXWFN,2023-09-11
B0BQCFXWFN,2023-10-09
B0BQCFXWFN,2023-11-06
B0BQCFXWFN,2023-12-04
B0BQCFXWFN,2024-01-01
B0BQCFXWFN,2024-01-29
B0BQGTNV2J,2023-04-24
B0BQGTNV2J,2023-05-22
B0BQGTNV2J,2023-06-19
B0BQGTNV2J,2023-07-17
B0BQGTNV2J,2023-08-14
B0BQGTNV2J,2023-09-11
B0BQGTNV2J,2023-10-09
B0BQGTNV2J,2023-11-06
B0BQGTNV2J,2023-12-04
B0BQGTNV2J,2024-01-01
B0BQGTNV2J,2024-01-29
B0BQHFWMZ4,2023-04-24
B0BQHFWMZ4,2023-05-22
B0BQHFWMZ4,2023-06-19
B0BQHFWMZ4,2023-07-17
B0BQHFWMZ4,2023-08-14
B0BQHFWMZ4,2023-09-11
B0BQHFWMZ4,2023-10-09
B0BQHFWMZ4,2023-11-06
B0BQHFWMZ4,2023-12-04
B0BQHFWMZ4,2024-01-01
B0BQHFWMZ4,2024-01-29
B0BQHML8YL,2023-03-27
B0BQHML8YL,2023-04-24
B0BQHML8YL,2023-05-22
B0BQHML8YL,2023-06-19
B0BQHML8YL,2023-07-17
B0BQHML8YL,2023-08-14
B0BQHML8YL,2023-09-11
B0BQHML8YL,2023-10-09
B0BQHML8YL,2023-11-06
B0BQHML8YL,2023-12-04
B0BQHML8YL,2024-01-01
B0BQHML8YL,2024-01-29
B0BQMM8Z4F,2024-01-01
B0BQMM8Z4F,2024-01-29
B0BQPB75YV,2023-10-09
B0BQPB75YV,2023-11-06
B0BQPB75YV,2023-12-04
B0BQPB75YV,2024-01-01
B0BQPB75YV,2024-01-29
B0BQQBMQKM,2023-04-24
B0BQQBMQKM,2023-05-22
B0BQQBMQKM,2023-06-19
B0BQQBMQKM,2023-07-17
B0BQQBMQKM,2023-08-14
B0BQQBMQKM,2023-09-11
B0BQQBMQKM,2023-10-09
B0BQQBMQKM,2023-11-06
B0BQQBMQKM,2023-12-04
B0BQQBMQKM,2024-01-01
B0BQQBMQKM,2024-01-29
B0BQVPZYLD,2023-09-11
B0BQVPZYLD,2023-10-09
B0BQVPZYLD,2023-11-06
B0BQVPZYLD,2023-12-04
B0BQVPZYLD,2024-01-01
B0BQVPZYLD,2024-01-29
B0BQVVBFSB,2023-10-09
B0BQVVBFSB,2023-11-06
B0BQVVBFSB,2023-12-04
B0BQVVBFSB,2024-01-01
B0BQVVBFSB,2024-01-29
B0BQW19JFX,2023-09-11
B0BQW19JFX,2023-10-09
B0BQW19JFX,2023-11-06
B0BQW19JFX,2023-12-04
B0BQW19JFX,2024-01-01
B0BQW19JFX,2024-01-29
B0BQW2V4TK,2023-09-11
B0BQW2V4TK,2023-10-09
B0BQW2V4TK,2023-11-06
B0BQW2V4TK,2023-12-04
B0BQW2V4TK,2024-01-01
B0BQW2V4TK,2024-01-29
B0BQWCNS1X,2023-09-11
B0BQWCNS1X,2023-10-09
B0BQWCNS1X,2023-11-06
B0BQWCNS1X,2023-12-04
B0BQWCNS1X,2024-01-01
B0BQWCNS1X,2024-01-29
B0BQWD1X62,2023-04-24
B0BQWD1X62,2023-05-22
B0BQWD1X62,2023-06-19
B0BQWD1X62,2023-07-17
B0BQWD1X62,2023-08-14
B0BQWD1X62,2023-09-11
B0BQWD1X62,2023-10-09
B0BQWD1X62,2023-11-06
B0BQWD1X62,2023-12-04
B0BQWD1X62,2024-01-01
B0BQWD1X62,2024-01-29
B0BQWJ9RN8,2023-10-09
B0BQWJ9RN8,2023-11-06
B0BQWJ9RN8,2023-12-04
B0BQWJ9RN8,2024-01-01
B0BQWJ9RN8,2024-01-29
B0BQWW24FJ,2023-06-19
B0BQWW24FJ,2023-07-17
B0BQWW24FJ,2023-08-14
B0BQWW24FJ,2023-09-11
B0BQWW24FJ,2023-10-09
B0BQWW24FJ,2023-11-06
B0BQWW24FJ,2023-12-04
B0BQWW24FJ,2024-01-01
B0BQWW24FJ,2024-01-29
B0BQZLDTMC,2023-06-19
B0BQZLDTMC,2023-07-17
B0BQZLDTMC,2023-08-14
B0BQZLDTMC,2023-09-11
B0BQZLDTMC,2023-10-09
B0BQZLDTMC,2023-11-06
B0BQZLDTMC,2023-12-04
B0BQZLDTMC,2024-01-01
B0BQZLDTMC,2024-01-29
B0BR4NKR3H,2023-08-14
B0BR4NKR3H,2023-09-11
B0BR4NKR3H,2023-10-09
B0BR4NKR3H,2023-11-06
B0BR4NKR3H,2023-12-04
B0BR4NKR3H,2024-01-01
B0BR4NKR3H,2024-01-29
B0BR4QN6C8,2023-12-04
B0BR4QN6C8,2024-01-01
B0BR4QN6C8,2024-01-29
B0BR4R7TGS,2023-06-19
B0BR4R7TGS,2023-07-17
B0BR4R7TGS,2023-08-14
B0BR4R7TGS,2023-09-11
B0BR4R7TGS,2023-10-09
B0BR4R7TGS,2023-11-06
B0BR4R7TGS,2023-12-04
B0BR4R7TGS,2024-01-01
B0BR4R7TGS,2024-01-29
B0BR4RHVM4,2023-09-11
B0BR4RHVM4,2023-10-09
B0BR4RHVM4,2023-11-06
B0BR4RHVM4,2023-12-04
B0BR4RHVM4,2024-01-01
B0BR4RHVM4,2024-01-29
B0BR4RLWCV,2023-10-09
B0BR4RLWCV,2023-11-06
B0BR4RLWCV,2023-12-04
B0BR4RLWCV,2024-01-01
B0BR4RLWCV,2024-01-29
B0BR4RSTH4,2024-01-01
B0BR4RSTH4,2024-01-29
B0BR5HCRJ5,2023-05-22
B0BR5HCRJ5,2023-06-19
B0BR5HCRJ5,2023-07-17
B0BR5HCRJ5,2023-08-14
B0BR5HCRJ5,2023-09-11
B0BR5HCRJ5,2023-10-09
B0BR5HCRJ5,2023-11-06
B0BR5HCRJ5,2023-12-04
B0BR5HCRJ5,2024-01-01
B0BR5HCRJ5,2024-01-29
B0BR6Z8THW,2023-05-22
B0BR6Z8THW,2023-06-19
B0BR6Z8THW,2023-07-17
B0BR6Z8THW,2023-08-14
B0BR6Z8THW,2023-09-11
B0BR6Z8THW,2023-10-09
B0BR6Z8THW,2023-11-06
B0BR6Z8THW,2023-12-04
B0BR6Z8THW,2024-01-01
B0BR6Z8THW,2024-01-29
B0BR85PVY3,2023-04-24
B0BR85PVY3,2023-05-22
B0BR85PVY3,2023-06-19
B0BR85PVY3,2023-07-17
B0BR85PVY3,2023-08-14
B0BR85PVY3,2023-09-11
B0BR85PVY3,2023-10-09
B0BR85PVY3,2023-11-06
B0BR85PVY3,2023-12-04
B0BR85PVY3,2024-01-01
B0BR85PVY3,2024-01-29
B0BR8L3KCK,2023-06-19
B0BR8L3KCK,2023-07-17
B0BR8L3KCK,2023-08-14
B0BR8L3KCK,2023-09-11
B0BR8L3KCK,2023-10-09
B0BR8L3KCK,2023-11-06
B0BR8L3KCK,2023-12-04
B0BR8L3KCK,2024-01-01
B0BR8L3KCK,2024-01-29
B0BR9S895P,2023-03-27
B0BR9S895P,2023-04-24
B0BR9S895P,2023-05-22
B0BR9S895P,2023-06-19
B0BR9S895P,2023-07-17
B0BR9S895P,2023-08-14
B0BR9S895P,2023-09-11
B0BR9S895P,2023-10-09
B0BR9S895P,2023-11-06
B0BR9S895P,2023-12-04
B0BR9S895P,2024-01-01
B0BR9S895P,2024-01-29
B0BR9T7C5C,2023-03-27
B0BR9T7C5C,2023-04-24
B0BR9T7C5C,2023-05-22
B0BR9T7C5C,2023-06-19
B0BR9T7C5C,2023-07-17
B0BR9T7C5C,2023-08-14
B0BR9T7C5C,2023-09-11
B0BR9T7C5C,2023-10-09
B0BR9T7C5C,2023-11-06
B0BR9T7C5C,2023-12-04
B0BR9T7C5C,2024-01-01
B0BR9T7C5C,2024-01-29
B0BR9TCSC6,2023-02-27
B0BR9TCSC6,2023-03-27
B0BR9TCSC6,2023-04-24
B0BR9TCSC6,2023-05-22
B0BR9TCSC6,2023-06-19
B0BR9TCSC6,2023-07-17
B0BR9TCSC6,2023-08-14
B0BR9TCSC6,2023-09-11
B0BR9TCSC6,2023-10-09
B0BR9TCSC6,2023-11-06
B0BR9TCSC6,2023-12-04
B0BR9TCSC6,2024-01-01
B0BR9TCSC6,2024-01-29
B0BR9TG2T3,2023-03-27
B0BR9TG2T3,2023-04-24
B0BR9TG2T3,2023-05-22
B0BR9TG2T3,2023-06-19
B0BR9TG2T3,2023-07-17
B0BR9TG2T3,2023-08-14
B0BR9TG2T3,2023-09-11
B0BR9TG2T3,2023-10-09
B0BR9TG2T3,2023-11-06
B0BR9TG2T3,2023-12-04
B0BR9TG2T3,2024-01-01
B0BR9TG2T3,2024-01-29
B0BR9TGPQ4,2023-03-27
B0BR9TGPQ4,2023-04-24
B0BR9TGPQ4,2023-05-22
B0BR9TGPQ4,2023-06-19
B0BR9TGPQ4,2023-07-17
B0BR9TGPQ4,2023-08-14
B0BR9TGPQ4,2023-09-11
B0BR9TGPQ4,2023-10-09
B0BR9TGPQ4,2023-11-06
B0BR9TGPQ4,2023-12-04
B0BR9TGPQ4,2024-01-01
B0BR9TGPQ4,2024-01-29
B0BR9TRL6H,2023-03-27
B0BR9TRL6H,2023-04-24
B0BR9TRL6H,2023-05-22
B0BR9TRL6H,2023-06-19
B0BR9TRL6H,2023-07-17
B0BR9TRL6H,2023-08-14
B0BR9TRL6H,2023-09-11
B0BR9TRL6H,2023-10-09
B0BR9TRL6H,2023-11-06
B0BR9TRL6H,2023-12-04
B0BR9TRL6H,2024-01-01
B0BR9TRL6H,2024-01-29
B0BR9TS4Q1,2023-03-27
B0BR9TS4Q1,2023-04-24
B0BR9TS4Q1,2023-05-22
B0BR9TS4Q1,2023-06-19
B0BR9TS4Q1,2023-07-17
B0BR9TS4Q1,2023-08-14
B0BR9TS4Q1,2023-09-11
B0BR9TS4Q1,2023-10-09
B0BR9TS4Q1,2023-11-06
B0BR9TS4Q1,2023-12-04
B0BR9TS4Q1,2024-01-01
B0BR9TS4Q1,2024-01-29
B0BR9TSB2N,2023-03-27
B0BR9TSB2N,2023-04-24
B0BR9TSB2N,2023-05-22
B0BR9TSB2N,2023-06-19
B0BR9TSB2N,2023-07-17
B0BR9TSB2N,2023-08-14
B0BR9TSB2N,2023-09-11
B0BR9TSB2N,2023-10-09
B0BR9TSB2N,2023-11-06
B0BR9TSB2N,2023-12-04
B0BR9TSB2N,2024-01-01
B0BR9TSB2N,2024-01-29
B0BR9TZSM2,2023-03-27
B0BR9TZSM2,2023-04-24
B0BR9TZSM2,2023-05-22
B0BR9TZSM2,2023-06-19
B0BR9TZSM2,2023-07-17
B0BR9TZSM2,2023-08-14
B0BR9TZSM2,2023-09-11
B0BR9TZSM2,2023-10-09
B0BR9TZSM2,2023-11-06
B0BR9TZSM2,2023-12-04
B0BR9TZSM2,2024-01-01
B0BR9TZSM2,2024-01-29
B0BR9V8K76,2023-03-27
B0BR9V8K76,2023-04-24
B0BR9V8K76,2023-05-22
B0BR9V8K76,2023-06-19
B0BR9V8K76,2023-07-17
B0BR9V8K76,2023-08-14
B0BR9V8K76,2023-09-11
B0BR9V8K76,2023-10-09
B0BR9V8K76,2023-11-06
B0BR9V8K76,2023-12-04
B0BR9V8K76,2024-01-01
B0BR9V8K76,2024-01-29
B0BR9VDLJC,2023-03-27
B0BR9VDLJC,2023-04-24
B0BR9VDLJC,2023-05-22
B0BR9VDLJC,2023-06-19
B0BR9VDLJC,2023-07-17
B0BR9VDLJC,2023-08-14
B0BR9VDLJC,2023-09-11
B0BR9VDLJC,2023-10-09
B0BR9VDLJC,2023-11-06
B0BR9VDLJC,2023-12-04
B0BR9VDLJC,2024-01-01
B0BR9VDLJC,2024-01-29
B0BR9VF5DN,2023-02-27
B0BR9VF5DN,2023-03-27
B0BR9VF5DN,2023-04-24
B0BR9VF5DN,2023-05-22
B0BR9VF5DN,2023-06-19
B0BR9VF5DN,2023-07-17
B0BR9VF5DN,2023-08-14
B0BR9VF5DN,2023-09-11
B0BR9VF5DN,2023-10-09
B0BR9VF5DN,2023-11-06
B0BR9VF5DN,2023-12-04
B0BR9VF5DN,2024-01-01
B0BR9VF5DN,2024-01-29
B0BR9VQX7W,2023-03-27
B0BR9VQX7W,2023-04-24
B0BR9VQX7W,2023-05-22
B0BR9VQX7W,2023-06-19
B0BR9VQX7W,2023-07-17
B0BR9VQX7W,2023-08-14
B0BR9VQX7W,2023-09-11
B0BR9VQX7W,2023-10-09
B0BR9VQX7W,2023-11-06
B0BR9VQX7W,2023-12-04
B0BR9VQX7W,2024-01-01
B0BR9VQX7W,2024-01-29
B0BR9WKJTJ,2023-03-27
B0BR9WKJTJ,2023-04-24
B0BR9WKJTJ,2023-05-22
B0BR9WKJTJ,2023-06-19
B0BR9WKJTJ,2023-07-17
B0BR9WKJTJ,2023-08-14
B0BR9WKJTJ,2023-09-11
B0BR9WKJTJ,2023-10-09
B0BR9WKJTJ,2023-11-06
B0BR9WKJTJ,2023-12-04
B0BR9WKJTJ,2024-01-01
B0BR9WKJTJ,2024-01-29
B0BRBRGDZ7,2023-04-24
B0BRBRGDZ7,2023-05-22
B0BRBRGDZ7,2023-06-19
B0BRBRGDZ7,2023-07-17
B0BRBRGDZ7,2023-08-14
B0BRBRGDZ7,2023-09-11
B0BRBRGDZ7,2023-10-09
B0BRBRGDZ7,2023-11-06
B0BRBRGDZ7,2023-12-04
B0BRBRGDZ7,2024-01-01
B0BRBRGDZ7,2024-01-29
B0BRBS6PQV,2023-02-27
B0BRBS6PQV,2023-03-27
B0BRBS6PQV,2023-04-24
B0BRBS6PQV,2023-05-22
B0BRBS6PQV,2023-06-19
B0BRBS6PQV,2023-07-17
B0BRBS6PQV,2023-08-14
B0BRBS6PQV,2023-09-11
B0BRBS6PQV,2023-10-09
B0BRBS6PQV,2023-11-06
B0BRBS6PQV,2023-12-04
B0BRBS6PQV,2024-01-01
B0BRBS6PQV,2024-01-29
B0BRBSGDDM,2023-02-27
B0BRBSGDDM,2023-03-27
B0BRBSGDDM,2023-04-24
B0BRBSGDDM,2023-05-22
B0BRBSGDDM,2023-06-19
B0BRBSGDDM,2023-07-17
B0BRBSGDDM,2023-08-14
B0BRBSGDDM,2023-09-11
B0BRBSGDDM,2023-10-09
B0BRBSGDDM,2023-11-06
B0BRBSGDDM,2023-12-04
B0BRBSGDDM,2024-01-01
B0BRBSGDDM,2024-01-29
B0BRBYQBM6,2023-06-19
B0BRBYQBM6,2023-07-17
B0BRBYQBM6,2023-08-14
B0BRBYQBM6,2023-09-11
B0BRBYQBM6,2023-10-09
B0BRBYQBM6,2023-11-06
B0BRBYQBM6,2023-12-04
B0BRBYQBM6,2024-01-01
B0BRBYQBM6,2024-01-29
B0BRC4DX1T,2023-03-27
B0BRC4DX1T,2023-04-24
B0BRC4DX1T,2023-05-22
B0BRC4DX1T,2023-06-19
B0BRC4DX1T,2023-07-17
B0BRC4DX1T,2023-08-14
B0BRC4DX1T,2023-09-11
B0BRC4DX1T,2023-10-09
B0BRC4DX1T,2023-11-06
B0BRC4DX1T,2023-12-04
B0BRC4DX1T,2024-01-01
B0BRC4DX1T,2024-01-29
B0BRCSRRBL,2023-05-22
B0BRCSRRBL,2023-06-19
B0BRCSRRBL,2023-07-17
B0BRCSRRBL,2023-08-14
B0BRCSRRBL,2023-09-11
B0BRCSRRBL,2023-10-09
B0BRCSRRBL,2023-11-06
B0BRCSRRBL,2023-12-04
B0BRCSRRBL,2024-01-01
B0BRCSRRBL,2024-01-29
B0BRGJM63N,2023-04-24
B0BRGJM63N,2023-05-22
B0BRGJM63N,2023-06-19
B0BRGJM63N,2023-07-17
B0BRGJM63N,2023-08-14
B0BRGJM63N,2023-09-11
B0BRGJM63N,2023-10-09
B0BRGJM63N,2023-11-06
B0BRGJM63N,2023-12-04
B0BRGJM63N,2024-01-01
B0BRGJM63N,2024-01-29
B0BRJ7XZ11,2023-04-24
B0BRJ7XZ11,2023-05-22
B0BRJ7XZ11,2023-06-19
B0BRJ7XZ11,2023-07-17
B0BRJ7XZ11,2023-08-14
B0BRJ7XZ11,2023-09-11
B0BRJ7XZ11,2023-10-09
B0BRJ7XZ11,2023-11-06
B0BRJ7XZ11,2023-12-04
B0BRJ7XZ11,2024-01-01
B0BRJ7XZ11,2024-01-29
B0BRJ8NXP6,2023-04-24
B0BRJ8NXP6,2023-05-22
B0BRJ8NXP6,2023-06-19
B0BRJ8NXP6,2023-07-17
B0BRJ8NXP6,2023-08-14
B0BRJ8NXP6,2023-09-11
B0BRJ8NXP6,2023-10-09
B0BRJ8NXP6,2023-11-06
B0BRJ8NXP6,2023-12-04
B0BRJ8NXP6,2024-01-01
B0BRJ8NXP6,2024-01-29
B0BRJQQZBW,2023-07-17
B0BRJQQZBW,2023-08-14
B0BRJQQZBW,2023-09-11
B0BRJQQZBW,2023-10-09
B0BRJQQZBW,2023-11-06
B0BRJQQZBW,2023-12-04
B0BRJQQZBW,2024-01-01
B0BRJQQZBW,2024-01-29
B0BRKJY8VY,2023-03-27
B0BRKJY8VY,2023-04-24
B0BRKJY8VY,2023-05-22
B0BRKJY8VY,2023-06-19
B0BRKJY8VY,2023-07-17
B0BRKJY8VY,2023-08-14
B0BRKJY8VY,2023-09-11
B0BRKJY8VY,2023-10-09
B0BRKJY8VY,2023-11-06
B0BRKJY8VY,2023-12-04
B0BRKJY8VY,2024-01-01
B0BRKJY8VY,2024-01-29
B0BRKKKS32,2023-04-24
B0BRKKKS32,2023-05-22
B0BRKKKS32,2023-06-19
B0BRKKKS32,2023-07-17
B0BRKKKS32,2023-08-14
B0BRKKKS32,2023-09-11
B0BRKKKS32,2023-10-09
B0BRKKKS32,2023-11-06
B0BRKKKS32,2023-12-04
B0BRKKKS32,2024-01-01
B0BRKKKS32,2024-01-29
B0BRN9GJZL,2023-07-17
B0BRN9GJZL,2023-08-14
B0BRN9GJZL,2023-09-11
B0BRN9GJZL,2023-10-09
B0BRN9GJZL,2023-11-06
B0BRN9GJZL,2023-12-04
B0BRN9GJZL,2024-01-01
B0BRN9GJZL,2024-01-29
B0BRN9SCXR,2023-07-17
B0BRN9SCXR,2023-08-14
B0BRN9SCXR,2023-09-11
B0BRN9SCXR,2023-10-09
B0BRN9SCXR,2023-11-06
B0BRN9SCXR,2023-12-04
B0BRN9SCXR,2024-01-01
B0BRN9SCXR,2024-01-29
B0BRNB5KSZ,2023-07-17
B0BRNB5KSZ,2023-08-14
B0BRNB5KSZ,2023-09-11
B0BRNB5KSZ,2023-10-09
B0BRNB5KSZ,2023-11-06
B0BRNB5KSZ,2023-12-04
B0BRNB5KSZ,2024-01-01
B0BRNB5KSZ,2024-01-29
B0BRNBBP1N,2023-07-17
B0BRNBBP1N,2023-08-14
B0BRNBBP1N,2023-09-11
B0BRNBBP1N,2023-10-09
B0BRNBBP1N,2023-11-06
B0BRNBBP1N,2023-12-04
B0BRNBBP1N,2024-01-01
B0BRNBBP1N,2024-01-29
B0BRNGQ86W,2023-03-27
B0BRNGQ86W,2023-04-24
B0BRNGQ86W,2023-05-22
B0BRNGQ86W,2023-06-19
B0BRNGQ86W,2023-07-17
B0BRNGQ86W,2023-08-14
B0BRNGQ86W,2023-09-11
B0BRNGQ86W,2023-10-09
B0BRNGQ86W,2023-11-06
B0BRNGQ86W,2023-12-04
B0BRNGQ86W,2024-01-01
B0BRNGQ86W,2024-01-29
B0BRSHND4S,2024-01-29
B0BRT2VV5Q,2023-08-14
B0BRT2VV5Q,2023-09-11
B0BRT2VV5Q,2023-10-09
B0BRT2VV5Q,2023-11-06
B0BRT2VV5Q,2023-12-04
B0BRT2VV5Q,2024-01-01
B0BRT2VV5Q,2024-01-29
B0BRT72CJ2,2023-08-14
B0BRT72CJ2,2023-09-11
B0BRT72CJ2,2023-10-09
B0BRT72CJ2,2023-11-06
B0BRT72CJ2,2023-12-04
B0BRT72CJ2,2024-01-01
B0BRT72CJ2,2024-01-29
B0BRT7C2ZK,2023-09-11
B0BRT7C2ZK,2023-10-09
B0BRT7C2ZK,2023-11-06
B0BRT7C2ZK,2023-12-04
B0BRT7C2ZK,2024-01-01
B0BRT7C2ZK,2024-01-29
B0BRT7SQCD,2024-01-29
B0BRT7YTYR,2023-08-14
B0BRT7YTYR,2023-09-11
B0BRT7YTYR,2023-10-09
B0BRT7YTYR,2023-11-06
B0BRT7YTYR,2023-12-04
B0BRT7YTYR,2024-01-01
B0BRT7YTYR,2024-01-29
B0BRT82VR3,2023-08-14
B0BRT82VR3,2023-09-11
B0BRT82VR3,2023-10-09
B0BRT82VR3,2023-11-06
B0BRT82VR3,2023-12-04
B0BRT82VR3,2024-01-01
B0BRT82VR3,2024-01-29
B0BRT84TDZ,2023-09-11
B0BRT84TDZ,2023-10-09
B0BRT84TDZ,2023-11-06
B0BRT84TDZ,2023-12-04
B0BRT84TDZ,2024-01-01
B0BRT84TDZ,2024-01-29
B0BRT8777K,2023-08-14
B0BRT8777K,2023-09-11
B0BRT8777K,2023-10-09
B0BRT8777K,2023-11-06
B0BRT8777K,2023-12-04
B0BRT8777K,2024-01-01
B0BRT8777K,2024-01-29
B0BRT8DF91,2023-10-09
B0BRT8DF91,2023-11-06
B0BRT8DF91,2023-12-04
B0BRT8DF91,2024-01-01
B0BRT8DF91,2024-01-29
B0BRT8F6ML,2023-08-14
B0BRT8F6ML,2023-09-11
B0BRT8F6ML,2023-10-09
B0BRT8F6ML,2023-11-06
B0BRT8F6ML,2023-12-04
B0BRT8F6ML,2024-01-01
B0BRT8F6ML,2024-01-29
B0BRT8MMRD,2023-08-14
B0BRT8MMRD,2023-09-11
B0BRT8MMRD,2023-10-09
B0BRT8MMRD,2023-11-06
B0BRT8MMRD,2023-12-04
B0BRT8MMRD,2024-01-01
B0BRT8MMRD,2024-01-29
B0BRT8MN79,2023-08-14
B0BRT8MN79,2023-09-11
B0BRT8MN79,2023-10-09
B0BRT8MN79,2023-11-06
B0BRT8MN79,2023-12-04
B0BRT8MN79,2024-01-01
B0BRT8MN79,2024-01-29
B0BRT91PYC,2023-09-11
B0BRT91PYC,2023-10-09
B0BRT91PYC,2023-11-06
B0BRT91PYC,2023-12-04
B0BRT91PYC,2024-01-01
B0BRT91PYC,2024-01-29
B0BRT95SYS,2023-08-14
B0BRT95SYS,2023-09-11
B0BRT95SYS,2023-10-09
B0BRT95SYS,2023-11-06
B0BRT95SYS,2023-12-04
B0BRT95SYS,2024-01-01
B0BRT95SYS,2024-01-29
B0BRT98DZD,2023-08-14
B0BRT98DZD,2023-09-11
B0BRT98DZD,2023-10-09
B0BRT98DZD,2023-11-06
B0BRT98DZD,2023-12-04
B0BRT98DZD,2024-01-01
B0BRT98DZD,2024-01-29
B0BRT9D6VF,2023-08-14
B0BRT9D6VF,2023-09-11
B0BRT9D6VF,2023-10-09
B0BRT9D6VF,2023-11-06
B0BRT9D6VF,2023-12-04
B0BRT9D6VF,2024-01-01
B0BRT9D6VF,2024-01-29
B0BRT9F317,2023-08-14
B0BRT9F317,2023-09-11
B0BRT9F317,2023-10-09
B0BRT9F317,2023-11-06
B0BRT9F317,2023-12-04
B0BRT9F317,2024-01-01
B0BRT9F317,2024-01-29
B0BRTCTQCK,2023-08-14
B0BRTCTQCK,2023-09-11
B0BRTCTQCK,2023-10-09
B0BRTCTQCK,2023-11-06
B0BRTCTQCK,2023-12-04
B0BRTCTQCK,2024-01-01
B0BRTCTQCK,2024-01-29
B0BRXKDRXK,2023-06-19
B0BRXKDRXK,2023-07-17
B0BRXKDRXK,2023-08-14
B0BRXKDRXK,2023-09-11
B0BRXKDRXK,2023-10-09
B0BRXKDRXK,2023-11-06
B0BRXKDRXK,2023-12-04
B0BRXKDRXK,2024-01-01
B0BRXKDRXK,2024-01-29
B0BRXM74FG,2023-05-22
B0BRXM74FG,2023-06-19
B0BRXM74FG,2023-07-17
B0BRXM74FG,2023-08-14
B0BRXM74FG,2023-09-11
B0BRXM74FG,2023-10-09
B0BRXM74FG,2023-11-06
B0BRXM74FG,2023-12-04
B0BRXM74FG,2024-01-01
B0BRXM74FG,2024-01-29
B0BRYXCH7G,2023-09-11
B0BRYXCH7G,2023-10-09
B0BRYXCH7G,2023-11-06
B0BRYXCH7G,2023-12-04
B0BRYXCH7G,2024-01-01
B0BRYXCH7G,2024-01-29
B0BRZQ7VBS,2023-07-17
B0BRZQ7VBS,2023-08-14
B0BRZQ7VBS,2023-09-11
B0BRZQ7VBS,2023-10-09
B0BRZQ7VBS,2023-11-06
B0BRZQ7VBS,2023-12-04
B0BRZQ7VBS,2024-01-01
B0BRZQ7VBS,2024-01-29
B0BRZQX5N1,2023-05-22
B0BRZQX5N1,2023-06-19
B0BRZQX5N1,2023-07-17
B0BRZQX5N1,2023-08-14
B0BRZQX5N1,2023-09-11
B0BRZQX5N1,2023-10-09
B0BRZQX5N1,2023-11-06
B0BRZQX5N1,2023-12-04
B0BRZQX5N1,2024-01-01
B0BRZQX5N1,2024-01-29
B0BRZRMCF7,2023-07-17
B0BRZRMCF7,2023-08-14
B0BRZRMCF7,2023-09-11
B0BRZRMCF7,2023-10-09
B0BRZRMCF7,2023-11-06
B0BRZRMCF7,2023-12-04
B0BRZRMCF7,2024-01-01
B0BRZRMCF7,2024-01-29
B0BRZRX316,2023-07-17
B0BRZRX316,2023-08-14
B0BRZRX316,2023-09-11
B0BRZRX316,2023-10-09
B0BRZRX316,2023-11-06
B0BRZRX316,2023-12-04
B0BRZRX316,2024-01-01
B0BRZRX316,2024-01-29
B0BS163GYB,2023-02-27
B0BS163GYB,2023-03-27
B0BS163GYB,2023-04-24
B0BS163GYB,2023-05-22
B0BS163GYB,2023-06-19
B0BS163GYB,2023-07-17
B0BS163GYB,2023-08-14
B0BS163GYB,2023-09-11
B0BS163GYB,2023-10-09
B0BS163GYB,2023-11-06
B0BS163GYB,2023-12-04
B0BS163GYB,2024-01-01
B0BS163GYB,2024-01-29
B0BS164YFV,2023-02-27
B0BS164YFV,2023-03-27
B0BS164YFV,2023-04-24
B0BS164YFV,2023-05-22
B0BS164YFV,2023-06-19
B0BS164YFV,2023-07-17
B0BS164YFV,2023-08-14
B0BS164YFV,2023-09-11
B0BS164YFV,2023-10-09
B0BS164YFV,2023-11-06
B0BS164YFV,2023-12-04
B0BS164YFV,2024-01-01
B0BS164YFV,2024-01-29
B0BS1PDXQK,2024-01-29
B0BS49S1RG,2023-10-09
B0BS49S1RG,2023-11-06
B0BS49S1RG,2023-12-04
B0BS49S1RG,2024-01-01
B0BS49S1RG,2024-01-29
B0BS5BMQT5,2023-03-27
B0BS5BMQT5,2023-04-24
B0BS5BMQT5,2023-05-22
B0BS5BMQT5,2023-06-19
B0BS5BMQT5,2023-07-17
B0BS5BMQT5,2023-08-14
B0BS5BMQT5,2023-09-11
B0BS5BMQT5,2023-10-09
B0BS5BMQT5,2023-11-06
B0BS5BMQT5,2023-12-04
B0BS5BMQT5,2024-01-01
B0BS5BMQT5,2024-01-29
B0BS9FFMKQ,2023-08-14
B0BS9FFMKQ,2023-09-11
B0BS9FFMKQ,2023-10-09
B0BS9FFMKQ,2023-11-06
B0BS9FFMKQ,2023-12-04
B0BS9FFMKQ,2024-01-01
B0BS9FFMKQ,2024-01-29
B0BS9HN31Z,2023-08-14
B0BS9HN31Z,2023-09-11
B0BS9HN31Z,2023-10-09
B0BS9HN31Z,2023-11-06
B0BS9HN31Z,2023-12-04
B0BS9HN31Z,2024-01-01
B0BS9HN31Z,2024-01-29
B0BS9J2VG7,2023-06-19
B0BS9J2VG7,2023-07-17
B0BS9J2VG7,2023-08-14
B0BS9J2VG7,2023-09-11
B0BS9J2VG7,2023-10-09
B0BS9J2VG7,2023-11-06
B0BS9J2VG7,2023-12-04
B0BS9J2VG7,2024-01-01
B0BS9J2VG7,2024-01-29
B0BS9M5HBY,2023-04-24
B0BS9M5HBY,2023-05-22
B0BS9M5HBY,2023-06-19
B0BS9M5HBY,2023-07-17
B0BS9M5HBY,2023-08-14
B0BS9M5HBY,2023-09-11
B0BS9M5HBY,2023-10-09
B0BS9M5HBY,2023-11-06
B0BS9M5HBY,2023-12-04
B0BS9M5HBY,2024-01-01
B0BS9M5HBY,2024-01-29
B0BS9PQMX9,2023-04-24
B0BS9PQMX9,2023-05-22
B0BS9PQMX9,2023-06-19
B0BS9PQMX9,2023-07-17
B0BS9PQMX9,2023-08-14
B0BS9PQMX9,2023-09-11
B0BS9PQMX9,2023-10-09
B0BS9PQMX9,2023-11-06
B0BS9PQMX9,2023-12-04
B0BS9PQMX9,2024-01-01
B0BS9PQMX9,2024-01-29
B0BS9RQCHY,2023-05-22
B0BS9RQCHY,2023-06-19
B0BS9RQCHY,2023-07-17
B0BS9RQCHY,2023-08-14
B0BS9RQCHY,2023-09-11
B0BS9RQCHY,2023-10-09
B0BS9RQCHY,2023-11-06
B0BS9RQCHY,2023-12-04
B0BS9RQCHY,2024-01-01
B0BS9RQCHY,2024-01-29
B0BS9ZBYJP,2023-05-22
B0BS9ZBYJP,2023-06-19
B0BS9ZBYJP,2023-07-17
B0BS9ZBYJP,2023-08-14
B0BS9ZBYJP,2023-09-11
B0BS9ZBYJP,2023-10-09
B0BS9ZBYJP,2023-11-06
B0BS9ZBYJP,2023-12-04
B0BS9ZBYJP,2024-01-01
B0BS9ZBYJP,2024-01-29
B0BS9ZTH6Q,2023-08-14
B0BS9ZTH6Q,2023-09-11
B0BS9ZTH6Q,2023-10-09
B0BS9ZTH6Q,2023-11-06
B0BS9ZTH6Q,2023-12-04
B0BS9ZTH6Q,2024-01-01
B0BS9ZTH6Q,2024-01-29
B0BSB19BH8,2023-09-11
B0BSB19BH8,2023-10-09
B0BSB19BH8,2023-11-06
B0BSB19BH8,2023-12-04
B0BSB19BH8,2024-01-01
B0BSB19BH8,2024-01-29
B0BSFPYD2H,2023-02-27
B0BSFPYD2H,2023-03-27
B0BSFPYD2H,2023-04-24
B0BSFPYD2H,2023-05-22
B0BSFPYD2H,2023-06-19
B0BSFPYD2H,2023-07-17
B0BSFPYD2H,2023-08-14
B0BSFPYD2H,2023-09-11
B0BSFPYD2H,2023-10-09
B0BSFPYD2H,2023-11-06
B0BSFPYD2H,2023-12-04
B0BSFPYD2H,2024-01-01
B0BSFPYD2H,2024-01-29
B0BSG8F6RX,2023-11-06
B0BSG8F6RX,2023-12-04
B0BSG8F6RX,2024-01-01
B0BSG8F6RX,2024-01-29
B0BSKVHRZN,2023-07-17
B0BSKVHRZN,2023-08-14
B0BSKVHRZN,2023-09-11
B0BSKVHRZN,2023-10-09
B0BSKVHRZN,2023-11-06
B0BSKVHRZN,2023-12-04
B0BSKVHRZN,2024-01-01
B0BSKVHRZN,2024-01-29
B0BSKX85WV,2023-09-11
B0BSKX85WV,2023-10-09
B0BSKX85WV,2023-11-06
B0BSKX85WV,2023-12-04
B0BSKX85WV,2024-01-01
B0BSKX85WV,2024-01-29
B0BSMZ6J8M,2023-07-17
B0BSMZ6J8M,2023-08-14
B0BSMZ6J8M,2023-09-11
B0BSMZ6J8M,2023-10-09
B0BSMZ6J8M,2023-11-06
B0BSMZ6J8M,2023-12-04
B0BSMZ6J8M,2024-01-01
B0BSMZ6J8M,2024-01-29
B0BSN44L3H,2023-06-19
B0BSN44L3H,2023-07-17
B0BSN44L3H,2023-08-14
B0BSN44L3H,2023-09-11
B0BSN44L3H,2023-10-09
B0BSN44L3H,2023-11-06
B0BSN44L3H,2023-12-04
B0BSN44L3H,2024-01-01
B0BSN44L3H,2024-01-29
B0BSNSL13D,2023-10-09
B0BSNSL13D,2023-11-06
B0BSNSL13D,2023-12-04
B0BSNSL13D,2024-01-01
B0BSNSL13D,2024-01-29
B0BSP4VWJX,2023-04-24
B0BSP4VWJX,2023-05-22
B0BSP4VWJX,2023-06-19
B0BSP4VWJX,2023-07-17
B0BSP4VWJX,2023-08-14
B0BSP4VWJX,2023-09-11
B0BSP4VWJX,2023-10-09
B0BSP4VWJX,2023-11-06
B0BSP4VWJX,2023-12-04
B0BSP4VWJX,2024-01-01
B0BSP4VWJX,2024-01-29
B0BSP4ZPW2,2023-04-24
B0BSP4ZPW2,2023-05-22
B0BSP4ZPW2,2023-06-19
B0BSP4ZPW2,2023-07-17
B0BSP4ZPW2,2023-08-14
B0BSP4ZPW2,2023-09-11
B0BSP4ZPW2,2023-10-09
B0BSP4ZPW2,2023-11-06
B0BSP4ZPW2,2023-12-04
B0BSP4ZPW2,2024-01-01
B0BSP4ZPW2,2024-01-29
B0BSSCGKXQ,2023-03-27
B0BSSCGKXQ,2023-04-24
B0BSSCGKXQ,2023-05-22
B0BSSCGKXQ,2023-06-19
B0BSSCGKXQ,2023-07-17
B0BSSCGKXQ,2023-08-14
B0BSSCGKXQ,2023-09-11
B0BSSCGKXQ,2023-10-09
B0BSSCGKXQ,2023-11-06
B0BSSCGKXQ,2023-12-04
B0BSSCGKXQ,2024-01-01
B0BSSCGKXQ,2024-01-29
B0BSTKD8MK,2023-04-24
B0BSTKD8MK,2023-05-22
B0BSTKD8MK,2023-06-19
B0BSTKD8MK,2023-07-17
B0BSTKD8MK,2023-08-14
B0BSTKD8MK,2023-09-11
B0BSTKD8MK,2023-10-09
B0BSTKD8MK,2023-11-06
B0BSTKD8MK,2023-12-04
B0BSTKD8MK,2024-01-01
B0BSTKD8MK,2024-01-29
B0BSTLF9TL,2023-04-24
B0BSTLF9TL,2023-05-22
B0BSTLF9TL,2023-06-19
B0BSTLF9TL,2023-07-17
B0BSTLF9TL,2023-08-14
B0BSTLF9TL,2023-09-11
B0BSTLF9TL,2023-10-09
B0BSTLF9TL,2023-11-06
B0BSTLF9TL,2023-12-04
B0BSTLF9TL,2024-01-01
B0BSTLF9TL,2024-01-29
B0BSVHPDV9,2023-05-22
B0BSVHPDV9,2023-06-19
B0BSVHPDV9,2023-07-17
B0BSVHPDV9,2023-08-14
B0BSVHPDV9,2023-09-11
B0BSVHPDV9,2023-10-09
B0BSVHPDV9,2023-11-06
B0BSVHPDV9,2023-12-04
B0BSVHPDV9,2024-01-01
B0BSVHPDV9,2024-01-29
B0BSXPLD96,2023-07-17
B0BSXPLD96,2023-08-14
B0BSXPLD96,2023-09-11
B0BSXPLD96,2023-10-09
B0BSXPLD96,2023-11-06
B0BSXPLD96,2023-12-04
B0BSXPLD96,2024-01-01
B0BSXPLD96,2024-01-29
B0BSZBLCTX,2023-03-27
B0BSZBLCTX,2023-04-24
B0BSZBLCTX,2023-05-22
B0BSZBLCTX,2023-06-19
B0BSZBLCTX,2023-07-17
B0BSZBLCTX,2023-08-14
B0BSZBLCTX,2023-09-11
B0BSZBLCTX,2023-10-09
B0BSZBLCTX,2023-11-06
B0BSZBLCTX,2023-12-04
B0BSZBLCTX,2024-01-01
B0BSZBLCTX,2024-01-29
B0BT18N4XK,2023-10-09
B0BT18N4XK,2023-11-06
B0BT18N4XK,2023-12-04
B0BT18N4XK,2024-01-01
B0BT18N4XK,2024-01-29
B0BT1V4CVR,2023-08-14
B0BT1V4CVR,2023-09-11
B0BT1V4CVR,2023-10-09
B0BT1V4CVR,2023-11-06
B0BT1V4CVR,2023-12-04
B0BT1V4CVR,2024-01-01
B0BT1V4CVR,2024-01-29
B0BT4L554B,2024-01-01
B0BT4L554B,2024-01-29
B0BT5ZQRLK,2023-03-27
B0BT5ZQRLK,2023-04-24
B0BT5ZQRLK,2023-05-22
B0BT5ZQRLK,2023-06-19
B0BT5ZQRLK,2023-07-17
B0BT5ZQRLK,2023-08-14
B0BT5ZQRLK,2023-09-11
B0BT5ZQRLK,2023-10-09
B0BT5ZQRLK,2023-11-06
B0BT5ZQRLK,2023-12-04
B0BT5ZQRLK,2024-01-01
B0BT5ZQRLK,2024-01-29
B0BTJWP4PJ,2023-04-24
B0BTJWP4PJ,2023-05-22
B0BTJWP4PJ,2023-06-19
B0BTJWP4PJ,2023-07-17
B0BTJWP4PJ,2023-08-14
B0BTJWP4PJ,2023-09-11
B0BTJWP4PJ,2023-10-09
B0BTJWP4PJ,2023-11-06
B0BTJWP4PJ,2023-12-04
B0BTJWP4PJ,2024-01-01
B0BTJWP4PJ,2024-01-29
B0BTK5BWJB,2024-01-01
B0BTK5BWJB,2024-01-29
B0BTKDZBFR,2023-05-22
B0BTKDZBFR,2023-06-19
B0BTKDZBFR,2023-07-17
B0BTKDZBFR,2023-08-14
B0BTKDZBFR,2023-09-11
B0BTKDZBFR,2023-10-09
B0BTKDZBFR,2023-11-06
B0BTKDZBFR,2023-12-04
B0BTKDZBFR,2024-01-01
B0BTKDZBFR,2024-01-29
B0BTKSJ8JW,2023-03-27
B0BTKSJ8JW,2023-04-24
B0BTKSJ8JW,2023-05-22
B0BTKSJ8JW,2023-06-19
B0BTKSJ8JW,2023-07-17
B0BTKSJ8JW,2023-08-14
B0BTKSJ8JW,2023-09-11
B0BTKSJ8JW,2023-10-09
B0BTKSJ8JW,2023-11-06
B0BTKSJ8JW,2023-12-04
B0BTKSJ8JW,2024-01-01
B0BTKSJ8JW,2024-01-29
B0BTM4H14J,2024-01-01
B0BTM4H14J,2024-01-29
B0BTMRDGDK,2023-04-24
B0BTMRDGDK,2023-05-22
B0BTMRDGDK,2023-06-19
B0BTMRDGDK,2023-07-17
B0BTMRDGDK,2023-08-14
B0BTMRDGDK,2023-09-11
B0BTMRDGDK,2023-10-09
B0BTMRDGDK,2023-11-06
B0BTMRDGDK,2023-12-04
B0BTMRDGDK,2024-01-01
B0BTMRDGDK,2024-01-29
B0BTMSRDK1,2023-08-14
B0BTMSRDK1,2023-09-11
B0BTMSRDK1,2023-10-09
B0BTMSRDK1,2023-11-06
B0BTMSRDK1,2023-12-04
B0BTMSRDK1,2024-01-01
B0BTMSRDK1,2024-01-29
B0BTMTL23Z,2023-04-24
B0BTMTL23Z,2023-05-22
B0BTMTL23Z,2023-06-19
B0BTMTL23Z,2023-07-17
B0BTMTL23Z,2023-08-14
B0BTMTL23Z,2023-09-11
B0BTMTL23Z,2023-10-09
B0BTMTL23Z,2023-11-06
B0BTMTL23Z,2023-12-04
B0BTMTL23Z,2024-01-01
B0BTMTL23Z,2024-01-29
B0BTN13Z2S,2023-04-24
B0BTN13Z2S,2023-05-22
B0BTN13Z2S,2023-06-19
B0BTN13Z2S,2023-07-17
B0BTN13Z2S,2023-08-14
B0BTN13Z2S,2023-09-11
B0BTN13Z2S,2023-10-09
B0BTN13Z2S,2023-11-06
B0BTN13Z2S,2023-12-04
B0BTN13Z2S,2024-01-01
B0BTN13Z2S,2024-01-29
B0BTP2TNV8,2023-05-22
B0BTP2TNV8,2023-06-19
B0BTP2TNV8,2023-07-17
B0BTP2TNV8,2023-08-14
B0BTP2TNV8,2023-09-11
B0BTP2TNV8,2023-10-09
B0BTP2TNV8,2023-11-06
B0BTP2TNV8,2024-01-29
B0BTPDPLSG,2024-01-29
B0BTPVSB6Z,2023-10-09
B0BTPVSB6Z,2023-11-06
B0BTPVSB6Z,2023-12-04
B0BTPVSB6Z,2024-01-01
B0BTPVSB6Z,2024-01-29
B0BTQLCSPY,2023-07-17
B0BTQLCSPY,2023-08-14
B0BTQLCSPY,2023-09-11
B0BTQLCSPY,2023-10-09
B0BTQLCSPY,2023-11-06
B0BTQLCSPY,2023-12-04
B0BTQLCSPY,2024-01-01
B0BTQLCSPY,2024-01-29
B0BTR2QMBS,2023-08-14
B0BTR2QMBS,2023-09-11
B0BTR2QMBS,2023-10-09
B0BTR2QMBS,2023-11-06
B0BTR2QMBS,2023-12-04
B0BTR2QMBS,2024-01-01
B0BTR2QMBS,2024-01-29
B0BTR3SRXP,2023-12-04
B0BTR3SRXP,2024-01-01
B0BTR3SRXP,2024-01-29
B0BTRM7MF7,2023-06-19
B0BTRM7MF7,2023-07-17
B0BTRM7MF7,2023-08-14
B0BTRM7MF7,2023-09-11
B0BTRM7MF7,2023-10-09
B0BTRM7MF7,2023-11-06
B0BTRM7MF7,2023-12-04
B0BTRM7MF7,2024-01-01
B0BTRM7MF7,2024-01-29
B0BTRVC1KJ,2023-05-22
B0BTRVC1KJ,2023-06-19
B0BTRVC1KJ,2023-07-17
B0BTRVC1KJ,2023-08-14
B0BTRVC1KJ,2023-09-11
B0BTRVC1KJ,2023-10-09
B0BTRVC1KJ,2023-11-06
B0BTRVC1KJ,2023-12-04
B0BTRVC1KJ,2024-01-01
B0BTRVC1KJ,2024-01-29
B0BTRVR4CB,2023-06-19
B0BTRVR4CB,2023-07-17
B0BTRVR4CB,2023-08-14
B0BTRVR4CB,2023-09-11
B0BTRVR4CB,2023-10-09
B0BTRVR4CB,2023-11-06
B0BTRVR4CB,2023-12-04
B0BTRVR4CB,2024-01-01
B0BTRVR4CB,2024-01-29
B0BTRW64PL,2023-05-22
B0BTRW64PL,2023-06-19
B0BTRW64PL,2023-07-17
B0BTRW64PL,2023-08-14
B0BTRW64PL,2023-09-11
B0BTRW64PL,2023-10-09
B0BTRW64PL,2023-11-06
B0BTRW64PL,2023-12-04
B0BTRW64PL,2024-01-01
B0BTRW64PL,2024-01-29
B0BTRY58KG,2023-06-19
B0BTRY58KG,2023-07-17
B0BTRY58KG,2023-08-14
B0BTRY58KG,2023-09-11
B0BTRY58KG,2023-10-09
B0BTRY58KG,2023-11-06
B0BTRY58KG,2023-12-04
B0BTRY58KG,2024-01-01
B0BTRY58KG,2024-01-29
B0BTS43DX6,2023-08-14
B0BTS43DX6,2023-09-11
B0BTS43DX6,2023-10-09
B0BTS43DX6,2023-11-06
B0BTS43DX6,2023-12-04
B0BTS43DX6,2024-01-01
B0BTS43DX6,2024-01-29
B0BTXYBJJZ,2023-03-27
B0BTXYBJJZ,2023-04-24
B0BTXYBJJZ,2023-05-22
B0BTXYBJJZ,2023-06-19
B0BTXYBJJZ,2023-07-17
B0BTXYBJJZ,2023-08-14
B0BTXYBJJZ,2023-09-11
B0BTXYBJJZ,2023-10-09
B0BTXYBJJZ,2023-11-06
B0BTXYBJJZ,2023-12-04
B0BTXYBJJZ,2024-01-01
B0BTXYBJJZ,2024-01-29
B0BTYX3HPB,2023-11-06
B0BTYX3HPB,2023-12-04
B0BTYX3HPB,2024-01-01
B0BTYX3HPB,2024-01-29
B0BTZNDW1B,2023-03-27
B0BTZNDW1B,2023-04-24
B0BTZNDW1B,2023-05-22
B0BTZNDW1B,2023-06-19
B0BTZNDW1B,2023-07-17
B0BTZNDW1B,2023-08-14
B0BTZNDW1B,2023-09-11
B0BTZNDW1B,2023-10-09
B0BTZNDW1B,2023-11-06
B0BTZNDW1B,2023-12-04
B0BTZNDW1B,2024-01-01
B0BTZNDW1B,2024-01-29
B0BTZNHGFV,2023-03-27
B0BTZNHGFV,2023-04-24
B0BTZNHGFV,2023-05-22
B0BTZNHGFV,2023-06-19
B0BTZNHGFV,2023-07-17
B0BTZNHGFV,2023-08-14
B0BTZNHGFV,2023-09-11
B0BTZNHGFV,2023-10-09
B0BTZNHGFV,2023-11-06
B0BTZNHGFV,2023-12-04
B0BTZNHGFV,2024-01-01
B0BTZNHGFV,2024-01-29
B0BTZWXTDG,2023-03-27
B0BTZWXTDG,2023-04-24
B0BTZWXTDG,2023-05-22
B0BTZWXTDG,2023-06-19
B0BTZWXTDG,2023-07-17
B0BTZWXTDG,2023-08-14
B0BTZWXTDG,2023-09-11
B0BTZWXTDG,2023-10-09
B0BTZWXTDG,2023-11-06
B0BTZWXTDG,2023-12-04
B0BTZWXTDG,2024-01-01
B0BTZWXTDG,2024-01-29
B0BV137NVB,2023-05-22
B0BV137NVB,2023-06-19
B0BV137NVB,2023-07-17
B0BV137NVB,2023-08-14
B0BV137NVB,2023-09-11
B0BV137NVB,2023-10-09
B0BV137NVB,2023-11-06
B0BV137NVB,2023-12-04
B0BV137NVB,2024-01-01
B0BV137NVB,2024-01-29
B0BV15X4MX,2023-03-27
B0BV15X4MX,2023-04-24
B0BV15X4MX,2023-05-22
B0BV15X4MX,2023-06-19
B0BV15X4MX,2023-07-17
B0BV15X4MX,2023-08-14
B0BV15X4MX,2023-09-11
B0BV15X4MX,2023-10-09
B0BV15X4MX,2023-11-06
B0BV15X4MX,2023-12-04
B0BV15X4MX,2024-01-01
B0BV15X4MX,2024-01-29
B0BV25MGSG,2023-04-24
B0BV25MGSG,2023-05-22
B0BV25MGSG,2023-06-19
B0BV25MGSG,2023-07-17
B0BV25MGSG,2023-08-14
B0BV25MGSG,2023-09-11
B0BV25MGSG,2023-10-09
B0BV25MGSG,2023-11-06
B0BV25MGSG,2023-12-04
B0BV25MGSG,2024-01-01
B0BV25MGSG,2024-01-29
B0BV28P6PD,2023-06-19
B0BV28P6PD,2023-07-17
B0BV28P6PD,2023-08-14
B0BV28P6PD,2023-09-11
B0BV28P6PD,2023-10-09
B0BV28P6PD,2023-11-06
B0BV28P6PD,2023-12-04
B0BV28P6PD,2024-01-01
B0BV28P6PD,2024-01-29
B0BV2SNNJN,2023-07-17
B0BV2SNNJN,2023-08-14
B0BV2SNNJN,2023-09-11
B0BV2SNNJN,2023-10-09
B0BV2SNNJN,2023-11-06
B0BV2SNNJN,2023-12-04
B0BV2SNNJN,2024-01-01
B0BV2SNNJN,2024-01-29
B0BV6HW1DD,2023-04-24
B0BV6HW1DD,2023-05-22
B0BV6HW1DD,2023-06-19
B0BV6HW1DD,2023-07-17
B0BV6HW1DD,2023-08-14
B0BV6HW1DD,2023-09-11
B0BV6HW1DD,2023-10-09
B0BV6HW1DD,2023-11-06
B0BV6HW1DD,2023-12-04
B0BV6HW1DD,2024-01-01
B0BV6HW1DD,2024-01-29
B0BV6JRYH8,2023-05-22
B0BV6JRYH8,2023-06-19
B0BV6JRYH8,2023-07-17
B0BV6JRYH8,2023-08-14
B0BV6JRYH8,2023-09-11
B0BV6JRYH8,2023-10-09
B0BV6JRYH8,2023-11-06
B0BV6JRYH8,2023-12-04
B0BV6JRYH8,2024-01-01
B0BV6JRYH8,2024-01-29
B0BV6K7PC7,2023-05-22
B0BV6K7PC7,2023-06-19
B0BV6K7PC7,2023-07-17
B0BV6K7PC7,2023-08-14
B0BV6K7PC7,2023-09-11
B0BV6K7PC7,2023-10-09
B0BV6K7PC7,2023-11-06
B0BV6K7PC7,2023-12-04
B0BV6K7PC7,2024-01-01
B0BV6K7PC7,2024-01-29
B0BV6M1TB4,2023-05-22
B0BV6M1TB4,2023-06-19
B0BV6M1TB4,2023-07-17
B0BV6M1TB4,2023-08-14
B0BV6M1TB4,2023-09-11
B0BV6M1TB4,2023-10-09
B0BV6M1TB4,2023-11-06
B0BV6M1TB4,2023-12-04
B0BV6M1TB4,2024-01-01
B0BV6M1TB4,2024-01-29
B0BV6YPF3P,2023-07-17
B0BV6YPF3P,2023-08-14
B0BV6YPF3P,2023-09-11
B0BV6YPF3P,2023-10-09
B0BV6YPF3P,2023-11-06
B0BV6YPF3P,2023-12-04
B0BV6YPF3P,2024-01-01
B0BV6YPF3P,2024-01-29
B0BV7BC81R,2023-04-24
B0BV7BC81R,2023-05-22
B0BV7BC81R,2023-06-19
B0BV7BC81R,2023-07-17
B0BV7BC81R,2023-08-14
B0BV7BC81R,2023-09-11
B0BV7BC81R,2023-10-09
B0BV7BC81R,2023-11-06
B0BV7BC81R,2023-12-04
B0BV7BC81R,2024-01-01
B0BV7BC81R,2024-01-29
B0BV8GH445,2023-08-14
B0BV8GH445,2023-09-11
B0BV8GH445,2023-10-09
B0BV8GH445,2023-11-06
B0BV8GH445,2023-12-04
B0BV8GH445,2024-01-01
B0BV8GH445,2024-01-29
B0BV8Y1LM1,2023-09-11
B0BV8Y1LM1,2023-10-09
B0BV8Y1LM1,2023-11-06
B0BV8Y1LM1,2023-12-04
B0BV8Y1LM1,2024-01-01
B0BV8Y1LM1,2024-01-29
B0BVBGJ6FK,2023-07-17
B0BVBGJ6FK,2023-08-14
B0BVBGJ6FK,2023-09-11
B0BVBGJ6FK,2023-10-09
B0BVBGJ6FK,2023-11-06
B0BVBGJ6FK,2023-12-04
B0BVBGJ6FK,2024-01-01
B0BVBGJ6FK,2024-01-29
B0BVBHGRVM,2023-07-17
B0BVBHGRVM,2023-08-14
B0BVBHGRVM,2023-09-11
B0BVBHGRVM,2023-10-09
B0BVBHGRVM,2023-11-06
B0BVBHGRVM,2023-12-04
B0BVBHGRVM,2024-01-01
B0BVBHGRVM,2024-01-29
B0BVJK1FR9,2023-05-22
B0BVJK1FR9,2023-06-19
B0BVJK1FR9,2023-07-17
B0BVJK1FR9,2023-08-14
B0BVJK1FR9,2023-09-11
B0BVJK1FR9,2023-10-09
B0BVJK1FR9,2023-11-06
B0BVJK1FR9,2023-12-04
B0BVJK1FR9,2024-01-01
B0BVJK1FR9,2024-01-29
B0BVJPTBHY,2023-07-17
B0BVJPTBHY,2023-08-14
B0BVJPTBHY,2023-09-11
B0BVJPTBHY,2023-10-09
B0BVJPTBHY,2023-11-06
B0BVJPTBHY,2023-12-04
B0BVJPTBHY,2024-01-01
B0BVJPTBHY,2024-01-29
B0BVJPYQVN,2023-04-24
B0BVJPYQVN,2023-05-22
B0BVJPYQVN,2023-06-19
B0BVJPYQVN,2023-07-17
B0BVJPYQVN,2023-08-14
B0BVJPYQVN,2023-09-11
B0BVJPYQVN,2023-10-09
B0BVJPYQVN,2023-11-06
B0BVJPYQVN,2023-12-04
B0BVJPYQVN,2024-01-01
B0BVJPYQVN,2024-01-29
B0BVJRVVCT,2023-08-14
B0BVJRVVCT,2023-09-11
B0BVJRVVCT,2023-10-09
B0BVJRVVCT,2023-11-06
B0BVJRVVCT,2023-12-04
B0BVJRVVCT,2024-01-01
B0BVJRVVCT,2024-01-29
B0BVJRZMQV,2023-07-17
B0BVJRZMQV,2023-08-14
B0BVJRZMQV,2023-09-11
B0BVJRZMQV,2023-10-09
B0BVJRZMQV,2023-11-06
B0BVJRZMQV,2023-12-04
B0BVJRZMQV,2024-01-01
B0BVJRZMQV,2024-01-29
B0BVJS9KV7,2023-05-22
B0BVJS9KV7,2023-06-19
B0BVJS9KV7,2023-07-17
B0BVJS9KV7,2023-08-14
B0BVJS9KV7,2023-09-11
B0BVJS9KV7,2023-10-09
B0BVJS9KV7,2023-11-06
B0BVJS9KV7,2023-12-04
B0BVJS9KV7,2024-01-01
B0BVJS9KV7,2024-01-29
B0BVM3C9T9,2023-09-11
B0BVM3C9T9,2023-10-09
B0BVM3C9T9,2023-11-06
B0BVM3C9T9,2023-12-04
B0BVM3C9T9,2024-01-01
B0BVM3C9T9,2024-01-29
B0BVM81HC7,2023-08-14
B0BVM81HC7,2023-09-11
B0BVM81HC7,2023-10-09
B0BVM81HC7,2023-11-06
B0BVM81HC7,2023-12-04
B0BVM81HC7,2024-01-01
B0BVM81HC7,2024-01-29
B0BVMDG1GF,2023-05-22
B0BVMDG1GF,2023-06-19
B0BVMDG1GF,2023-07-17
B0BVMDG1GF,2023-08-14
B0BVMDG1GF,2023-09-11
B0BVMDG1GF,2023-10-09
B0BVMDG1GF,2023-11-06
B0BVMDG1GF,2023-12-04
B0BVMDG1GF,2024-01-01
B0BVMDG1GF,2024-01-29
B0BVMDN6T7,2023-05-22
B0BVMDN6T7,2023-06-19
B0BVMDN6T7,2023-07-17
B0BVMDN6T7,2023-08-14
B0BVMDN6T7,2023-09-11
B0BVMDN6T7,2023-10-09
B0BVMDN6T7,2023-11-06
B0BVMDN6T7,2023-12-04
B0BVMDN6T7,2024-01-01
B0BVMDN6T7,2024-01-29
B0BVNXK189,2023-06-19
B0BVNXK189,2023-07-17
B0BVNXK189,2023-08-14
B0BVNXK189,2023-09-11
B0BVNXK189,2023-10-09
B0BVNXK189,2023-11-06
B0BVNXK189,2023-12-04
B0BVNXK189,2024-01-01
B0BVNXK189,2024-01-29
B0BVPL1PQZ,2023-05-22
B0BVPL1PQZ,2023-06-19
B0BVPL1PQZ,2023-07-17
B0BVPL1PQZ,2023-08-14
B0BVPL1PQZ,2023-09-11
B0BVPL1PQZ,2023-10-09
B0BVPL1PQZ,2023-11-06
B0BVPL1PQZ,2023-12-04
B0BVPL1PQZ,2024-01-01
B0BVPL1PQZ,2024-01-29
B0BVPNP35D,2023-06-19
B0BVPNP35D,2023-07-17
B0BVPNP35D,2023-08-14
B0BVPNP35D,2023-09-11
B0BVPNP35D,2023-10-09
B0BVPNP35D,2023-11-06
B0BVPNP35D,2023-12-04
B0BVPNP35D,2024-01-01
B0BVPNP35D,2024-01-29
B0BVQTY5FC,2023-08-14
B0BVQTY5FC,2023-09-11
B0BVQTY5FC,2023-10-09
B0BVQTY5FC,2023-11-06
B0BVQTY5FC,2023-12-04
B0BVQTY5FC,2024-01-01
B0BVQTY5FC,2024-01-29
B0BVQTZG46,2023-08-14
B0BVQTZG46,2023-09-11
B0BVQTZG46,2023-10-09
B0BVQTZG46,2023-11-06
B0BVQTZG46,2023-12-04
B0BVQTZG46,2024-01-01
B0BVQTZG46,2024-01-29
B0BVQWZ6QM,2023-06-19
B0BVQWZ6QM,2023-07-17
B0BVQWZ6QM,2023-08-14
B0BVQWZ6QM,2023-09-11
B0BVQWZ6QM,2023-10-09
B0BVQWZ6QM,2023-11-06
B0BVQWZ6QM,2023-12-04
B0BVQWZ6QM,2024-01-01
B0BVQWZ6QM,2024-01-29
B0BVRV841J,2023-05-22
B0BVRV841J,2023-06-19
B0BVRV841J,2023-07-17
B0BVRV841J,2023-08-14
B0BVRV841J,2023-09-11
B0BVRV841J,2023-10-09
B0BVRV841J,2023-11-06
B0BVRV841J,2023-12-04
B0BVRV841J,2024-01-01
B0BVRV841J,2024-01-29
B0BVRWW7Q3,2023-08-14
B0BVRWW7Q3,2023-09-11
B0BVRWW7Q3,2023-10-09
B0BVRWW7Q3,2023-11-06
B0BVRWW7Q3,2023-12-04
B0BVRWW7Q3,2024-01-01
B0BVRWW7Q3,2024-01-29
B0BVVXVGGY,2023-03-27
B0BVVXVGGY,2023-04-24
B0BVVXVGGY,2023-05-22
B0BVVXVGGY,2023-06-19
B0BVVXVGGY,2023-07-17
B0BVVXVGGY,2023-08-14
B0BVVXVGGY,2023-09-11
B0BVVXVGGY,2023-10-09
B0BVVXVGGY,2023-11-06
B0BVVXVGGY,2023-12-04
B0BVVXVGGY,2024-01-01
B0BVVXVGGY,2024-01-29
B0BVW2KMVW,2023-05-22
B0BVW2KMVW,2023-06-19
B0BVW2KMVW,2023-07-17
B0BVW2KMVW,2023-08-14
B0BVW2KMVW,2023-09-11
B0BVW2KMVW,2023-10-09
B0BVW2KMVW,2023-11-06
B0BVW2KMVW,2023-12-04
B0BVW2KMVW,2024-01-01
B0BVW2KMVW,2024-01-29
B0BVW4B7XM,2023-05-22
B0BVW4B7XM,2023-06-19
B0BVW4B7XM,2023-07-17
B0BVW4B7XM,2023-08-14
B0BVW4B7XM,2023-09-11
B0BVW4B7XM,2023-10-09
B0BVW4B7XM,2023-11-06
B0BVW4B7XM,2023-12-04
B0BVW4B7XM,2024-01-01
B0BVW4B7XM,2024-01-29
B0BVWQBHJ3,2023-05-22
B0BVWQBHJ3,2023-06-19
B0BVWQBHJ3,2023-07-17
B0BVWQBHJ3,2023-08-14
B0BVWQBHJ3,2023-09-11
B0BVWQBHJ3,2023-10-09
B0BVWQBHJ3,2023-11-06
B0BVWQBHJ3,2023-12-04
B0BVWQBHJ3,2024-01-01
B0BVWQBHJ3,2024-01-29
B0BVZGJV3Z,2023-08-14
B0BVZGJV3Z,2023-09-11
B0BVZGJV3Z,2023-10-09
B0BVZGJV3Z,2023-11-06
B0BVZGJV3Z,2023-12-04
B0BVZGJV3Z,2024-01-01
B0BVZGJV3Z,2024-01-29
B0BVZYL7NC,2024-01-29
B0BW43VRNB,2023-05-22
B0BW43VRNB,2023-06-19
B0BW43VRNB,2023-07-17
B0BW43VRNB,2023-08-14
B0BW43VRNB,2023-09-11
B0BW43VRNB,2023-10-09
B0BW43VRNB,2023-11-06
B0BW43VRNB,2023-12-04
B0BW43VRNB,2024-01-01
B0BW43VRNB,2024-01-29
B0BW45F777,2023-05-22
B0BW45F777,2023-06-19
B0BW45F777,2023-07-17
B0BW45F777,2023-08-14
B0BW45F777,2023-09-11
B0BW45F777,2023-10-09
B0BW45F777,2023-11-06
B0BW45F777,2023-12-04
B0BW45F777,2024-01-01
B0BW45F777,2024-01-29
B0BW465JV4,2023-05-22
B0BW465JV4,2023-06-19
B0BW465JV4,2023-07-17
B0BW465JV4,2023-08-14
B0BW465JV4,2023-09-11
B0BW465JV4,2023-10-09
B0BW465JV4,2023-11-06
B0BW465JV4,2023-12-04
B0BW465JV4,2024-01-01
B0BW465JV4,2024-01-29
B0BW5SFZ32,2023-06-19
B0BW5SFZ32,2023-07-17
B0BW5SFZ32,2023-08-14
B0BW5SFZ32,2023-09-11
B0BW5SFZ32,2023-10-09
B0BW5SFZ32,2023-11-06
B0BW5SFZ32,2023-12-04
B0BW5SFZ32,2024-01-01
B0BW5SFZ32,2024-01-29
B0BW5TMQBH,2023-06-19
B0BW5TMQBH,2023-07-17
B0BW5TMQBH,2023-08-14
B0BW5TMQBH,2023-09-11
B0BW5TMQBH,2023-10-09
B0BW5TMQBH,2023-11-06
B0BW5TMQBH,2023-12-04
B0BW5TMQBH,2024-01-01
B0BW5TMQBH,2024-01-29
B0BW6BG84B,2023-05-22
B0BW6BG84B,2023-06-19
B0BW6BG84B,2023-07-17
B0BW6BG84B,2023-08-14
B0BW6BG84B,2023-09-11
B0BW6BG84B,2023-10-09
B0BW6BG84B,2023-11-06
B0BW6BG84B,2023-12-04
B0BW6BG84B,2024-01-01
B0BW6BG84B,2024-01-29
B0BWCWV6K5,2023-05-22
B0BWCWV6K5,2023-06-19
B0BWCWV6K5,2023-07-17
B0BWCWV6K5,2023-08-14
B0BWCWV6K5,2023-09-11
B0BWCWV6K5,2023-10-09
B0BWCWV6K5,2023-11-06
B0BWCWV6K5,2023-12-04
B0BWCWV6K5,2024-01-01
B0BWCWV6K5,2024-01-29
B0BWGJKVZX,2023-06-19
B0BWGJKVZX,2023-07-17
B0BWGJKVZX,2023-08-14
B0BWGJKVZX,2023-09-11
B0BWGJKVZX,2023-10-09
B0BWGJKVZX,2023-11-06
B0BWGJKVZX,2023-12-04
B0BWGJKVZX,2024-01-01
B0BWGJKVZX,2024-01-29
B0BWH387ND,2023-05-22
B0BWH387ND,2023-06-19
B0BWH387ND,2023-07-17
B0BWH387ND,2023-08-14
B0BWH387ND,2023-09-11
B0BWH387ND,2023-10-09
B0BWH387ND,2023-11-06
B0BWH387ND,2023-12-04
B0BWH387ND,2024-01-01
B0BWH387ND,2024-01-29
B0BWJVP82W,2023-06-19
B0BWJVP82W,2023-07-17
B0BWJVP82W,2023-08-14
B0BWJVP82W,2023-09-11
B0BWJVP82W,2023-10-09
B0BWJVP82W,2023-11-06
B0BWJVP82W,2023-12-04
B0BWJVP82W,2024-01-01
B0BWJVP82W,2024-01-29
B0BWK1KQRH,2023-04-24
B0BWK1KQRH,2023-05-22
B0BWK1KQRH,2023-06-19
B0BWK1KQRH,2023-07-17
B0BWK1KQRH,2023-08-14
B0BWK1KQRH,2023-09-11
B0BWK1KQRH,2023-10-09
B0BWK1KQRH,2023-11-06
B0BWK1KQRH,2023-12-04
B0BWK1KQRH,2024-01-01
B0BWK1KQRH,2024-01-29
B0BWKF213B,2023-05-22
B0BWKF213B,2023-06-19
B0BWKF213B,2023-07-17
B0BWKF213B,2023-08-14
B0BWKF213B,2023-09-11
B0BWKF213B,2023-10-09
B0BWKF213B,2023-11-06
B0BWKF213B,2023-12-04
B0BWKF213B,2024-01-01
B0BWKF213B,2024-01-29
B0BWKQVKPB,2023-04-24
B0BWKQVKPB,2023-05-22
B0BWKQVKPB,2023-06-19
B0BWKQVKPB,2023-07-17
B0BWKQVKPB,2023-08-14
B0BWKQVKPB,2023-09-11
B0BWKQVKPB,2023-10-09
B0BWKQVKPB,2023-11-06
B0BWKQVKPB,2023-12-04
B0BWKQVKPB,2024-01-01
B0BWKQVKPB,2024-01-29
B0BWL3JGHM,2023-06-19
B0BWL3JGHM,2023-07-17
B0BWL3JGHM,2023-08-14
B0BWL3JGHM,2023-09-11
B0BWL3JGHM,2023-10-09
B0BWL3JGHM,2023-11-06
B0BWL3JGHM,2023-12-04
B0BWL3JGHM,2024-01-01
B0BWL3JGHM,2024-01-29
B0BWL88FYY,2023-06-19
B0BWL88FYY,2023-07-17
B0BWL88FYY,2023-08-14
B0BWL88FYY,2023-09-11
B0BWL88FYY,2023-10-09
B0BWL88FYY,2023-11-06
B0BWL88FYY,2023-12-04
B0BWL88FYY,2024-01-01
B0BWL88FYY,2024-01-29
B0BWL9W6RW,2023-11-06
B0BWL9W6RW,2023-12-04
B0BWL9W6RW,2024-01-01
B0BWL9W6RW,2024-01-29
B0BWM9YF4X,2023-09-11
B0BWM9YF4X,2023-10-09
B0BWM9YF4X,2023-11-06
B0BWM9YF4X,2023-12-04
B0BWM9YF4X,2024-01-01
B0BWM9YF4X,2024-01-29
B0BWRN55TD,2023-07-17
B0BWRN55TD,2023-08-14
B0BWRN55TD,2023-09-11
B0BWRN55TD,2023-10-09
B0BWRN55TD,2023-11-06
B0BWRN55TD,2023-12-04
B0BWRN55TD,2024-01-01
B0BWRN55TD,2024-01-29
B0BWSN5LNZ,2023-05-22
B0BWSN5LNZ,2023-06-19
B0BWSN5LNZ,2023-07-17
B0BWSN5LNZ,2023-08-14
B0BWSN5LNZ,2023-09-11
B0BWSN5LNZ,2023-10-09
B0BWSN5LNZ,2023-11-06
B0BWSN5LNZ,2023-12-04
B0BWSN5LNZ,2024-01-01
B0BWSN5LNZ,2024-01-29
B0BWT2Q182,2024-01-29
B0BWTPWYDH,2023-07-17
B0BWTPWYDH,2023-08-14
B0BWTPWYDH,2023-09-11
B0BWTPWYDH,2023-10-09
B0BWTPWYDH,2023-11-06
B0BWTPWYDH,2023-12-04
B0BWTPWYDH,2024-01-01
B0BWTPWYDH,2024-01-29
B0BWWHNBFL,2023-08-14
B0BWWHNBFL,2023-09-11
B0BWWHNBFL,2023-10-09
B0BWWHNBFL,2023-11-06
B0BWWHNBFL,2023-12-04
B0BWWHNBFL,2024-01-01
B0BWWHNBFL,2024-01-29
B0BWWRHT3J,2023-08-14
B0BWWRHT3J,2023-09-11
B0BWWRHT3J,2023-10-09
B0BWWRHT3J,2023-11-06
B0BWWRHT3J,2023-12-04
B0BWWRHT3J,2024-01-01
B0BWWRHT3J,2024-01-29
B0BWXD13PG,2023-05-22
B0BWXD13PG,2023-06-19
B0BWXD13PG,2023-07-17
B0BWXD13PG,2023-08-14
B0BWXD13PG,2023-09-11
B0BWXD13PG,2023-10-09
B0BWXD13PG,2023-11-06
B0BWXD13PG,2023-12-04
B0BWXD13PG,2024-01-01
B0BWXD13PG,2024-01-29
B0BWXRK33G,2023-05-22
B0BWXRK33G,2023-06-19
B0BWXRK33G,2023-07-17
B0BWXRK33G,2023-08-14
B0BWXRK33G,2023-09-11
B0BWXRK33G,2023-10-09
B0BWXRK33G,2023-11-06
B0BWXRK33G,2023-12-04
B0BWXRK33G,2024-01-01
B0BWXRK33G,2024-01-29
B0BX1FTLNT,2023-05-22
B0BX1FTLNT,2023-06-19
B0BX1FTLNT,2023-07-17
B0BX1FTLNT,2023-08-14
B0BX1FTLNT,2023-09-11
B0BX1FTLNT,2023-10-09
B0BX1FTLNT,2023-11-06
B0BX1FTLNT,2023-12-04
B0BX1FTLNT,2024-01-01
B0BX1FTLNT,2024-01-29
B0BX1WYZ38,2023-06-19
B0BX1WYZ38,2023-07-17
B0BX1WYZ38,2023-08-14
B0BX1WYZ38,2023-09-11
B0BX1WYZ38,2023-10-09
B0BX1WYZ38,2023-11-06
B0BX1WYZ38,2023-12-04
B0BX1WYZ38,2024-01-01
B0BX1WYZ38,2024-01-29
B0BX37W4N9,2023-07-17
B0BX37W4N9,2023-08-14
B0BX37W4N9,2023-09-11
B0BX37W4N9,2023-10-09
B0BX37W4N9,2023-11-06
B0BX37W4N9,2023-12-04
B0BX37W4N9,2024-01-01
B0BX37W4N9,2024-01-29
B0BX6BP39S,2023-07-17
B0BX6BP39S,2023-08-14
B0BX6BP39S,2023-09-11
B0BX6BP39S,2023-10-09
B0BX6BP39S,2023-11-06
B0BX6BP39S,2023-12-04
B0BX6BP39S,2024-01-01
B0BX6BP39S,2024-01-29
B0BX8G7VZG,2024-01-01
B0BX8G7VZG,2024-01-29
B0BX8RQKYN,2023-04-24
B0BX8RQKYN,2023-05-22
B0BX8RQKYN,2023-06-19
B0BX8RQKYN,2023-07-17
B0BX8RQKYN,2023-08-14
B0BX8RQKYN,2023-09-11
B0BX8RQKYN,2023-10-09
B0BX8RQKYN,2023-11-06
B0BX8RQKYN,2023-12-04
B0BX8RQKYN,2024-01-01
B0BX8RQKYN,2024-01-29
B0BX94RZLD,2023-04-24
B0BX94RZLD,2023-05-22
B0BX94RZLD,2023-06-19
B0BX94RZLD,2023-07-17
B0BX94RZLD,2023-08-14
B0BX94RZLD,2023-09-11
B0BX94RZLD,2023-10-09
B0BX94RZLD,2023-11-06
B0BX94RZLD,2023-12-04
B0BX94RZLD,2024-01-01
B0BX94RZLD,2024-01-29
B0BX97XLS4,2023-04-24
B0BX97XLS4,2023-05-22
B0BX97XLS4,2023-06-19
B0BX97XLS4,2023-07-17
B0BX97XLS4,2023-08-14
B0BX97XLS4,2023-09-11
B0BX97XLS4,2023-10-09
B0BX97XLS4,2023-11-06
B0BX97XLS4,2023-12-04
B0BX97XLS4,2024-01-01
B0BX97XLS4,2024-01-29
B0BX9BKH1N,2023-07-17
B0BX9BKH1N,2023-08-14
B0BX9BKH1N,2023-09-11
B0BX9BKH1N,2023-10-09
B0BX9BKH1N,2023-11-06
B0BX9BKH1N,2023-12-04
B0BX9BKH1N,2024-01-01
B0BX9BKH1N,2024-01-29
B0BXFTPRLK,2023-06-19
B0BXFTPRLK,2023-07-17
B0BXFTPRLK,2023-08-14
B0BXFTPRLK,2023-09-11
B0BXFTPRLK,2023-10-09
B0BXFTPRLK,2023-11-06
B0BXFTPRLK,2023-12-04
B0BXFTPRLK,2024-01-01
B0BXFTPRLK,2024-01-29
B0BXFVF46B,2023-11-06
B0BXFVF46B,2023-12-04
B0BXFVF46B,2024-01-01
B0BXFVF46B,2024-01-29
B0BXFVZLW1,2023-08-14
B0BXFVZLW1,2023-09-11
B0BXFVZLW1,2023-10-09
B0BXFVZLW1,2023-11-06
B0BXFVZLW1,2023-12-04
B0BXFVZLW1,2024-01-01
B0BXFVZLW1,2024-01-29
B0BXFW6PBB,2023-11-06
B0BXFW6PBB,2023-12-04
B0BXFW6PBB,2024-01-01
B0BXFW6PBB,2024-01-29
B0BXFW8J26,2023-10-09
B0BXFW8J26,2023-11-06
B0BXFW8J26,2023-12-04
B0BXFW8J26,2024-01-01
B0BXFW8J26,2024-01-29
B0BXFWFD9N,2023-10-09
B0BXFWFD9N,2023-11-06
B0BXFWFD9N,2023-12-04
B0BXFWFD9N,2024-01-01
B0BXFWFD9N,2024-01-29
B0BXFWPNC9,2023-10-09
B0BXFWPNC9,2023-11-06
B0BXFWPNC9,2023-12-04
B0BXFWPNC9,2024-01-01
B0BXFWPNC9,2024-01-29
B0BXFWYCJH,2023-06-19
B0BXFWYCJH,2023-07-17
B0BXFWYCJH,2023-08-14
B0BXFWYCJH,2023-09-11
B0BXFWYCJH,2023-10-09
B0BXFWYCJH,2023-11-06
B0BXFWYCJH,2023-12-04
B0BXFWYCJH,2024-01-01
B0BXFWYCJH,2024-01-29
B0BXFWZP2J,2023-10-09
B0BXFWZP2J,2023-11-06
B0BXFWZP2J,2023-12-04
B0BXFWZP2J,2024-01-01
B0BXFWZP2J,2024-01-29
B0BXFX2911,2023-06-19
B0BXFX2911,2023-07-17
B0BXFX2911,2023-08-14
B0BXFX2911,2023-09-11
B0BXFX2911,2023-10-09
B0BXFX2911,2023-11-06
B0BXFX2911,2023-12-04
B0BXFX2911,2024-01-01
B0BXFX2911,2024-01-29
B0BXFY8C8P,2023-08-14
B0BXFY8C8P,2023-09-11
B0BXFY8C8P,2023-10-09
B0BXFY8C8P,2023-11-06
B0BXFY8C8P,2023-12-04
B0BXFY8C8P,2024-01-01
B0BXFY8C8P,2024-01-29
B0BXFYBHZX,2023-08-14
B0BXFYBHZX,2023-09-11
B0BXFYBHZX,2023-10-09
B0BXFYBHZX,2023-11-06
B0BXFYBHZX,2023-12-04
B0BXFYBHZX,2024-01-01
B0BXFYBHZX,2024-01-29
B0BXH7YFCV,2023-07-17
B0BXH7YFCV,2023-08-14
B0BXH7YFCV,2023-09-11
B0BXH7YFCV,2023-10-09
B0BXH7YFCV,2023-11-06
B0BXH7YFCV,2023-12-04
B0BXH7YFCV,2024-01-01
B0BXH7YFCV,2024-01-29
B0BXH99L5S,2023-07-17
B0BXH99L5S,2023-08-14
B0BXH99L5S,2023-09-11
B0BXH99L5S,2023-10-09
B0BXH99L5S,2023-11-06
B0BXH99L5S,2023-12-04
B0BXH99L5S,2024-01-01
B0BXH99L5S,2024-01-29
B0BXH9N9MK,2023-07-17
B0BXH9N9MK,2023-08-14
B0BXH9N9MK,2023-09-11
B0BXH9N9MK,2023-10-09
B0BXH9N9MK,2023-11-06
B0BXH9N9MK,2023-12-04
B0BXH9N9MK,2024-01-01
B0BXH9N9MK,2024-01-29
B0BXJ1185S,2023-07-17
B0BXJ1185S,2023-08-14
B0BXJ1185S,2023-09-11
B0BXJ1185S,2023-10-09
B0BXJ1185S,2023-11-06
B0BXJ1185S,2023-12-04
B0BXJ1185S,2024-01-01
B0BXJ1185S,2024-01-29
B0BXJ1ZMV7,2023-08-14
B0BXJ1ZMV7,2023-09-11
B0BXJ1ZMV7,2023-10-09
B0BXJ1ZMV7,2023-11-06
B0BXJ1ZMV7,2023-12-04
B0BXJ1ZMV7,2024-01-01
B0BXJ1ZMV7,2024-01-29
B0BXLVZSF7,2023-05-22
B0BXLVZSF7,2023-06-19
B0BXLVZSF7,2023-07-17
B0BXLVZSF7,2023-08-14
B0BXLVZSF7,2023-09-11
B0BXLVZSF7,2023-10-09
B0BXLVZSF7,2023-11-06
B0BXLVZSF7,2023-12-04
B0BXLVZSF7,2024-01-01
B0BXLVZSF7,2024-01-29
B0BXNFJMFC,2023-06-19
B0BXNFJMFC,2023-07-17
B0BXNFJMFC,2023-08-14
B0BXNFJMFC,2023-09-11
B0BXNFJMFC,2023-10-09
B0BXNFJMFC,2023-11-06
B0BXNFJMFC,2023-12-04
B0BXNFJMFC,2024-01-01
B0BXNFJMFC,2024-01-29
B0BXRNKD15,2023-06-19
B0BXRNKD15,2023-07-17
B0BXRNKD15,2023-08-14
B0BXRNKD15,2023-09-11
B0BXRNKD15,2023-10-09
B0BXRNKD15,2023-11-06
B0BXRNKD15,2023-12-04
B0BXRNKD15,2024-01-01
B0BXRNKD15,2024-01-29
B0BXSGX64R,2023-07-17
B0BXSGX64R,2023-08-14
B0BXSGX64R,2023-09-11
B0BXSGX64R,2023-10-09
B0BXSGX64R,2023-11-06
B0BXSGX64R,2023-12-04
B0BXSGX64R,2024-01-01
B0BXSGX64R,2024-01-29
B0BXYXH2WB,2023-06-19
B0BXYXH2WB,2023-07-17
B0BXYXH2WB,2023-08-14
B0BXYXH2WB,2023-09-11
B0BXYXH2WB,2023-10-09
B0BXYXH2WB,2023-11-06
B0BXYXH2WB,2023-12-04
B0BXYXH2WB,2024-01-01
B0BXYXH2WB,2024-01-29
B0BY1GDNR7,2023-07-17
B0BY1GDNR7,2023-08-14
B0BY1GDNR7,2023-09-11
B0BY1GDNR7,2023-10-09
B0BY1GDNR7,2023-11-06
B0BY1GDNR7,2023-12-04
B0BY1GDNR7,2024-01-01
B0BY1GDNR7,2024-01-29
B0BY1HRSWQ,2023-05-22
B0BY1HRSWQ,2023-06-19
B0BY1HRSWQ,2023-07-17
B0BY1HRSWQ,2023-08-14
B0BY1HRSWQ,2023-09-11
B0BY1HRSWQ,2023-10-09
B0BY1HRSWQ,2023-11-06
B0BY1HRSWQ,2023-12-04
B0BY1HRSWQ,2024-01-01
B0BY1HRSWQ,2024-01-29
B0BY1K652P,2023-06-19
B0BY1K652P,2023-07-17
B0BY1K652P,2023-08-14
B0BY1K652P,2023-09-11
B0BY1K652P,2023-10-09
B0BY1K652P,2023-11-06
B0BY1K652P,2023-12-04
B0BY1K652P,2024-01-01
B0BY1K652P,2024-01-29
B0BY1NLYGY,2023-04-24
B0BY1NLYGY,2023-05-22
B0BY1NLYGY,2023-06-19
B0BY1NLYGY,2023-07-17
B0BY1NLYGY,2023-08-14
B0BY1NLYGY,2023-09-11
B0BY1NLYGY,2023-10-09
B0BY1NLYGY,2023-11-06
B0BY1NLYGY,2023-12-04
B0BY1NLYGY,2024-01-01
B0BY1NLYGY,2024-01-29
B0BY2L8FYJ,2023-08-14
B0BY2L8FYJ,2023-09-11
B0BY2L8FYJ,2023-10-09
B0BY2L8FYJ,2023-11-06
B0BY2L8FYJ,2023-12-04
B0BY2L8FYJ,2024-01-01
B0BY2L8FYJ,2024-01-29
B0BY2MC914,2023-08-14
B0BY2MC914,2023-09-11
B0BY2MC914,2023-10-09
B0BY2MC914,2023-11-06
B0BY2MC914,2023-12-04
B0BY2MC914,2024-01-01
B0BY2MC914,2024-01-29
B0BY3QDD7H,2023-07-17
B0BY3QDD7H,2023-08-14
B0BY3QDD7H,2023-09-11
B0BY3QDD7H,2023-10-09
B0BY3QDD7H,2023-11-06
B0BY3QDD7H,2023-12-04
B0BY3QDD7H,2024-01-01
B0BY3QDD7H,2024-01-29
B0BY6MGQKY,2023-09-11
B0BY6MGQKY,2023-10-09
B0BY6MGQKY,2023-11-06
B0BY6MGQKY,2023-12-04
B0BY6MGQKY,2024-01-01
B0BY6MGQKY,2024-01-29
B0BY8594YJ,2023-09-11
B0BY8594YJ,2023-10-09
B0BY8594YJ,2023-11-06
B0BY8594YJ,2023-12-04
B0BY8594YJ,2024-01-01
B0BY8594YJ,2024-01-29
B0BY88GQCD,2023-05-22
B0BY88GQCD,2023-06-19
B0BY88GQCD,2023-07-17
B0BY88GQCD,2023-08-14
B0BY88GQCD,2023-09-11
B0BY88GQCD,2023-10-09
B0BY88GQCD,2023-11-06
B0BY88GQCD,2023-12-04
B0BY88GQCD,2024-01-01
B0BY88GQCD,2024-01-29
B0BY8XMR71,2023-07-17
B0BY8XMR71,2023-08-14
B0BY8XMR71,2023-09-11
B0BY8XMR71,2023-10-09
B0BY8XMR71,2023-11-06
B0BY8XMR71,2023-12-04
B0BY8XMR71,2024-01-01
B0BY8XMR71,2024-01-29
B0BY8YYCW9,2023-07-17
B0BY8YYCW9,2023-08-14
B0BY8YYCW9,2023-09-11
B0BY8YYCW9,2023-10-09
B0BY8YYCW9,2023-11-06
B0BY8YYCW9,2023-12-04
B0BY8YYCW9,2024-01-01
B0BY8YYCW9,2024-01-29
B0BY9FFNPQ,2023-10-09
B0BY9FFNPQ,2023-11-06
B0BY9FFNPQ,2023-12-04
B0BY9FFNPQ,2024-01-01
B0BY9FFNPQ,2024-01-29
B0BYCMV72X,2023-05-22
B0BYCMV72X,2023-06-19
B0BYCMV72X,2023-07-17
B0BYCMV72X,2023-08-14
B0BYCMV72X,2023-09-11
B0BYCMV72X,2023-10-09
B0BYCMV72X,2023-11-06
B0BYCMV72X,2023-12-04
B0BYCMV72X,2024-01-01
B0BYCMV72X,2024-01-29
B0BYCYS14Y,2023-08-14
B0BYCYS14Y,2023-09-11
B0BYCYS14Y,2023-10-09
B0BYCYS14Y,2023-11-06
B0BYCYS14Y,2023-12-04
B0BYCYS14Y,2024-01-01
B0BYCYS14Y,2024-01-29
B0BYD5GJ69,2023-08-14
B0BYD5GJ69,2023-09-11
B0BYD5GJ69,2023-10-09
B0BYD5GJ69,2023-11-06
B0BYD5GJ69,2023-12-04
B0BYD5GJ69,2024-01-01
B0BYD5GJ69,2024-01-29
B0BYDBH46Y,2023-08-14
B0BYDBH46Y,2023-09-11
B0BYDBH46Y,2023-10-09
B0BYDBH46Y,2023-11-06
B0BYDBH46Y,2023-12-04
B0BYDBH46Y,2024-01-01
B0BYDBH46Y,2024-01-29
B0BYF5RCMW,2023-05-22
B0BYF5RCMW,2023-06-19
B0BYF5RCMW,2023-07-17
B0BYF5RCMW,2023-08-14
B0BYF5RCMW,2023-09-11
B0BYF5RCMW,2023-10-09
B0BYF5RCMW,2023-11-06
B0BYF5RCMW,2023-12-04
B0BYF5RCMW,2024-01-01
B0BYF5RCMW,2024-01-29
B0BYKBGPXD,2023-05-22
B0BYKBGPXD,2023-06-19
B0BYKBGPXD,2023-07-17
B0BYKBGPXD,2023-08-14
B0BYKBGPXD,2023-09-11
B0BYKBGPXD,2023-10-09
B0BYKBGPXD,2023-11-06
B0BYKBGPXD,2023-12-04
B0BYKBGPXD,2024-01-01
B0BYKBGPXD,2024-01-29
B0BYM58X2B,2023-05-22
B0BYM58X2B,2023-06-19
B0BYM58X2B,2023-07-17
B0BYM58X2B,2023-08-14
B0BYM58X2B,2023-09-11
B0BYM58X2B,2023-10-09
B0BYM58X2B,2023-11-06
B0BYM58X2B,2023-12-04
B0BYM58X2B,2024-01-01
B0BYM58X2B,2024-01-29
B0BYN2YKYM,2023-08-14
B0BYN2YKYM,2023-09-11
B0BYN2YKYM,2023-10-09
B0BYN2YKYM,2023-11-06
B0BYN2YKYM,2023-12-04
B0BYN2YKYM,2024-01-01
B0BYN2YKYM,2024-01-29
B0BYN33DNS,2023-08-14
B0BYN33DNS,2023-09-11
B0BYN33DNS,2023-10-09
B0BYN33DNS,2023-11-06
B0BYN33DNS,2023-12-04
B0BYN33DNS,2024-01-01
B0BYN33DNS,2024-01-29
B0BYN476WH,2023-08-14
B0BYN476WH,2023-09-11
B0BYN476WH,2023-10-09
B0BYN476WH,2023-11-06
B0BYN476WH,2023-12-04
B0BYN476WH,2024-01-01
B0BYN476WH,2024-01-29
B0BYN4D7S6,2023-08-14
B0BYN4D7S6,2023-09-11
B0BYN4D7S6,2023-10-09
B0BYN4D7S6,2023-11-06
B0BYN4D7S6,2023-12-04
B0BYN4D7S6,2024-01-01
B0BYN4D7S6,2024-01-29
B0BYN4LVN9,2023-08-14
B0BYN4LVN9,2023-09-11
B0BYN4LVN9,2023-10-09
B0BYN4LVN9,2023-11-06
B0BYN4LVN9,2023-12-04
B0BYN4LVN9,2024-01-01
B0BYN4LVN9,2024-01-29
B0BYN4P8BP,2023-08-14
B0BYN4P8BP,2023-09-11
B0BYN4P8BP,2023-10-09
B0BYN4P8BP,2023-11-06
B0BYN4P8BP,2023-12-04
B0BYN4P8BP,2024-01-01
B0BYN4P8BP,2024-01-29
B0BYN5HHVJ,2023-08-14
B0BYN5HHVJ,2023-09-11
B0BYN5HHVJ,2023-10-09
B0BYN5HHVJ,2023-11-06
B0BYN5HHVJ,2023-12-04
B0BYN5HHVJ,2024-01-01
B0BYN5HHVJ,2024-01-29
B0BYN68LDT,2023-08-14
B0BYN68LDT,2023-09-11
B0BYN68LDT,2023-10-09
B0BYN68LDT,2023-11-06
B0BYN68LDT,2023-12-04
B0BYN68LDT,2024-01-01
B0BYN68LDT,2024-01-29
B0BYN6QCK5,2023-08-14
B0BYN6QCK5,2023-09-11
B0BYN6QCK5,2023-10-09
B0BYN6QCK5,2023-11-06
B0BYN6QCK5,2023-12-04
B0BYN6QCK5,2024-01-01
B0BYN6QCK5,2024-01-29
B0BYN6ST22,2023-08-14
B0BYN6ST22,2023-09-11
B0BYN6ST22,2023-10-09
B0BYN6ST22,2023-11-06
B0BYN6ST22,2023-12-04
B0BYN6ST22,2024-01-01
B0BYN6ST22,2024-01-29
B0BYN6VN1H,2023-08-14
B0BYN6VN1H,2023-09-11
B0BYN6VN1H,2023-10-09
B0BYN6VN1H,2023-11-06
B0BYN6VN1H,2023-12-04
B0BYN6VN1H,2024-01-01
B0BYN6VN1H,2024-01-29
B0BYN6VWP4,2023-08-14
B0BYN6VWP4,2023-09-11
B0BYN6VWP4,2023-10-09
B0BYN6VWP4,2023-11-06
B0BYN6VWP4,2023-12-04
B0BYN6VWP4,2024-01-01
B0BYN6VWP4,2024-01-29
B0BYN7PT8W,2023-08-14
B0BYN7PT8W,2023-09-11
B0BYN7PT8W,2023-10-09
B0BYN7PT8W,2023-11-06
B0BYN7PT8W,2023-12-04
B0BYN7PT8W,2024-01-01
B0BYN7PT8W,2024-01-29
B0BYN8TG3Y,2023-08-14
B0BYN8TG3Y,2023-09-11
B0BYN8TG3Y,2023-10-09
B0BYN8TG3Y,2023-11-06
B0BYN8TG3Y,2023-12-04
B0BYN8TG3Y,2024-01-01
B0BYN8TG3Y,2024-01-29
B0BYN998TV,2023-08-14
B0BYN998TV,2023-09-11
B0BYN998TV,2023-10-09
B0BYN998TV,2023-11-06
B0BYN998TV,2023-12-04
B0BYN998TV,2024-01-01
B0BYN998TV,2024-01-29
B0BYNRYN4R,2023-06-19
B0BYNRYN4R,2023-07-17
B0BYNRYN4R,2023-08-14
B0BYNRYN4R,2023-09-11
B0BYNRYN4R,2023-10-09
B0BYNRYN4R,2023-11-06
B0BYNRYN4R,2023-12-04
B0BYNRYN4R,2024-01-01
B0BYNRYN4R,2024-01-29
B0BYNVXZFT,2023-07-17
B0BYNVXZFT,2023-08-14
B0BYNVXZFT,2023-09-11
B0BYNVXZFT,2023-10-09
B0BYNVXZFT,2023-11-06
B0BYNVXZFT,2023-12-04
B0BYNVXZFT,2024-01-01
B0BYNVXZFT,2024-01-29
B0BYNX28KG,2023-07-17
B0BYNX28KG,2023-08-14
B0BYNX28KG,2023-09-11
B0BYNX28KG,2023-10-09
B0BYNX28KG,2023-11-06
B0BYNX28KG,2023-12-04
B0BYNX28KG,2024-01-01
B0BYNX28KG,2024-01-29
B0BYPCMJZM,2023-06-19
B0BYPCMJZM,2023-07-17
B0BYPCMJZM,2023-08-14
B0BYPCMJZM,2023-09-11
B0BYPCMJZM,2023-10-09
B0BYPCMJZM,2023-11-06
B0BYPCMJZM,2023-12-04
B0BYPCMJZM,2024-01-01
B0BYPCMJZM,2024-01-29
B0BYRRLSJZ,2023-07-17
B0BYRRLSJZ,2023-08-14
B0BYRRLSJZ,2023-09-11
B0BYRRLSJZ,2023-10-09
B0BYRRLSJZ,2023-11-06
B0BYRRLSJZ,2023-12-04
B0BYRRLSJZ,2024-01-01
B0BYRRLSJZ,2024-01-29
B0BYRVYM5G,2023-12-04
B0BYRVYM5G,2024-01-01
B0BYRVYM5G,2024-01-29
B0BYRVZGVT,2023-11-06
B0BYRVZGVT,2023-12-04
B0BYRVZGVT,2024-01-01
B0BYRVZGVT,2024-01-29
B0BYRW8MC9,2023-09-11
B0BYRW8MC9,2023-10-09
B0BYRW8MC9,2023-11-06
B0BYRW8MC9,2023-12-04
B0BYRW8MC9,2024-01-01
B0BYRW8MC9,2024-01-29
B0BYRWDWBJ,2023-10-09
B0BYRWDWBJ,2023-11-06
B0BYRWDWBJ,2023-12-04
B0BYRWDWBJ,2024-01-01
B0BYRWDWBJ,2024-01-29
B0BYRWSDJV,2023-11-06
B0BYRWSDJV,2023-12-04
B0BYRWSDJV,2024-01-01
B0BYRWSDJV,2024-01-29
B0BYRWZ3DW,2023-12-04
B0BYRWZ3DW,2024-01-01
B0BYRWZ3DW,2024-01-29
B0BYRX1V6V,2023-10-09
B0BYRX1V6V,2023-11-06
B0BYRX1V6V,2023-12-04
B0BYRX1V6V,2024-01-01
B0BYRX1V6V,2024-01-29
B0BYRX8CMB,2023-12-04
B0BYRX8CMB,2024-01-01
B0BYRX8CMB,2024-01-29
B0BYRXKPN7,2023-12-04
B0BYRXKPN7,2024-01-01
B0BYRXKPN7,2024-01-29
B0BYRYR552,2023-12-04
B0BYRYR552,2024-01-01
B0BYRYR552,2024-01-29
B0BYTJQ94H,2023-12-04
B0BYTJQ94H,2024-01-01
B0BYTJQ94H,2024-01-29
B0BYV1KXNH,2023-06-19
B0BYV1KXNH,2023-07-17
B0BYV1KXNH,2023-08-14
B0BYV1KXNH,2023-09-11
B0BYV1KXNH,2023-10-09
B0BYV1KXNH,2023-11-06
B0BYV1KXNH,2023-12-04
B0BYV1KXNH,2024-01-01
B0BYV1KXNH,2024-01-29
B0BYV1QS6P,2023-06-19
B0BYV1QS6P,2023-07-17
B0BYV1QS6P,2023-08-14
B0BYV1QS6P,2023-09-11
B0BYV1QS6P,2023-10-09
B0BYV1QS6P,2023-11-06
B0BYV1QS6P,2023-12-04
B0BYV1QS6P,2024-01-01
B0BYV1QS6P,2024-01-29
B0BYV26G8Q,2023-06-19
B0BYV26G8Q,2023-07-17
B0BYV26G8Q,2023-08-14
B0BYV26G8Q,2023-09-11
B0BYV26G8Q,2023-10-09
B0BYV26G8Q,2023-11-06
B0BYV26G8Q,2023-12-04
B0BYV26G8Q,2024-01-01
B0BYV26G8Q,2024-01-29
B0BYV2CZLW,2023-06-19
B0BYV2CZLW,2023-07-17
B0BYV2CZLW,2023-08-14
B0BYV2CZLW,2023-09-11
B0BYV2CZLW,2023-10-09
B0BYV2CZLW,2023-11-06
B0BYV2CZLW,2023-12-04
B0BYV2CZLW,2024-01-01
B0BYV2CZLW,2024-01-29
B0BYV2FQMH,2023-06-19
B0BYV2FQMH,2023-07-17
B0BYV2FQMH,2023-08-14
B0BYV2FQMH,2023-09-11
B0BYV2FQMH,2023-10-09
B0BYV2FQMH,2023-11-06
B0BYV2FQMH,2023-12-04
B0BYV2FQMH,2024-01-01
B0BYV2FQMH,2024-01-29
B0BYV2HNBP,2023-06-19
B0BYV2HNBP,2023-07-17
B0BYV2HNBP,2023-08-14
B0BYV2HNBP,2023-09-11
B0BYV2HNBP,2023-10-09
B0BYV2HNBP,2023-11-06
B0BYV2HNBP,2023-12-04
B0BYV2HNBP,2024-01-01
B0BYV2HNBP,2024-01-29
B0BYV34ZY5,2023-06-19
B0BYV34ZY5,2023-07-17
B0BYV34ZY5,2023-08-14
B0BYV34ZY5,2023-09-11
B0BYV34ZY5,2023-10-09
B0BYV34ZY5,2023-11-06
B0BYV34ZY5,2023-12-04
B0BYV34ZY5,2024-01-01
B0BYV34ZY5,2024-01-29
B0BYV3C1LG,2023-06-19
B0BYV3C1LG,2023-07-17
B0BYV3C1LG,2023-08-14
B0BYV3C1LG,2023-09-11
B0BYV3C1LG,2023-10-09
B0BYV3C1LG,2023-11-06
B0BYV3C1LG,2023-12-04
B0BYV3C1LG,2024-01-01
B0BYV3C1LG,2024-01-29
B0BYV3NH78,2023-06-19
B0BYV3NH78,2023-07-17
B0BYV3NH78,2023-08-14
B0BYV3NH78,2023-09-11
B0BYV3NH78,2023-10-09
B0BYV3NH78,2023-11-06
B0BYV3NH78,2023-12-04
B0BYV3NH78,2024-01-01
B0BYV3NH78,2024-01-29
B0BYV4CRKR,2023-06-19
B0BYV4CRKR,2023-07-17
B0BYV4CRKR,2023-08-14
B0BYV4CRKR,2023-09-11
B0BYV4CRKR,2023-10-09
B0BYV4CRKR,2023-11-06
B0BYV4CRKR,2023-12-04
B0BYV4CRKR,2024-01-01
B0BYV4CRKR,2024-01-29
B0BYV4GY5S,2023-06-19
B0BYV4GY5S,2023-07-17
B0BYV4GY5S,2023-08-14
B0BYV4GY5S,2023-09-11
B0BYV4GY5S,2023-10-09
B0BYV4GY5S,2023-11-06
B0BYV4GY5S,2023-12-04
B0BYV4GY5S,2024-01-01
B0BYV4GY5S,2024-01-29
B0BYV4KJTG,2023-06-19
B0BYV4KJTG,2023-07-17
B0BYV4KJTG,2023-08-14
B0BYV4KJTG,2023-09-11
B0BYV4KJTG,2023-10-09
B0BYV4KJTG,2023-11-06
B0BYV4KJTG,2023-12-04
B0BYV4KJTG,2024-01-01
B0BYV4KJTG,2024-01-29
B0BYV4NFW1,2023-06-19
B0BYV4NFW1,2023-07-17
B0BYV4NFW1,2023-08-14
B0BYV4NFW1,2023-09-11
B0BYV4NFW1,2023-10-09
B0BYV4NFW1,2023-11-06
B0BYV4NFW1,2023-12-04
B0BYV4NFW1,2024-01-01
B0BYV4NFW1,2024-01-29
B0BYYN28J8,2023-08-14
B0BYYN28J8,2023-09-11
B0BYYN28J8,2023-10-09
B0BYYN28J8,2023-11-06
B0BYYN28J8,2023-12-04
B0BYYN28J8,2024-01-01
B0BYYN28J8,2024-01-29
B0BYYZFDNV,2023-10-09
B0BYYZFDNV,2023-11-06
B0BYYZFDNV,2023-12-04
B0BYYZFDNV,2024-01-01
B0BYYZFDNV,2024-01-29
B0BZ35FCGZ,2023-07-17
B0BZ35FCGZ,2023-08-14
B0BZ35FCGZ,2023-09-11
B0BZ35FCGZ,2023-10-09
B0BZ35FCGZ,2023-11-06
B0BZ35FCGZ,2023-12-04
B0BZ35FCGZ,2024-01-01
B0BZ35FCGZ,2024-01-29
B0BZ448224,2023-07-17
B0BZ448224,2023-08-14
B0BZ448224,2023-09-11
B0BZ448224,2023-10-09
B0BZ448224,2023-11-06
B0BZ448224,2023-12-04
B0BZ448224,2024-01-01
B0BZ448224,2024-01-29
B0BZ44PR1C,2023-07-17
B0BZ44PR1C,2023-08-14
B0BZ44PR1C,2023-09-11
B0BZ44PR1C,2023-10-09
B0BZ44PR1C,2023-11-06
B0BZ44PR1C,2023-12-04
B0BZ44PR1C,2024-01-01
B0BZ44PR1C,2024-01-29
B0BZD6J13H,2024-01-01
B0BZD6J13H,2024-01-29
B0BZD7R9HT,2024-01-01
B0BZD7R9HT,2024-01-29
B0BZFGZPXQ,2023-08-14
B0BZFGZPXQ,2023-09-11
B0BZFGZPXQ,2023-10-09
B0BZFGZPXQ,2023-11-06
B0BZFGZPXQ,2023-12-04
B0BZFGZPXQ,2024-01-01
B0BZFGZPXQ,2024-01-29
B0BZH3X9L4,2023-07-17
B0BZH3X9L4,2023-08-14
B0BZH3X9L4,2023-09-11
B0BZH3X9L4,2023-10-09
B0BZH3X9L4,2023-11-06
B0BZH3X9L4,2023-12-04
B0BZH3X9L4,2024-01-01
B0BZH3X9L4,2024-01-29
B0BZHS3V1X,2023-05-22
B0BZHS3V1X,2023-06-19
B0BZHS3V1X,2023-07-17
B0BZHS3V1X,2023-08-14
B0BZHS3V1X,2023-09-11
B0BZHS3V1X,2023-10-09
B0BZHS3V1X,2023-11-06
B0BZHS3V1X,2023-12-04
B0BZHS3V1X,2024-01-01
B0BZHS3V1X,2024-01-29
B0BZHVWSDT,2023-05-22
B0BZHVWSDT,2023-06-19
B0BZHVWSDT,2023-07-17
B0BZHVWSDT,2023-08-14
B0BZHVWSDT,2023-09-11
B0BZHVWSDT,2023-10-09
B0BZHVWSDT,2023-11-06
B0BZHVWSDT,2023-12-04
B0BZHVWSDT,2024-01-01
B0BZHVWSDT,2024-01-29
B0BZHY5JZP,2023-05-22
B0BZHY5JZP,2023-06-19
B0BZHY5JZP,2023-07-17
B0BZHY5JZP,2023-08-14
B0BZHY5JZP,2023-09-11
B0BZHY5JZP,2023-10-09
B0BZHY5JZP,2023-11-06
B0BZHY5JZP,2023-12-04
B0BZHY5JZP,2024-01-01
B0BZHY5JZP,2024-01-29
B0BZHYQ56R,2023-09-11
B0BZHYQ56R,2023-10-09
B0BZHYQ56R,2023-11-06
B0BZHYQ56R,2023-12-04
B0BZHYQ56R,2024-01-01
B0BZHYQ56R,2024-01-29
B0BZHZGXDX,2023-05-22
B0BZHZGXDX,2023-06-19
B0BZHZGXDX,2023-07-17
B0BZHZGXDX,2023-08-14
B0BZHZGXDX,2023-09-11
B0BZHZGXDX,2023-10-09
B0BZHZGXDX,2023-11-06
B0BZHZGXDX,2023-12-04
B0BZHZGXDX,2024-01-01
B0BZHZGXDX,2024-01-29
B0BZJ1Z99K,2023-05-22
B0BZJ1Z99K,2023-06-19
B0BZJ1Z99K,2023-07-17
B0BZJ1Z99K,2023-08-14
B0BZJ1Z99K,2023-09-11
B0BZJ1Z99K,2023-10-09
B0BZJ1Z99K,2023-11-06
B0BZJ1Z99K,2023-12-04
B0BZJ1Z99K,2024-01-01
B0BZJ1Z99K,2024-01-29
B0BZKWXG6Q,2023-07-17
B0BZKWXG6Q,2023-08-14
B0BZKWXG6Q,2023-09-11
B0BZKWXG6Q,2023-10-09
B0BZKWXG6Q,2023-11-06
B0BZKWXG6Q,2023-12-04
B0BZKWXG6Q,2024-01-01
B0BZKWXG6Q,2024-01-29
B0BZL16XDB,2023-07-17
B0BZL16XDB,2023-08-14
B0BZL16XDB,2023-09-11
B0BZL16XDB,2023-10-09
B0BZL16XDB,2023-11-06
B0BZL16XDB,2023-12-04
B0BZL16XDB,2024-01-01
B0BZL16XDB,2024-01-29
B0BZN4BK3G,2023-05-22
B0BZN4BK3G,2023-06-19
B0BZN4BK3G,2023-07-17
B0BZN4BK3G,2023-08-14
B0BZN4BK3G,2023-09-11
B0BZN4BK3G,2023-10-09
B0BZN4BK3G,2023-11-06
B0BZN4BK3G,2023-12-04
B0BZN4BK3G,2024-01-01
B0BZN4BK3G,2024-01-29
B0BZNBCX4K,2023-06-19
B0BZNBCX4K,2023-07-17
B0BZNBCX4K,2023-08-14
B0BZNBCX4K,2023-09-11
B0BZNBCX4K,2023-10-09
B0BZNBCX4K,2023-11-06
B0BZNBCX4K,2023-12-04
B0BZNBCX4K,2024-01-01
B0BZNBCX4K,2024-01-29
B0BZNXCQ3L,2023-07-17
B0BZNXCQ3L,2023-08-14
B0BZNXCQ3L,2023-09-11
B0BZNXCQ3L,2023-10-09
B0BZNXCQ3L,2023-11-06
B0BZNXCQ3L,2023-12-04
B0BZNXCQ3L,2024-01-01
B0BZNXCQ3L,2024-01-29
B0BZNYWZL7,2023-07-17
B0BZNYWZL7,2023-08-14
B0BZNYWZL7,2023-09-11
B0BZNYWZL7,2023-10-09
B0BZNYWZL7,2023-11-06
B0BZNYWZL7,2023-12-04
B0BZNYWZL7,2024-01-01
B0BZNYWZL7,2024-01-29
B0BZP918KC,2023-07-17
B0BZP918KC,2023-08-14
B0BZP918KC,2023-09-11
B0BZP918KC,2023-10-09
B0BZP918KC,2023-11-06
B0BZP918KC,2023-12-04
B0BZP918KC,2024-01-01
B0BZP918KC,2024-01-29
B0BZP9MD1L,2023-07-17
B0BZP9MD1L,2023-08-14
B0BZP9MD1L,2023-09-11
B0BZP9MD1L,2023-10-09
B0BZP9MD1L,2023-11-06
B0BZP9MD1L,2023-12-04
B0BZP9MD1L,2024-01-01
B0BZP9MD1L,2024-01-29
B0BZPBDJ19,2023-08-14
B0BZPBDJ19,2023-09-11
B0BZPBDJ19,2023-10-09
B0BZPBDJ19,2023-11-06
B0BZPBDJ19,2023-12-04
B0BZPBDJ19,2024-01-01
B0BZPBDJ19,2024-01-29
B0BZPC77C5,2023-08-14
B0BZPC77C5,2023-09-11
B0BZPC77C5,2023-10-09
B0BZPC77C5,2023-11-06
B0BZPC77C5,2023-12-04
B0BZPC77C5,2024-01-01
B0BZPC77C5,2024-01-29
B0BZPFYTH6,2023-07-17
B0BZPFYTH6,2023-08-14
B0BZPFYTH6,2023-09-11
B0BZPFYTH6,2023-10-09
B0BZPFYTH6,2023-11-06
B0BZPFYTH6,2023-12-04
B0BZPFYTH6,2024-01-01
B0BZPFYTH6,2024-01-29
B0BZPHST5F,2024-01-01
B0BZPHST5F,2024-01-29
B0BZPHZ9VT,2023-08-14
B0BZPHZ9VT,2023-09-11
B0BZPHZ9VT,2023-10-09
B0BZPHZ9VT,2023-11-06
B0BZPHZ9VT,2023-12-04
B0BZPHZ9VT,2024-01-01
B0BZPHZ9VT,2024-01-29
B0BZPK5B2V,2023-08-14
B0BZPK5B2V,2023-09-11
B0BZPK5B2V,2023-10-09
B0BZPK5B2V,2023-11-06
B0BZPK5B2V,2023-12-04
B0BZPK5B2V,2024-01-01
B0BZPK5B2V,2024-01-29
B0BZRVF1S6,2023-08-14
B0BZRVF1S6,2023-09-11
B0BZRVF1S6,2023-10-09
B0BZRVF1S6,2023-11-06
B0BZRVF1S6,2023-12-04
B0BZRVF1S6,2024-01-01
B0BZRVF1S6,2024-01-29
B0BZRVGBX1,2023-08-14
B0BZRVGBX1,2023-09-11
B0BZRVGBX1,2023-10-09
B0BZRVGBX1,2023-11-06
B0BZRVGBX1,2023-12-04
B0BZRVGBX1,2024-01-01
B0BZRVGBX1,2024-01-29
B0BZRWNW57,2023-08-14
B0BZRWNW57,2023-09-11
B0BZRWNW57,2023-10-09
B0BZRWNW57,2023-11-06
B0BZRWNW57,2023-12-04
B0BZRWNW57,2024-01-01
B0BZRWNW57,2024-01-29
B0BZRWXHJS,2023-09-11
B0BZRWXHJS,2023-10-09
B0BZRWXHJS,2023-11-06
B0BZRWXHJS,2023-12-04
B0BZRWXHJS,2024-01-01
B0BZRWXHJS,2024-01-29
B0BZTBCTXB,2023-06-19
B0BZTBCTXB,2023-07-17
B0BZTBCTXB,2023-08-14
B0BZTBCTXB,2023-09-11
B0BZTBCTXB,2023-10-09
B0BZTBCTXB,2023-11-06
B0BZTBCTXB,2023-12-04
B0BZTBCTXB,2024-01-01
B0BZTBCTXB,2024-01-29
B0BZV2WF12,2023-09-11
B0BZV2WF12,2023-10-09
B0BZV2WF12,2023-11-06
B0BZV2WF12,2023-12-04
B0BZV2WF12,2024-01-01
B0BZV2WF12,2024-01-29
B0BZXZFC69,2023-07-17
B0BZXZFC69,2023-08-14
B0BZXZFC69,2023-09-11
B0BZXZFC69,2023-10-09
B0BZXZFC69,2023-11-06
B0BZXZFC69,2023-12-04
B0BZXZFC69,2024-01-01
B0BZXZFC69,2024-01-29
B0BZXZNBWS,2023-07-17
B0BZXZNBWS,2023-08-14
B0BZXZNBWS,2023-09-11
B0BZXZNBWS,2023-10-09
B0BZXZNBWS,2023-11-06
B0BZXZNBWS,2023-12-04
B0BZXZNBWS,2024-01-01
B0BZXZNBWS,2024-01-29
B0BZY3WC1H,2023-09-11
B0BZY3WC1H,2023-10-09
B0BZY3WC1H,2023-11-06
B0BZY3WC1H,2023-12-04
B0BZY3WC1H,2024-01-01
B0BZY3WC1H,2024-01-29
B0BZY659G8,2023-09-11
B0BZY659G8,2023-10-09
B0BZY659G8,2023-11-06
B0BZY659G8,2023-12-04
B0BZY659G8,2024-01-01
B0BZY659G8,2024-01-29
B0BZYPQ67Q,2023-09-11
B0BZYPQ67Q,2023-10-09
B0BZYPQ67Q,2023-11-06
B0BZYPQ67Q,2023-12-04
B0BZYPQ67Q,2024-01-01
B0BZYPQ67Q,2024-01-29
B0BZYV9H79,2023-10-09
B0BZYV9H79,2023-11-06
B0BZYV9H79,2023-12-04
B0BZYV9H79,2024-01-01
B0BZYV9H79,2024-01-29
B0BZZ2KCWQ,2023-07-17
B0BZZ2KCWQ,2023-08-14
B0BZZ2KCWQ,2023-09-11
B0BZZ2KCWQ,2023-10-09
B0BZZ2KCWQ,2023-11-06
B0BZZ2KCWQ,2023-12-04
B0BZZ2KCWQ,2024-01-01
B0BZZ2KCWQ,2024-01-29
B0C11N1MB4,2023-07-17
B0C11N1MB4,2023-08-14
B0C11N1MB4,2023-09-11
B0C11N1MB4,2023-10-09
B0C11N1MB4,2023-11-06
B0C11N1MB4,2023-12-04
B0C11N1MB4,2024-01-01
B0C11N1MB4,2024-01-29
B0C14GJQW3,2023-05-22
B0C14GJQW3,2023-06-19
B0C14GJQW3,2023-07-17
B0C14GJQW3,2023-08-14
B0C14GJQW3,2023-09-11
B0C14GJQW3,2023-10-09
B0C14GJQW3,2023-11-06
B0C14GJQW3,2023-12-04
B0C14GJQW3,2024-01-01
B0C14GJQW3,2024-01-29
B0C14GN6SD,2023-05-22
B0C14GN6SD,2023-06-19
B0C14GN6SD,2023-07-17
B0C14GN6SD,2023-08-14
B0C14GN6SD,2023-09-11
B0C14GN6SD,2023-10-09
B0C14GN6SD,2023-11-06
B0C14GN6SD,2023-12-04
B0C14GN6SD,2024-01-01
B0C14GN6SD,2024-01-29
B0C14HY3C9,2023-05-22
B0C14HY3C9,2023-06-19
B0C14HY3C9,2023-07-17
B0C14HY3C9,2023-08-14
B0C14HY3C9,2023-09-11
B0C14HY3C9,2023-10-09
B0C14HY3C9,2023-11-06
B0C14HY3C9,2023-12-04
B0C14HY3C9,2024-01-01
B0C14HY3C9,2024-01-29
B0C1C3J28C,2023-07-17
B0C1C3J28C,2023-08-14
B0C1C3J28C,2023-09-11
B0C1C3J28C,2023-10-09
B0C1C3J28C,2023-11-06
B0C1C3J28C,2023-12-04
B0C1C3J28C,2024-01-01
B0C1C3J28C,2024-01-29
B0C1DCV8WS,2023-11-06
B0C1DCV8WS,2023-12-04
B0C1DCV8WS,2024-01-01
B0C1DCV8WS,2024-01-29
B0C1DQNGS3,2023-08-14
B0C1DQNGS3,2023-09-11
B0C1DQNGS3,2023-10-09
B0C1DQNGS3,2023-11-06
B0C1DQNGS3,2023-12-04
B0C1DQNGS3,2024-01-01
B0C1DQNGS3,2024-01-29
B0C1G8CYSR,2023-07-17
B0C1G8CYSR,2023-08-14
B0C1G8CYSR,2023-09-11
B0C1G8CYSR,2023-10-09
B0C1G8CYSR,2023-11-06
B0C1G8CYSR,2023-12-04
B0C1G8CYSR,2024-01-01
B0C1G8CYSR,2024-01-29
B0C1GVRM9N,2023-07-17
B0C1GVRM9N,2023-08-14
B0C1GVRM9N,2023-09-11
B0C1GVRM9N,2023-10-09
B0C1GVRM9N,2023-11-06
B0C1GVRM9N,2023-12-04
B0C1GVRM9N,2024-01-01
B0C1GVRM9N,2024-01-29
B0C1JMKJ1Y,2023-09-11
B0C1JMKJ1Y,2023-10-09
B0C1JMKJ1Y,2023-11-06
B0C1JMKJ1Y,2023-12-04
B0C1JMKJ1Y,2024-01-01
B0C1JMKJ1Y,2024-01-29
B0C1L8Z65L,2023-08-14
B0C1L8Z65L,2023-09-11
B0C1L8Z65L,2023-10-09
B0C1L8Z65L,2023-11-06
B0C1L8Z65L,2023-12-04
B0C1L8Z65L,2024-01-01
B0C1L8Z65L,2024-01-29
B0C1LFGRXH,2023-07-17
B0C1LFGRXH,2023-08-14
B0C1LFGRXH,2023-09-11
B0C1LFGRXH,2023-10-09
B0C1LFGRXH,2023-11-06
B0C1LFGRXH,2023-12-04
B0C1LFGRXH,2024-01-01
B0C1LFGRXH,2024-01-29
B0C1LPPB2N,2023-08-14
B0C1LPPB2N,2023-09-11
B0C1LPPB2N,2023-10-09
B0C1LPPB2N,2023-11-06
B0C1LPPB2N,2023-12-04
B0C1LPPB2N,2024-01-01
B0C1LPPB2N,2024-01-29
B0C1LRQ8FH,2023-08-14
B0C1LRQ8FH,2023-09-11
B0C1LRQ8FH,2023-10-09
B0C1LRQ8FH,2023-11-06
B0C1LRQ8FH,2023-12-04
B0C1LRQ8FH,2024-01-01
B0C1LRQ8FH,2024-01-29
B0C1NTCZ3N,2023-08-14
B0C1NTCZ3N,2023-09-11
B0C1NTCZ3N,2023-10-09
B0C1NTCZ3N,2023-11-06
B0C1NTCZ3N,2023-12-04
B0C1NTCZ3N,2024-01-01
B0C1NTCZ3N,2024-01-29
B0C1S3SV18,2023-08-14
B0C1S3SV18,2023-09-11
B0C1S3SV18,2023-10-09
B0C1S3SV18,2023-11-06
B0C1S3SV18,2023-12-04
B0C1S3SV18,2024-01-01
B0C1S3SV18,2024-01-29
B0C1S3YYDR,2023-08-14
B0C1S3YYDR,2023-09-11
B0C1S3YYDR,2023-10-09
B0C1S3YYDR,2023-11-06
B0C1S3YYDR,2023-12-04
B0C1S3YYDR,2024-01-01
B0C1S3YYDR,2024-01-29
B0C1S94LGY,2023-10-09
B0C1S94LGY,2023-11-06
B0C1S94LGY,2023-12-04
B0C1S94LGY,2024-01-01
B0C1S94LGY,2024-01-29
B0C1SJTGKP,2023-09-11
B0C1SJTGKP,2023-10-09
B0C1SJTGKP,2023-11-06
B0C1SJTGKP,2023-12-04
B0C1SJTGKP,2024-01-01
B0C1SJTGKP,2024-01-29
B0C1TMCTJ1,2023-12-04
B0C1TMCTJ1,2024-01-01
B0C1TMCTJ1,2024-01-29
B0C1XM1RFT,2023-08-14
B0C1XM1RFT,2023-09-11
B0C1XM1RFT,2023-10-09
B0C1XM1RFT,2023-11-06
B0C1XM1RFT,2023-12-04
B0C1XM1RFT,2024-01-01
B0C1XM1RFT,2024-01-29
B0C1Z2W168,2023-09-11
B0C1Z2W168,2023-10-09
B0C1Z2W168,2023-11-06
B0C1Z2W168,2023-12-04
B0C1Z2W168,2024-01-01
B0C1Z2W168,2024-01-29
B0C23HXXZK,2023-07-17
B0C23HXXZK,2023-08-14
B0C23HXXZK,2023-09-11
B0C23HXXZK,2023-10-09
B0C23HXXZK,2023-11-06
B0C23HXXZK,2023-12-04
B0C23HXXZK,2024-01-01
B0C23HXXZK,2024-01-29
B0C2CQ17YB,2023-08-14
B0C2CQ17YB,2023-09-11
B0C2CQ17YB,2023-10-09
B0C2CQ17YB,2023-11-06
B0C2CQ17YB,2023-12-04
B0C2CQ17YB,2024-01-01
B0C2CQ17YB,2024-01-29
B0C2CRGJFV,2023-12-04
B0C2CRGJFV,2024-01-01
B0C2CRGJFV,2024-01-29
B0C2GKTMBM,2023-07-17
B0C2GKTMBM,2023-08-14
B0C2GKTMBM,2023-09-11
B0C2GKTMBM,2023-10-09
B0C2GKTMBM,2023-11-06
B0C2GKTMBM,2023-12-04
B0C2GKTMBM,2024-01-01
B0C2GKTMBM,2024-01-29
B0C2HDT9W6,2023-07-17
B0C2HDT9W6,2023-08-14
B0C2HDT9W6,2023-09-11
B0C2HDT9W6,2023-10-09
B0C2HDT9W6,2023-11-06
B0C2HDT9W6,2023-12-04
B0C2HDT9W6,2024-01-01
B0C2HDT9W6,2024-01-29
B0C2KF7M35,2023-09-11
B0C2KF7M35,2023-10-09
B0C2KF7M35,2023-11-06
B0C2KF7M35,2023-12-04
B0C2KF7M35,2024-01-01
B0C2KF7M35,2024-01-29
B0C2KJK1QY,2023-09-11
B0C2KJK1QY,2023-10-09
B0C2KJK1QY,2023-11-06
B0C2KJK1QY,2023-12-04
B0C2KJK1QY,2024-01-01
B0C2KJK1QY,2024-01-29
B0C2KNGPW5,2023-08-14
B0C2KNGPW5,2023-09-11
B0C2KNGPW5,2023-10-09
B0C2KNGPW5,2023-11-06
B0C2KNGPW5,2023-12-04
B0C2KNGPW5,2024-01-01
B0C2KNGPW5,2024-01-29
B0C2KSBVR5,2023-08-14
B0C2KSBVR5,2023-09-11
B0C2KSBVR5,2023-10-09
B0C2KSBVR5,2023-11-06
B0C2KSBVR5,2023-12-04
B0C2KSBVR5,2024-01-01
B0C2KSBVR5,2024-01-29
B0C2PNL6D9,2023-07-17
B0C2PNL6D9,2023-08-14
B0C2PNL6D9,2023-09-11
B0C2PNL6D9,2023-10-09
B0C2PNL6D9,2023-11-06
B0C2PNL6D9,2023-12-04
B0C2PNL6D9,2024-01-01
B0C2PNL6D9,2024-01-29
B0C2Q8LVCW,2023-09-11
B0C2Q8LVCW,2023-10-09
B0C2Q8LVCW,2023-11-06
B0C2Q8LVCW,2023-12-04
B0C2Q8LVCW,2024-01-01
B0C2Q8LVCW,2024-01-29
B0C2T8K9CP,2023-09-11
B0C2T8K9CP,2023-10-09
B0C2T8K9CP,2023-11-06
B0C2T8K9CP,2023-12-04
B0C2T8K9CP,2024-01-01
B0C2T8K9CP,2024-01-29
B0C2T9MVHP,2023-09-11
B0C2T9MVHP,2023-10-09
B0C2T9MVHP,2023-11-06
B0C2T9MVHP,2023-12-04
B0C2T9MVHP,2024-01-01
B0C2T9MVHP,2024-01-29
B0C2TJDZ2J,2023-10-09
B0C2TJDZ2J,2023-11-06
B0C2TJDZ2J,2023-12-04
B0C2TJDZ2J,2024-01-01
B0C2TJDZ2J,2024-01-29
B0C2TZPFXF,2023-07-17
B0C2TZPFXF,2023-08-14
B0C2TZPFXF,2023-09-11
B0C2TZPFXF,2023-10-09
B0C2TZPFXF,2023-11-06
B0C2TZPFXF,2023-12-04
B0C2TZPFXF,2024-01-01
B0C2TZPFXF,2024-01-29
B0C2VZMS2G,2024-01-01
B0C2VZMS2G,2024-01-29
B0C2WXPMTJ,2023-07-17
B0C2WXPMTJ,2023-08-14
B0C2WXPMTJ,2023-09-11
B0C2WXPMTJ,2023-10-09
B0C2WXPMTJ,2023-11-06
B0C2WXPMTJ,2023-12-04
B0C2WXPMTJ,2024-01-01
B0C2WXPMTJ,2024-01-29
B0C2YB52W5,2023-07-17
B0C2YB52W5,2023-08-14
B0C2YB52W5,2023-09-11
B0C2YB52W5,2023-10-09
B0C2YB52W5,2023-11-06
B0C2YB52W5,2023-12-04
B0C2YB52W5,2024-01-01
B0C2YB52W5,2024-01-29
B0C2YKDX48,2023-07-17
B0C2YKDX48,2023-08-14
B0C2YKDX48,2023-09-11
B0C2YKDX48,2023-10-09
B0C2YKDX48,2023-11-06
B0C2YKDX48,2023-12-04
B0C2YKDX48,2024-01-01
B0C2YKDX48,2024-01-29
B0C2YV4LWT,2023-09-11
B0C2YV4LWT,2023-10-09
B0C2YV4LWT,2023-11-06
B0C2YV4LWT,2023-12-04
B0C2YV4LWT,2024-01-01
B0C2YV4LWT,2024-01-29
B0C2Z3P7BS,2023-06-19
B0C2Z3P7BS,2023-07-17
B0C2Z3P7BS,2023-08-14
B0C2Z3P7BS,2023-09-11
B0C2Z3P7BS,2023-10-09
B0C2Z3P7BS,2023-11-06
B0C2Z3P7BS,2023-12-04
B0C2Z3P7BS,2024-01-01
B0C2Z3P7BS,2024-01-29
B0C2Z754Y2,2023-07-17
B0C2Z754Y2,2023-08-14
B0C2Z754Y2,2023-09-11
B0C2Z754Y2,2023-10-09
B0C2Z754Y2,2023-11-06
B0C2Z754Y2,2023-12-04
B0C2Z754Y2,2024-01-01
B0C2Z754Y2,2024-01-29
B0C2Z8P8CT,2023-09-11
B0C2Z8P8CT,2023-10-09
B0C2Z8P8CT,2023-11-06
B0C2Z8P8CT,2023-12-04
B0C2Z8P8CT,2024-01-01
B0C2Z8P8CT,2024-01-29
B0C32MQMDW,2023-09-11
B0C32MQMDW,2023-10-09
B0C32MQMDW,2023-11-06
B0C32MQMDW,2023-12-04
B0C32MQMDW,2024-01-01
B0C32MQMDW,2024-01-29
B0C339XXVK,2023-07-17
B0C339XXVK,2023-08-14
B0C339XXVK,2023-09-11
B0C339XXVK,2023-10-09
B0C339XXVK,2023-11-06
B0C339XXVK,2023-12-04
B0C339XXVK,2024-01-01
B0C339XXVK,2024-01-29
B0C33SM6S4,2023-09-11
B0C33SM6S4,2023-10-09
B0C33SM6S4,2023-11-06
B0C33SM6S4,2023-12-04
B0C33SM6S4,2024-01-01
B0C33SM6S4,2024-01-29
B0C34RL1R4,2023-08-14
B0C34RL1R4,2023-09-11
B0C34RL1R4,2023-10-09
B0C34RL1R4,2023-11-06
B0C34RL1R4,2023-12-04
B0C34RL1R4,2024-01-01
B0C34RL1R4,2024-01-29
B0C37QFJJQ,2023-12-04
B0C37QFJJQ,2024-01-01
B0C37QFJJQ,2024-01-29
B0C38ZMSWG,2023-09-11
B0C38ZMSWG,2023-10-09
B0C38ZMSWG,2023-11-06
B0C38ZMSWG,2023-12-04
B0C38ZMSWG,2024-01-01
B0C38ZMSWG,2024-01-29
B0C39W3HB8,2023-07-17
B0C39W3HB8,2023-08-14
B0C39W3HB8,2023-09-11
B0C39W3HB8,2023-10-09
B0C39W3HB8,2023-11-06
B0C39W3HB8,2023-12-04
B0C39W3HB8,2024-01-01
B0C39W3HB8,2024-01-29
B0C3B2C2YW,2023-09-11
B0C3B2C2YW,2023-10-09
B0C3B2C2YW,2023-11-06
B0C3B2C2YW,2023-12-04
B0C3B2C2YW,2024-01-01
B0C3B2C2YW,2024-01-29
B0C3B32TMR,2023-08-14
B0C3B32TMR,2023-09-11
B0C3B32TMR,2023-10-09
B0C3B32TMR,2023-11-06
B0C3B32TMR,2023-12-04
B0C3B32TMR,2024-01-01
B0C3B32TMR,2024-01-29
B0C3B96L42,2023-08-14
B0C3B96L42,2023-09-11
B0C3B96L42,2023-10-09
B0C3B96L42,2023-11-06
B0C3B96L42,2023-12-04
B0C3B96L42,2024-01-01
B0C3B96L42,2024-01-29
B0C3G614D4,2023-08-14
B0C3G614D4,2023-09-11
B0C3G614D4,2023-10-09
B0C3G614D4,2023-11-06
B0C3G614D4,2023-12-04
B0C3G614D4,2024-01-01
B0C3G614D4,2024-01-29
B0C3GWGDJQ,2023-10-09
B0C3GWGDJQ,2023-11-06
B0C3GWGDJQ,2023-12-04
B0C3GWGDJQ,2024-01-01
B0C3GWGDJQ,2024-01-29
B0C3GX9DTC,2023-09-11
B0C3GX9DTC,2023-10-09
B0C3GX9DTC,2023-11-06
B0C3GX9DTC,2023-12-04
B0C3GX9DTC,2024-01-01
B0C3GX9DTC,2024-01-29
B0C3LS1YHG,2023-11-06
B0C3LS1YHG,2023-12-04
B0C3LS1YHG,2024-01-01
B0C3LS1YHG,2024-01-29
B0C3M7MJ8Q,2023-11-06
B0C3M7MJ8Q,2023-12-04
B0C3M7MJ8Q,2024-01-01
B0C3M7MJ8Q,2024-01-29
B0C3MCH5HD,2023-08-14
B0C3MCH5HD,2023-09-11
B0C3MCH5HD,2023-10-09
B0C3MCH5HD,2023-11-06
B0C3MCH5HD,2023-12-04
B0C3MCH5HD,2024-01-01
B0C3MCH5HD,2024-01-29
B0C3NFBM51,2023-08-14
B0C3NFBM51,2023-09-11
B0C3NFBM51,2023-10-09
B0C3NFBM51,2023-11-06
B0C3NFBM51,2023-12-04
B0C3NFBM51,2024-01-01
B0C3NFBM51,2024-01-29
B0C3R1NCM2,2023-08-14
B0C3R1NCM2,2023-09-11
B0C3R1NCM2,2023-10-09
B0C3R1NCM2,2023-11-06
B0C3R1NCM2,2023-12-04
B0C3R1NCM2,2024-01-01
B0C3R1NCM2,2024-01-29
B0C41RMYK4,2023-10-09
B0C41RMYK4,2023-11-06
B0C41RMYK4,2023-12-04
B0C41RMYK4,2024-01-01
B0C41RMYK4,2024-01-29
B0C41TJBY5,2023-08-14
B0C41TJBY5,2023-09-11
B0C41TJBY5,2023-10-09
B0C41TJBY5,2023-11-06
B0C41TJBY5,2023-12-04
B0C41TJBY5,2024-01-01
B0C41TJBY5,2024-01-29
B0C438V9D9,2024-01-01
B0C438V9D9,2024-01-29
B0C439Z9KL,2023-09-11
B0C439Z9KL,2023-10-09
B0C439Z9KL,2023-11-06
B0C439Z9KL,2023-12-04
B0C439Z9KL,2024-01-01
B0C439Z9KL,2024-01-29
B0C448L744,2023-07-17
B0C448L744,2023-08-14
B0C448L744,2023-09-11
B0C448L744,2023-10-09
B0C448L744,2023-11-06
B0C448L744,2023-12-04
B0C448L744,2024-01-01
B0C448L744,2024-01-29
B0C44Z3XY8,2023-09-11
B0C44Z3XY8,2023-10-09
B0C44Z3XY8,2023-11-06
B0C44Z3XY8,2023-12-04
B0C44Z3XY8,2024-01-01
B0C44Z3XY8,2024-01-29
B0C45R6NTG,2023-09-11
B0C45R6NTG,2023-10-09
B0C45R6NTG,2023-11-06
B0C45R6NTG,2023-12-04
B0C45R6NTG,2024-01-01
B0C45R6NTG,2024-01-29
B0C475C2CB,2023-09-11
B0C475C2CB,2023-10-09
B0C475C2CB,2023-11-06
B0C475C2CB,2023-12-04
B0C475C2CB,2024-01-01
B0C475C2CB,2024-01-29
B0C49FVF89,2024-01-01
B0C49FVF89,2024-01-29
B0C49HF5RR,2023-09-11
B0C49HF5RR,2023-10-09
B0C49HF5RR,2023-11-06
B0C49HF5RR,2023-12-04
B0C49HF5RR,2024-01-01
B0C49HF5RR,2024-01-29
B0C4B1XW4T,2023-09-11
B0C4B1XW4T,2023-10-09
B0C4B1XW4T,2023-11-06
B0C4B1XW4T,2023-12-04
B0C4B1XW4T,2024-01-01
B0C4B1XW4T,2024-01-29
B0C4B1YKP5,2023-09-11
B0C4B1YKP5,2023-10-09
B0C4B1YKP5,2023-11-06
B0C4B1YKP5,2023-12-04
B0C4B1YKP5,2024-01-01
B0C4B1YKP5,2024-01-29
B0C4B2CS1D,2023-10-09
B0C4B2CS1D,2023-11-06
B0C4B2CS1D,2023-12-04
B0C4B2CS1D,2024-01-01
B0C4B2CS1D,2024-01-29
B0C4D4VW9Z,2023-09-11
B0C4D4VW9Z,2023-10-09
B0C4D4VW9Z,2023-11-06
B0C4D4VW9Z,2023-12-04
B0C4D4VW9Z,2024-01-01
B0C4D4VW9Z,2024-01-29
B0C4DWX4QY,2023-09-11
B0C4DWX4QY,2023-10-09
B0C4DWX4QY,2023-11-06
B0C4DWX4QY,2023-12-04
B0C4DWX4QY,2024-01-01
B0C4DWX4QY,2024-01-29
B0C4F696Z8,2023-08-14
B0C4F696Z8,2023-09-11
B0C4F696Z8,2023-10-09
B0C4F696Z8,2023-11-06
B0C4F696Z8,2023-12-04
B0C4F696Z8,2024-01-01
B0C4F696Z8,2024-01-29
B0C4FPS7BX,2023-06-19
B0C4FPS7BX,2023-07-17
B0C4FPS7BX,2023-08-14
B0C4FPS7BX,2023-09-11
B0C4FPS7BX,2023-10-09
B0C4FPS7BX,2023-11-06
B0C4FPS7BX,2023-12-04
B0C4FPS7BX,2024-01-01
B0C4FPS7BX,2024-01-29
B0C4FSNBF2,2023-12-04
B0C4FSNBF2,2024-01-01
B0C4FSNBF2,2024-01-29
B0C4G4ZBVR,2023-09-11
B0C4G4ZBVR,2023-10-09
B0C4G4ZBVR,2023-11-06
B0C4G4ZBVR,2023-12-04
B0C4G4ZBVR,2024-01-01
B0C4G4ZBVR,2024-01-29
B0C4GCMWD5,2023-08-14
B0C4GCMWD5,2023-09-11
B0C4GCMWD5,2023-10-09
B0C4GCMWD5,2023-11-06
B0C4GCMWD5,2023-12-04
B0C4GCMWD5,2024-01-01
B0C4GCMWD5,2024-01-29
B0C4GD48YP,2023-08-14
B0C4GD48YP,2023-09-11
B0C4GD48YP,2023-10-09
B0C4GD48YP,2023-11-06
B0C4GD48YP,2023-12-04
B0C4GD48YP,2024-01-01
B0C4GD48YP,2024-01-29
B0C4GDMDGG,2023-08-14
B0C4GDMDGG,2023-09-11
B0C4GDMDGG,2023-10-09
B0C4GDMDGG,2023-11-06
B0C4GDMDGG,2023-12-04
B0C4GDMDGG,2024-01-01
B0C4GDMDGG,2024-01-29
B0C4GDY2PP,2023-08-14
B0C4GDY2PP,2023-09-11
B0C4GDY2PP,2023-10-09
B0C4GDY2PP,2023-11-06
B0C4GDY2PP,2023-12-04
B0C4GDY2PP,2024-01-01
B0C4GDY2PP,2024-01-29
B0C4GF8BX5,2023-08-14
B0C4GF8BX5,2023-09-11
B0C4GF8BX5,2023-10-09
B0C4GF8BX5,2023-11-06
B0C4GF8BX5,2023-12-04
B0C4GF8BX5,2024-01-01
B0C4GF8BX5,2024-01-29
B0C4GF8J16,2023-08-14
B0C4GF8J16,2023-09-11
B0C4GF8J16,2023-10-09
B0C4GF8J16,2023-11-06
B0C4GF8J16,2023-12-04
B0C4GF8J16,2024-01-01
B0C4GF8J16,2024-01-29
B0C4GYRYFN,2023-11-06
B0C4GYRYFN,2023-12-04
B0C4GYRYFN,2024-01-01
B0C4GYRYFN,2024-01-29
B0C4GZ8C9B,2023-08-14
B0C4GZ8C9B,2023-09-11
B0C4GZ8C9B,2023-10-09
B0C4GZ8C9B,2023-11-06
B0C4GZ8C9B,2023-12-04
B0C4GZ8C9B,2024-01-01
B0C4GZ8C9B,2024-01-29
B0C4H21RPM,2023-09-11
B0C4H21RPM,2023-10-09
B0C4H21RPM,2023-11-06
B0C4H21RPM,2023-12-04
B0C4H21RPM,2024-01-01
B0C4H21RPM,2024-01-29
B0C4J9KQ6D,2023-07-17
B0C4J9KQ6D,2023-08-14
B0C4J9KQ6D,2023-09-11
B0C4J9KQ6D,2023-10-09
B0C4J9KQ6D,2023-11-06
B0C4J9KQ6D,2023-12-04
B0C4J9KQ6D,2024-01-01
B0C4J9KQ6D,2024-01-29
B0C4K8HX5R,2024-01-01
B0C4K8HX5R,2024-01-29
B0C4L4BDW9,2023-07-17
B0C4L4BDW9,2023-08-14
B0C4L4BDW9,2023-09-11
B0C4L4BDW9,2023-10-09
B0C4L4BDW9,2023-11-06
B0C4L4BDW9,2023-12-04
B0C4L4BDW9,2024-01-01
B0C4L4BDW9,2024-01-29
B0C4L5CTSH,2023-07-17
B0C4L5CTSH,2023-08-14
B0C4L5CTSH,2023-09-11
B0C4L5CTSH,2023-10-09
B0C4L5CTSH,2023-11-06
B0C4L5CTSH,2023-12-04
B0C4L5CTSH,2024-01-01
B0C4L5CTSH,2024-01-29
B0C4NXX6T9,2023-09-11
B0C4NXX6T9,2023-10-09
B0C4NXX6T9,2023-11-06
B0C4NXX6T9,2023-12-04
B0C4NXX6T9,2024-01-01
B0C4NXX6T9,2024-01-29
B0C4P17KX4,2023-09-11
B0C4P17KX4,2023-10-09
B0C4P17KX4,2023-11-06
B0C4P17KX4,2023-12-04
B0C4P17KX4,2024-01-01
B0C4P17KX4,2024-01-29
B0C4P3QQRV,2023-08-14
B0C4P3QQRV,2023-09-11
B0C4P3QQRV,2023-10-09
B0C4P3QQRV,2023-11-06
B0C4P3QQRV,2023-12-04
B0C4P3QQRV,2024-01-01
B0C4P3QQRV,2024-01-29
B0C4PX7ZM7,2023-08-14
B0C4PX7ZM7,2023-09-11
B0C4PX7ZM7,2023-10-09
B0C4PX7ZM7,2023-11-06
B0C4PX7ZM7,2023-12-04
B0C4PX7ZM7,2024-01-01
B0C4PX7ZM7,2024-01-29
B0C4PY57MS,2023-07-17
B0C4PY57MS,2023-08-14
B0C4PY57MS,2023-09-11
B0C4PY57MS,2023-10-09
B0C4PY57MS,2023-11-06
B0C4PY57MS,2023-12-04
B0C4PY57MS,2024-01-01
B0C4PY57MS,2024-01-29
B0C4QY2MVJ,2023-12-04
B0C4QY2MVJ,2024-01-01
B0C4QY2MVJ,2024-01-29
B0C4T6L44Z,2023-11-06
B0C4T6L44Z,2023-12-04
B0C4T6L44Z,2024-01-01
B0C4T6L44Z,2024-01-29
B0C4XBYK2M,2023-06-19
B0C4XBYK2M,2023-07-17
B0C4XBYK2M,2023-08-14
B0C4XBYK2M,2023-09-11
B0C4XBYK2M,2023-10-09
B0C4XBYK2M,2023-11-06
B0C4XBYK2M,2023-12-04
B0C4XBYK2M,2024-01-01
B0C4XBYK2M,2024-01-29
B0C4YT58BW,2023-09-11
B0C4YT58BW,2023-10-09
B0C4YT58BW,2023-11-06
B0C4YT58BW,2023-12-04
B0C4YT58BW,2024-01-01
B0C4YT58BW,2024-01-29
B0C4Z7LNV9,2024-01-29
B0C4Z87XMD,2024-01-01
B0C4Z87XMD,2024-01-29
B0C53D2ZDW,2023-09-11
B0C53D2ZDW,2023-10-09
B0C53D2ZDW,2023-11-06
B0C53D2ZDW,2023-12-04
B0C53D2ZDW,2024-01-01
B0C53D2ZDW,2024-01-29
B0C541ZTN7,2023-09-11
B0C541ZTN7,2023-10-09
B0C541ZTN7,2023-11-06
B0C541ZTN7,2023-12-04
B0C541ZTN7,2024-01-01
B0C541ZTN7,2024-01-29
B0C54V79TV,2023-08-14
B0C54V79TV,2023-09-11
B0C54V79TV,2023-10-09
B0C54V79TV,2023-11-06
B0C54V79TV,2023-12-04
B0C54V79TV,2024-01-01
B0C54V79TV,2024-01-29
B0C54VZ4JP,2023-08-14
B0C54VZ4JP,2023-09-11
B0C54VZ4JP,2023-10-09
B0C54VZ4JP,2023-11-06
B0C54VZ4JP,2023-12-04
B0C54VZ4JP,2024-01-01
B0C54VZ4JP,2024-01-29
B0C559MP7H,2023-08-14
B0C559MP7H,2023-09-11
B0C559MP7H,2023-10-09
B0C559MP7H,2023-11-06
B0C559MP7H,2023-12-04
B0C559MP7H,2024-01-01
B0C559MP7H,2024-01-29
B0C55TQWTY,2023-06-19
B0C55TQWTY,2023-07-17
B0C55TQWTY,2023-08-14
B0C55TQWTY,2023-09-11
B0C55TQWTY,2023-10-09
B0C55TQWTY,2023-11-06
B0C55TQWTY,2023-12-04
B0C55TQWTY,2024-01-01
B0C55TQWTY,2024-01-29
B0C58TL98W,2023-06-19
B0C58TL98W,2023-07-17
B0C58TL98W,2023-08-14
B0C58TL98W,2023-09-11
B0C58TL98W,2023-10-09
B0C58TL98W,2023-11-06
B0C58TL98W,2023-12-04
B0C58TL98W,2024-01-01
B0C58TL98W,2024-01-29
B0C58V1CJ6,2023-09-11
B0C58V1CJ6,2023-10-09
B0C58V1CJ6,2023-11-06
B0C58V1CJ6,2023-12-04
B0C58V1CJ6,2024-01-01
B0C58V1CJ6,2024-01-29
B0C58W7PTV,2023-06-19
B0C58W7PTV,2023-07-17
B0C58W7PTV,2023-08-14
B0C58W7PTV,2023-09-11
B0C58W7PTV,2023-10-09
B0C58W7PTV,2023-11-06
B0C58W7PTV,2023-12-04
B0C58W7PTV,2024-01-01
B0C58W7PTV,2024-01-29
B0C58XPYH9,2023-06-19
B0C58XPYH9,2023-07-17
B0C58XPYH9,2023-08-14
B0C58XPYH9,2023-09-11
B0C58XPYH9,2023-10-09
B0C58XPYH9,2023-11-06
B0C58XPYH9,2023-12-04
B0C58XPYH9,2024-01-01
B0C58XPYH9,2024-01-29
B0C596ZX4B,2023-10-09
B0C596ZX4B,2023-11-06
B0C596ZX4B,2023-12-04
B0C596ZX4B,2024-01-01
B0C596ZX4B,2024-01-29
B0C59BC86L,2023-10-09
B0C59BC86L,2023-11-06
B0C59BC86L,2023-12-04
B0C59BC86L,2024-01-01
B0C59BC86L,2024-01-29
B0C59FLDJS,2024-01-01
B0C59FLDJS,2024-01-29
B0C59YQGYT,2023-07-17
B0C59YQGYT,2023-08-14
B0C59YQGYT,2023-09-11
B0C59YQGYT,2023-10-09
B0C59YQGYT,2023-11-06
B0C59YQGYT,2023-12-04
B0C59YQGYT,2024-01-01
B0C59YQGYT,2024-01-29
B0C59YRJYT,2023-06-19
B0C59YRJYT,2023-07-17
B0C59YRJYT,2023-08-14
B0C59YRJYT,2023-09-11
B0C59YRJYT,2023-10-09
B0C59YRJYT,2023-11-06
B0C59YRJYT,2023-12-04
B0C59YRJYT,2024-01-01
B0C59YRJYT,2024-01-29
B0C5BBZQY6,2023-10-09
B0C5BBZQY6,2023-11-06
B0C5BBZQY6,2023-12-04
B0C5BBZQY6,2024-01-01
B0C5BBZQY6,2024-01-29
B0C5BJ1ZNV,2023-06-19
B0C5BJ1ZNV,2023-07-17
B0C5BJ1ZNV,2023-08-14
B0C5BJ1ZNV,2023-09-11
B0C5BJ1ZNV,2023-10-09
B0C5BJ1ZNV,2023-11-06
B0C5BJ1ZNV,2023-12-04
B0C5BJ1ZNV,2024-01-01
B0C5BJ1ZNV,2024-01-29
B0C5BS2BD5,2023-11-06
B0C5BS2BD5,2023-12-04
B0C5BS2BD5,2024-01-01
B0C5BS2BD5,2024-01-29
B0C5BV6CGN,2023-06-19
B0C5BV6CGN,2023-07-17
B0C5BV6CGN,2023-08-14
B0C5BV6CGN,2023-09-11
B0C5BV6CGN,2023-10-09
B0C5BV6CGN,2023-11-06
B0C5BV6CGN,2023-12-04
B0C5BV6CGN,2024-01-01
B0C5BV6CGN,2024-01-29
B0C5BW5NC5,2023-07-17
B0C5BW5NC5,2023-08-14
B0C5BW5NC5,2023-09-11
B0C5BW5NC5,2023-10-09
B0C5BW5NC5,2023-11-06
B0C5BW5NC5,2023-12-04
B0C5BW5NC5,2024-01-01
B0C5BW5NC5,2024-01-29
B0C5BX79CL,2023-06-19
B0C5BX79CL,2023-07-17
B0C5BX79CL,2023-08-14
B0C5BX79CL,2023-09-11
B0C5BX79CL,2023-10-09
B0C5BX79CL,2023-11-06
B0C5BX79CL,2023-12-04
B0C5BX79CL,2024-01-01
B0C5BX79CL,2024-01-29
B0C5BY1ZBN,2023-10-09
B0C5BY1ZBN,2023-11-06
B0C5BY1ZBN,2023-12-04
B0C5BY1ZBN,2024-01-01
B0C5BY1ZBN,2024-01-29
B0C5C7YPPW,2023-07-17
B0C5C7YPPW,2023-08-14
B0C5C7YPPW,2023-09-11
B0C5C7YPPW,2023-10-09
B0C5C7YPPW,2023-11-06
B0C5C7YPPW,2023-12-04
B0C5C7YPPW,2024-01-01
B0C5C7YPPW,2024-01-29
B0C5DHPT1L,2023-09-11
B0C5DHPT1L,2023-10-09
B0C5DHPT1L,2023-11-06
B0C5DHPT1L,2023-12-04
B0C5DHPT1L,2024-01-01
B0C5DHPT1L,2024-01-29
B0C5HKVJ3C,2023-08-14
B0C5HKVJ3C,2023-09-11
B0C5HKVJ3C,2023-10-09
B0C5HKVJ3C,2023-11-06
B0C5HKVJ3C,2023-12-04
B0C5HKVJ3C,2024-01-01
B0C5HKVJ3C,2024-01-29
B0C5HP16MZ,2023-08-14
B0C5HP16MZ,2023-09-11
B0C5HP16MZ,2023-10-09
B0C5HP16MZ,2023-11-06
B0C5HP16MZ,2023-12-04
B0C5HP16MZ,2024-01-01
B0C5HP16MZ,2024-01-29
B0C5HPZ6NS,2023-08-14
B0C5HPZ6NS,2023-09-11
B0C5HPZ6NS,2023-10-09
B0C5HPZ6NS,2023-11-06
B0C5HPZ6NS,2023-12-04
B0C5HPZ6NS,2024-01-01
B0C5HPZ6NS,2024-01-29
B0C5K33V89,2023-06-19
B0C5K33V89,2023-07-17
B0C5K33V89,2023-08-14
B0C5K33V89,2023-09-11
B0C5K33V89,2023-10-09
B0C5K33V89,2023-11-06
B0C5K33V89,2023-12-04
B0C5K33V89,2024-01-01
B0C5K33V89,2024-01-29
B0C5LMS66Z,2023-09-11
B0C5LMS66Z,2023-10-09
B0C5LMS66Z,2023-11-06
B0C5LMS66Z,2023-12-04
B0C5LMS66Z,2024-01-01
B0C5LMS66Z,2024-01-29
B0C5LSGS1Z,2023-09-11
B0C5LSGS1Z,2023-10-09
B0C5LSGS1Z,2023-11-06
B0C5LSGS1Z,2023-12-04
B0C5LSGS1Z,2024-01-01
B0C5LSGS1Z,2024-01-29
B0C5MGFZ2J,2023-09-11
B0C5MGFZ2J,2023-10-09
B0C5MGFZ2J,2023-11-06
B0C5MGFZ2J,2023-12-04
B0C5MGFZ2J,2024-01-01
B0C5MGFZ2J,2024-01-29
B0C5MHSP5M,2023-09-11
B0C5MHSP5M,2023-10-09
B0C5MHSP5M,2023-11-06
B0C5MHSP5M,2023-12-04
B0C5MHSP5M,2024-01-01
B0C5MHSP5M,2024-01-29
B0C5MHW4PJ,2023-08-14
B0C5MHW4PJ,2023-09-11
B0C5MHW4PJ,2023-10-09
B0C5MHW4PJ,2023-11-06
B0C5MHW4PJ,2023-12-04
B0C5MHW4PJ,2024-01-01
B0C5MHW4PJ,2024-01-29
B0C5MJB7G1,2023-09-11
B0C5MJB7G1,2023-10-09
B0C5MJB7G1,2023-11-06
B0C5MJB7G1,2023-12-04
B0C5MJB7G1,2024-01-01
B0C5MJB7G1,2024-01-29
B0C5MJCK7Z,2023-09-11
B0C5MJCK7Z,2023-10-09
B0C5MJCK7Z,2023-11-06
B0C5MJCK7Z,2023-12-04
B0C5MJCK7Z,2024-01-01
B0C5MJCK7Z,2024-01-29
B0C5MJKD22,2023-09-11
B0C5MJKD22,2023-10-09
B0C5MJKD22,2023-11-06
B0C5MJKD22,2023-12-04
B0C5MJKD22,2024-01-01
B0C5MJKD22,2024-01-29
B0C5MJL6Y5,2023-09-11
B0C5MJL6Y5,2023-10-09
B0C5MJL6Y5,2023-11-06
B0C5MJL6Y5,2023-12-04
B0C5MJL6Y5,2024-01-01
B0C5MJL6Y5,2024-01-29
B0C5MKQ572,2023-09-11
B0C5MKQ572,2023-10-09
B0C5MKQ572,2023-11-06
B0C5MKQ572,2023-12-04
B0C5MKQ572,2024-01-01
B0C5MKQ572,2024-01-29
B0C5MKRML5,2023-08-14
B0C5MKRML5,2023-09-11
B0C5MKRML5,2023-10-09
B0C5MKRML5,2023-11-06
B0C5MKRML5,2023-12-04
B0C5MKRML5,2024-01-01
B0C5MKRML5,2024-01-29
B0C5MKVQL8,2023-08-14
B0C5MKVQL8,2023-09-11
B0C5MKVQL8,2023-10-09
B0C5MKVQL8,2023-11-06
B0C5MKVQL8,2023-12-04
B0C5MKVQL8,2024-01-01
B0C5MKVQL8,2024-01-29
B0C5MM5P8F,2023-09-11
B0C5MM5P8F,2023-10-09
B0C5MM5P8F,2023-11-06
B0C5MM5P8F,2023-12-04
B0C5MM5P8F,2024-01-01
B0C5MM5P8F,2024-01-29
B0C5MN57FS,2023-09-11
B0C5MN57FS,2023-10-09
B0C5MN57FS,2023-11-06
B0C5MN57FS,2023-12-04
B0C5MN57FS,2024-01-01
B0C5MN57FS,2024-01-29
B0C5MSZTR4,2023-08-14
B0C5MSZTR4,2023-09-11
B0C5MSZTR4,2023-10-09
B0C5MSZTR4,2023-11-06
B0C5MSZTR4,2023-12-04
B0C5MSZTR4,2024-01-01
B0C5MSZTR4,2024-01-29
B0C5MVLCST,2023-09-11
B0C5MVLCST,2023-10-09
B0C5MVLCST,2023-11-06
B0C5MVLCST,2023-12-04
B0C5MVLCST,2024-01-01
B0C5MVLCST,2024-01-29
B0C5N7GQHM,2023-12-04
B0C5N7GQHM,2024-01-01
B0C5N7GQHM,2024-01-29
B0C5PR46LM,2023-08-14
B0C5PR46LM,2023-09-11
B0C5PR46LM,2023-10-09
B0C5PR46LM,2023-11-06
B0C5PR46LM,2023-12-04
B0C5PR46LM,2024-01-01
B0C5PR46LM,2024-01-29
B0C5QHTJTH,2023-09-11
B0C5QHTJTH,2023-10-09
B0C5QHTJTH,2023-11-06
B0C5QHTJTH,2023-12-04
B0C5QHTJTH,2024-01-01
B0C5QHTJTH,2024-01-29
B0C5QL8CNG,2023-09-11
B0C5QL8CNG,2023-10-09
B0C5QL8CNG,2023-11-06
B0C5QL8CNG,2023-12-04
B0C5QL8CNG,2024-01-01
B0C5QL8CNG,2024-01-29
B0C5QLT77V,2023-09-11
B0C5QLT77V,2023-10-09
B0C5QLT77V,2023-11-06
B0C5QLT77V,2023-12-04
B0C5QLT77V,2024-01-01
B0C5QLT77V,2024-01-29
B0C5QLWF7K,2023-09-11
B0C5QLWF7K,2023-10-09
B0C5QLWF7K,2023-11-06
B0C5QLWF7K,2023-12-04
B0C5QLWF7K,2024-01-01
B0C5QLWF7K,2024-01-29
B0C5QMNXLJ,2023-09-11
B0C5QMNXLJ,2023-10-09
B0C5QMNXLJ,2023-11-06
B0C5QMNXLJ,2023-12-04
B0C5QMNXLJ,2024-01-01
B0C5QMNXLJ,2024-01-29
B0C5QP676Y,2023-09-11
B0C5QP676Y,2023-10-09
B0C5QP676Y,2023-11-06
B0C5QP676Y,2023-12-04
B0C5QP676Y,2024-01-01
B0C5QP676Y,2024-01-29
B0C5R45C7L,2023-09-11
B0C5R45C7L,2023-10-09
B0C5R45C7L,2023-11-06
B0C5R45C7L,2023-12-04
B0C5R45C7L,2024-01-01
B0C5R45C7L,2024-01-29
B0C5SLWN21,2023-10-09
B0C5SLWN21,2023-11-06
B0C5SLWN21,2023-12-04
B0C5SLWN21,2024-01-01
B0C5SLWN21,2024-01-29
B0C5SWC5FS,2023-09-11
B0C5SWC5FS,2023-10-09
B0C5SWC5FS,2023-11-06
B0C5SWC5FS,2023-12-04
B0C5SWC5FS,2024-01-01
B0C5SWC5FS,2024-01-29
B0C5TPK1BX,2023-08-14
B0C5TPK1BX,2023-09-11
B0C5TPK1BX,2023-10-09
B0C5TPK1BX,2023-11-06
B0C5TPK1BX,2023-12-04
B0C5TPK1BX,2024-01-01
B0C5TPK1BX,2024-01-29
B0C5TZ9365,2023-09-11
B0C5TZ9365,2023-10-09
B0C5TZ9365,2023-11-06
B0C5TZ9365,2023-12-04
B0C5TZ9365,2024-01-01
B0C5TZ9365,2024-01-29
B0C5WQR3MH,2023-09-11
B0C5WQR3MH,2023-10-09
B0C5WQR3MH,2023-11-06
B0C5WQR3MH,2023-12-04
B0C5WQR3MH,2024-01-01
B0C5WQR3MH,2024-01-29
B0C5WR15HV,2023-10-09
B0C5WR15HV,2023-11-06
B0C5WR15HV,2023-12-04
B0C5WR15HV,2024-01-01
B0C5WR15HV,2024-01-29
B0C5WT88GY,2023-11-06
B0C5WT88GY,2023-12-04
B0C5WT88GY,2024-01-01
B0C5WT88GY,2024-01-29
B0C5XBPFXQ,2023-08-14
B0C5XBPFXQ,2023-09-11
B0C5XBPFXQ,2023-10-09
B0C5XBPFXQ,2023-11-06
B0C5XBPFXQ,2023-12-04
B0C5XBPFXQ,2024-01-01
B0C5XBPFXQ,2024-01-29
B0C5XC48NM,2023-08-14
B0C5XC48NM,2023-09-11
B0C5XC48NM,2023-10-09
B0C5XC48NM,2023-11-06
B0C5XC48NM,2023-12-04
B0C5XC48NM,2024-01-01
B0C5XC48NM,2024-01-29
B0C5XJCYNC,2023-08-14
B0C5XJCYNC,2023-09-11
B0C5XJCYNC,2023-10-09
B0C5XJCYNC,2023-11-06
B0C5XJCYNC,2023-12-04
B0C5XJCYNC,2024-01-01
B0C5XJCYNC,2024-01-29
B0C612CCM1,2023-08-14
B0C612CCM1,2023-09-11
B0C612CCM1,2023-10-09
B0C612CCM1,2023-11-06
B0C612CCM1,2023-12-04
B0C612CCM1,2024-01-01
B0C612CCM1,2024-01-29
B0C62KP4C4,2023-08-14
B0C62KP4C4,2023-09-11
B0C62KP4C4,2023-10-09
B0C62KP4C4,2023-11-06
B0C62KP4C4,2023-12-04
B0C62KP4C4,2024-01-01
B0C62KP4C4,2024-01-29
B0C637TYXB,2023-09-11
B0C637TYXB,2023-10-09
B0C637TYXB,2023-11-06
B0C637TYXB,2023-12-04
B0C637TYXB,2024-01-01
B0C637TYXB,2024-01-29
B0C63BT8XM,2023-10-09
B0C63BT8XM,2023-11-06
B0C63BT8XM,2023-12-04
B0C63BT8XM,2024-01-01
B0C63BT8XM,2024-01-29
B0C64T49QV,2023-10-09
B0C64T49QV,2023-11-06
B0C64T49QV,2023-12-04
B0C64T49QV,2024-01-01
B0C64T49QV,2024-01-29
B0C64WF5K3,2023-10-09
B0C64WF5K3,2023-11-06
B0C64WF5K3,2023-12-04
B0C64WF5K3,2024-01-01
B0C64WF5K3,2024-01-29
B0C652CLT2,2023-12-04
B0C652CLT2,2024-01-01
B0C652CLT2,2024-01-29
B0C655C21D,2023-09-11
B0C655C21D,2023-10-09
B0C655C21D,2023-11-06
B0C655C21D,2023-12-04
B0C655C21D,2024-01-01
B0C655C21D,2024-01-29
B0C68PD4V9,2023-08-14
B0C68PD4V9,2023-09-11
B0C68PD4V9,2023-10-09
B0C68PD4V9,2023-11-06
B0C68PD4V9,2023-12-04
B0C68PD4V9,2024-01-01
B0C68PD4V9,2024-01-29
B0C68XVST4,2023-10-09
B0C68XVST4,2023-11-06
B0C68XVST4,2023-12-04
B0C68XVST4,2024-01-01
B0C68XVST4,2024-01-29
B0C69GYHRS,2023-10-09
B0C69GYHRS,2023-11-06
B0C69GYHRS,2023-12-04
B0C69GYHRS,2024-01-01
B0C69GYHRS,2024-01-29
B0C69JQNKZ,2023-07-17
B0C69JQNKZ,2023-08-14
B0C69JQNKZ,2023-09-11
B0C69JQNKZ,2023-10-09
B0C69JQNKZ,2023-11-06
B0C69JQNKZ,2023-12-04
B0C69JQNKZ,2024-01-01
B0C69JQNKZ,2024-01-29
B0C6DQYW94,2023-09-11
B0C6DQYW94,2023-10-09
B0C6DQYW94,2023-11-06
B0C6DQYW94,2023-12-04
B0C6DQYW94,2024-01-01
B0C6DQYW94,2024-01-29
B0C6DRTH4T,2023-09-11
B0C6DRTH4T,2023-10-09
B0C6DRTH4T,2023-11-06
B0C6DRTH4T,2023-12-04
B0C6DRTH4T,2024-01-01
B0C6DRTH4T,2024-01-29
B0C6DYYHL4,2023-09-11
B0C6DYYHL4,2023-10-09
B0C6DYYHL4,2023-11-06
B0C6DYYHL4,2023-12-04
B0C6DYYHL4,2024-01-01
B0C6DYYHL4,2024-01-29
B0C6FPCZ2J,2023-08-14
B0C6FPCZ2J,2023-09-11
B0C6FPCZ2J,2023-10-09
B0C6FPCZ2J,2023-11-06
B0C6FPCZ2J,2023-12-04
B0C6FPCZ2J,2024-01-01
B0C6FPCZ2J,2024-01-29
B0C6FTVN9D,2023-11-06
B0C6FTVN9D,2023-12-04
B0C6FTVN9D,2024-01-01
B0C6FTVN9D,2024-01-29
B0C6GJ6H7H,2023-11-06
B0C6GJ6H7H,2023-12-04
B0C6GJ6H7H,2024-01-01
B0C6GJ6H7H,2024-01-29
B0C6GWCDQD,2023-09-11
B0C6GWCDQD,2023-10-09
B0C6GWCDQD,2023-11-06
B0C6GWCDQD,2023-12-04
B0C6GWCDQD,2024-01-01
B0C6GWCDQD,2024-01-29
B0C6JDG19H,2023-10-09
B0C6JDG19H,2023-11-06
B0C6JDG19H,2023-12-04
B0C6JDG19H,2024-01-01
B0C6JDG19H,2024-01-29
B0C6JZQZQ7,2023-09-11
B0C6JZQZQ7,2023-10-09
B0C6JZQZQ7,2023-11-06
B0C6JZQZQ7,2023-12-04
B0C6JZQZQ7,2024-01-01
B0C6JZQZQ7,2024-01-29
B0C6K4HG31,2023-09-11
B0C6K4HG31,2023-10-09
B0C6K4HG31,2023-11-06
B0C6K4HG31,2023-12-04
B0C6K4HG31,2024-01-01
B0C6K4HG31,2024-01-29
B0C6K9TBKF,2023-12-04
B0C6K9TBKF,2024-01-01
B0C6K9TBKF,2024-01-29
B0C6KFSDN7,2023-10-09
B0C6KFSDN7,2023-11-06
B0C6KFSDN7,2023-12-04
B0C6KFSDN7,2024-01-01
B0C6KFSDN7,2024-01-29
B0C6KG4J9V,2023-09-11
B0C6KG4J9V,2023-10-09
B0C6KG4J9V,2023-11-06
B0C6KG4J9V,2023-12-04
B0C6KG4J9V,2024-01-01
B0C6KG4J9V,2024-01-29
B0C6KKFNZX,2023-11-06
B0C6KKFNZX,2023-12-04
B0C6KKFNZX,2024-01-01
B0C6KKFNZX,2024-01-29
B0C6KLRN9B,2023-11-06
B0C6KLRN9B,2023-12-04
B0C6KLRN9B,2024-01-01
B0C6KLRN9B,2024-01-29
B0C6KQJZMG,2023-09-11
B0C6KQJZMG,2023-10-09
B0C6KQJZMG,2023-11-06
B0C6KQJZMG,2023-12-04
B0C6KQJZMG,2024-01-01
B0C6KQJZMG,2024-01-29
B0C6LM4NV9,2023-10-09
B0C6LM4NV9,2023-11-06
B0C6LM4NV9,2023-12-04
B0C6LM4NV9,2024-01-01
B0C6LM4NV9,2024-01-29
B0C6M3SKLH,2023-09-11
B0C6M3SKLH,2023-10-09
B0C6M3SKLH,2023-11-06
B0C6M3SKLH,2023-12-04
B0C6M3SKLH,2024-01-01
B0C6M3SKLH,2024-01-29
B0C6M467NZ,2023-12-04
B0C6M467NZ,2024-01-01
B0C6M467NZ,2024-01-29
B0C6Q4F88L,2023-10-09
B0C6Q4F88L,2023-11-06
B0C6Q4F88L,2023-12-04
B0C6Q4F88L,2024-01-01
B0C6Q4F88L,2024-01-29
B0C6R5X665,2023-11-06
B0C6R5X665,2023-12-04
B0C6R5X665,2024-01-01
B0C6R5X665,2024-01-29
B0C6RFVB93,2024-01-01
B0C6RFVB93,2024-01-29
B0C6SLZJ3Y,2023-10-09
B0C6SLZJ3Y,2023-11-06
B0C6SLZJ3Y,2023-12-04
B0C6SLZJ3Y,2024-01-01
B0C6SLZJ3Y,2024-01-29
B0C6SM8P48,2023-10-09
B0C6SM8P48,2023-11-06
B0C6SM8P48,2023-12-04
B0C6SM8P48,2024-01-01
B0C6SM8P48,2024-01-29
B0C6SRCJ5N,2023-12-04
B0C6SRCJ5N,2024-01-01
B0C6SRCJ5N,2024-01-29
B0C6SRCNF2,2023-12-04
B0C6SRCNF2,2024-01-01
B0C6SRCNF2,2024-01-29
B0C6SSMZZP,2023-10-09
B0C6SSMZZP,2023-11-06
B0C6SSMZZP,2023-12-04
B0C6SSMZZP,2024-01-01
B0C6SSMZZP,2024-01-29
B0C6SSP4HS,2023-10-09
B0C6SSP4HS,2023-11-06
B0C6SSP4HS,2023-12-04
B0C6SSP4HS,2024-01-01
B0C6SSP4HS,2024-01-29
B0C6STZS5B,2023-12-04
B0C6STZS5B,2024-01-01
B0C6STZS5B,2024-01-29
B0C6SWQD5Q,2023-10-09
B0C6SWQD5Q,2023-11-06
B0C6SWQD5Q,2023-12-04
B0C6SWQD5Q,2024-01-01
B0C6SWQD5Q,2024-01-29
B0C6SWXZYT,2023-08-14
B0C6SWXZYT,2023-09-11
B0C6SWXZYT,2023-10-09
B0C6SWXZYT,2023-11-06
B0C6SWXZYT,2023-12-04
B0C6SWXZYT,2024-01-01
B0C6SWXZYT,2024-01-29
B0C6SYGV2X,2023-10-09
B0C6SYGV2X,2023-11-06
B0C6SYGV2X,2023-12-04
B0C6SYGV2X,2024-01-01
B0C6SYGV2X,2024-01-29
B0C6XD5C4F,2023-10-09
B0C6XD5C4F,2023-11-06
B0C6XD5C4F,2023-12-04
B0C6XD5C4F,2024-01-01
B0C6XD5C4F,2024-01-29
B0C6XFSXNK,2023-11-06
B0C6XFSXNK,2023-12-04
B0C6XFSXNK,2024-01-01
B0C6XFSXNK,2024-01-29
B0C6XG2W7C,2023-11-06
B0C6XG2W7C,2023-12-04
B0C6XG2W7C,2024-01-01
B0C6XG2W7C,2024-01-29
B0C6XSWMRW,2023-10-09
B0C6XSWMRW,2023-11-06
B0C6XSWMRW,2023-12-04
B0C6XSWMRW,2024-01-01
B0C6XSWMRW,2024-01-29
B0C6Y8HC3C,2023-10-09
B0C6Y8HC3C,2023-11-06
B0C6Y8HC3C,2023-12-04
B0C6Y8HC3C,2024-01-01
B0C6Y8HC3C,2024-01-29
B0C73RTRZQ,2023-09-11
B0C73RTRZQ,2023-10-09
B0C73RTRZQ,2023-11-06
B0C73RTRZQ,2023-12-04
B0C73RTRZQ,2024-01-01
B0C73RTRZQ,2024-01-29
B0C74CQ9M1,2023-11-06
B0C74CQ9M1,2023-12-04
B0C74CQ9M1,2024-01-01
B0C74CQ9M1,2024-01-29
B0C74SB1P1,2024-01-01
B0C74SB1P1,2024-01-29
B0C772JWSH,2024-01-01
B0C772JWSH,2024-01-29
B0C77QCR6K,2023-09-11
B0C77QCR6K,2023-10-09
B0C77QCR6K,2023-11-06
B0C77QCR6K,2023-12-04
B0C77QCR6K,2024-01-01
B0C77QCR6K,2024-01-29
B0C78G29LH,2024-01-01
B0C78G29LH,2024-01-29
B0C78ZTBM6,2023-11-06
B0C78ZTBM6,2023-12-04
B0C78ZTBM6,2024-01-01
B0C78ZTBM6,2024-01-29
B0C7936JR8,2023-10-09
B0C7936JR8,2023-11-06
B0C7936JR8,2023-12-04
B0C7936JR8,2024-01-01
B0C7936JR8,2024-01-29
B0C795R3FR,2023-11-06
B0C795R3FR,2023-12-04
B0C795R3FR,2024-01-01
B0C795R3FR,2024-01-29
B0C79B8Q17,2023-11-06
B0C79B8Q17,2023-12-04
B0C79B8Q17,2024-01-01
B0C79B8Q17,2024-01-29
B0C79FPXW3,2023-11-06
B0C79FPXW3,2023-12-04
B0C79FPXW3,2024-01-01
B0C79FPXW3,2024-01-29
B0C79V6NJ8,2023-09-11
B0C79V6NJ8,2023-10-09
B0C79V6NJ8,2023-11-06
B0C79V6NJ8,2023-12-04
B0C79V6NJ8,2024-01-01
B0C79V6NJ8,2024-01-29
B0C7CGPGZC,2023-10-09
B0C7CGPGZC,2023-11-06
B0C7CGPGZC,2023-12-04
B0C7CGPGZC,2024-01-01
B0C7CGPGZC,2024-01-29
B0C7CHYJZK,2023-09-11
B0C7CHYJZK,2023-10-09
B0C7CHYJZK,2023-11-06
B0C7CHYJZK,2023-12-04
B0C7CHYJZK,2024-01-01
B0C7CHYJZK,2024-01-29
B0C7H3Q4XG,2024-01-01
B0C7H3Q4XG,2024-01-29
B0C7JYC9DQ,2023-10-09
B0C7JYC9DQ,2023-11-06
B0C7JYC9DQ,2023-12-04
B0C7JYC9DQ,2024-01-01
B0C7JYC9DQ,2024-01-29
B0C7K69KNX,2024-01-01
B0C7K69KNX,2024-01-29
B0C7K6RJND,2023-10-09
B0C7K6RJND,2023-11-06
B0C7K6RJND,2023-12-04
B0C7K6RJND,2024-01-01
B0C7K6RJND,2024-01-29
B0C7K7GG7T,2023-10-09
B0C7K7GG7T,2023-11-06
B0C7K7GG7T,2023-12-04
B0C7K7GG7T,2024-01-01
B0C7K7GG7T,2024-01-29
B0C7K9ZJQX,2023-10-09
B0C7K9ZJQX,2023-11-06
B0C7K9ZJQX,2023-12-04
B0C7K9ZJQX,2024-01-01
B0C7K9ZJQX,2024-01-29
B0C7KN9BZT,2023-12-04
B0C7KN9BZT,2024-01-01
B0C7KN9BZT,2024-01-29
B0C7KQHFMP,2023-10-09
B0C7KQHFMP,2023-11-06
B0C7KQHFMP,2023-12-04
B0C7KQHFMP,2024-01-01
B0C7KQHFMP,2024-01-29
B0C7L11K23,2024-01-01
B0C7L11K23,2024-01-29
B0C7L6MKWQ,2023-11-06
B0C7L6MKWQ,2023-12-04
B0C7L6MKWQ,2024-01-01
B0C7L6MKWQ,2024-01-29
B0C7LRNXP3,2023-09-11
B0C7LRNXP3,2023-10-09
B0C7LRNXP3,2023-11-06
B0C7LRNXP3,2023-12-04
B0C7LRNXP3,2024-01-01
B0C7LRNXP3,2024-01-29
B0C7LV6CV5,2023-10-09
B0C7LV6CV5,2023-11-06
B0C7LV6CV5,2023-12-04
B0C7LV6CV5,2024-01-01
B0C7LV6CV5,2024-01-29
B0C7LVRYK7,2023-11-06
B0C7LVRYK7,2023-12-04
B0C7LVRYK7,2024-01-01
B0C7LVRYK7,2024-01-29
B0C7QR6PHL,2023-10-09
B0C7QR6PHL,2023-11-06
B0C7QR6PHL,2023-12-04
B0C7QR6PHL,2024-01-01
B0C7QR6PHL,2024-01-29
B0C7QSTBTX,2024-01-29
B0C7XPJZC8,2023-09-11
B0C7XPJZC8,2023-10-09
B0C7XPJZC8,2023-11-06
B0C7XPJZC8,2023-12-04
B0C7XPJZC8,2024-01-01
B0C7XPJZC8,2024-01-29
B0C7Z9MSXK,2023-11-06
B0C7Z9MSXK,2023-12-04
B0C7Z9MSXK,2024-01-01
B0C7Z9MSXK,2024-01-29
B0C7ZX5KWW,2023-11-06
B0C7ZX5KWW,2023-12-04
B0C7ZX5KWW,2024-01-01
B0C7ZX5KWW,2024-01-29
B0C81XXWMB,2023-12-04
B0C81XXWMB,2024-01-01
B0C81XXWMB,2024-01-29
B0C84BV18H,2023-09-11
B0C84BV18H,2023-10-09
B0C84BV18H,2023-11-06
B0C84BV18H,2023-12-04
B0C84BV18H,2024-01-01
B0C84BV18H,2024-01-29
B0C85F8MD3,2023-09-11
B0C85F8MD3,2023-10-09
B0C85F8MD3,2023-11-06
B0C85F8MD3,2023-12-04
B0C85F8MD3,2024-01-01
B0C85F8MD3,2024-01-29
B0C8916Y11,2023-10-09
B0C8916Y11,2023-11-06
B0C8916Y11,2023-12-04
B0C8916Y11,2024-01-01
B0C8916Y11,2024-01-29
B0C89CFQGG,2024-01-01
B0C89CFQGG,2024-01-29
B0C89CZLB8,2024-01-01
B0C89CZLB8,2024-01-29
B0C89DZCK1,2023-11-06
B0C89DZCK1,2023-12-04
B0C89DZCK1,2024-01-01
B0C89DZCK1,2024-01-29
B0C89GBGTY,2024-01-01
B0C89GBGTY,2024-01-29
B0C89L3V3C,2024-01-29
B0C8CZF2CY,2023-08-14
B0C8CZF2CY,2023-09-11
B0C8CZF2CY,2023-10-09
B0C8CZF2CY,2023-11-06
B0C8CZF2CY,2023-12-04
B0C8CZF2CY,2024-01-01
B0C8CZF2CY,2024-01-29
B0C8CZLBYG,2023-11-06
B0C8CZLBYG,2023-12-04
B0C8CZLBYG,2024-01-01
B0C8CZLBYG,2024-01-29
B0C8GGTTJF,2023-09-11
B0C8GGTTJF,2023-10-09
B0C8GGTTJF,2023-11-06
B0C8GGTTJF,2023-12-04
B0C8GGTTJF,2024-01-01
B0C8GGTTJF,2024-01-29
B0C8L5RBJ6,2024-01-29
B0C8MX3RW3,2024-01-01
B0C8MX3RW3,2024-01-29
B0C8SWJXYH,2023-11-06
B0C8SWJXYH,2023-12-04
B0C8SWJXYH,2024-01-01
B0C8SWJXYH,2024-01-29
B0C8T22X5Q,2023-09-11
B0C8T22X5Q,2023-10-09
B0C8T22X5Q,2023-11-06
B0C8T22X5Q,2023-12-04
B0C8T22X5Q,2024-01-01
B0C8T22X5Q,2024-01-29
B0C96T1RVT,2023-09-11
B0C96T1RVT,2023-10-09
B0C96T1RVT,2023-11-06
B0C96T1RVT,2023-12-04
B0C96T1RVT,2024-01-01
B0C96T1RVT,2024-01-29
B0C98RFHBX,2024-01-01
B0C98RFHBX,2024-01-29
B0C99M85LD,2023-10-09
B0C99M85LD,2023-11-06
B0C99M85LD,2023-12-04
B0C99M85LD,2024-01-01
B0C99M85LD,2024-01-29
B0C9CNDNX2,2023-11-06
B0C9CNDNX2,2023-12-04
B0C9CNDNX2,2024-01-01
B0C9CNDNX2,2024-01-29
B0C9CNX3MM,2023-11-06
B0C9CNX3MM,2023-12-04
B0C9CNX3MM,2024-01-01
B0C9CNX3MM,2024-01-29
B0C9CP64T5,2023-11-06
B0C9CP64T5,2023-12-04
B0C9CP64T5,2024-01-01
B0C9CP64T5,2024-01-29
B0C9CP7P91,2023-10-09
B0C9CP7P91,2023-11-06
B0C9CP7P91,2023-12-04
B0C9CP7P91,2024-01-01
B0C9CP7P91,2024-01-29
B0C9CP81FG,2023-10-09
B0C9CP81FG,2023-11-06
B0C9CP81FG,2023-12-04
B0C9CP81FG,2024-01-01
B0C9CP81FG,2024-01-29
B0C9CPFN3K,2023-10-09
B0C9CPFN3K,2023-11-06
B0C9CPFN3K,2023-12-04
B0C9CPFN3K,2024-01-01
B0C9CPFN3K,2024-01-29
B0C9CQ3G2K,2023-10-09
B0C9CQ3G2K,2023-11-06
B0C9CQ3G2K,2023-12-04
B0C9CQ3G2K,2024-01-01
B0C9CQ3G2K,2024-01-29
B0C9CQL3WD,2023-11-06
B0C9CQL3WD,2023-12-04
B0C9CQL3WD,2024-01-01
B0C9CQL3WD,2024-01-29
B0C9CQVBT4,2023-11-06
B0C9CQVBT4,2023-12-04
B0C9CQVBT4,2024-01-01
B0C9CQVBT4,2024-01-29
B0C9CRB89M,2023-11-06
B0C9CRB89M,2023-12-04
B0C9CRB89M,2024-01-01
B0C9CRB89M,2024-01-29
B0C9CS34X3,2023-10-09
B0C9CS34X3,2023-11-06
B0C9CS34X3,2023-12-04
B0C9CS34X3,2024-01-01
B0C9CS34X3,2024-01-29
B0C9CS36TM,2023-10-09
B0C9CS36TM,2023-11-06
B0C9CS36TM,2023-12-04
B0C9CS36TM,2024-01-01
B0C9CS36TM,2024-01-29
B0C9CS3MHR,2023-11-06
B0C9CS3MHR,2023-12-04
B0C9CS3MHR,2024-01-01
B0C9CS3MHR,2024-01-29
B0C9CWYQQY,2023-10-09
B0C9CWYQQY,2023-11-06
B0C9CWYQQY,2023-12-04
B0C9CWYQQY,2024-01-01
B0C9CWYQQY,2024-01-29
B0C9CZNP11,2023-11-06
B0C9CZNP11,2023-12-04
B0C9CZNP11,2024-01-01
B0C9CZNP11,2024-01-29
B0C9D5155G,2023-11-06
B0C9D5155G,2023-12-04
B0C9D5155G,2024-01-01
B0C9D5155G,2024-01-29
B0C9D6DC67,2023-11-06
B0C9D6DC67,2023-12-04
B0C9D6DC67,2024-01-01
B0C9D6DC67,2024-01-29
B0C9DBQ83S,2023-10-09
B0C9DBQ83S,2023-11-06
B0C9DBQ83S,2023-12-04
B0C9DBQ83S,2024-01-01
B0C9DBQ83S,2024-01-29
B0C9DBSTFW,2023-10-09
B0C9DBSTFW,2023-11-06
B0C9DBSTFW,2023-12-04
B0C9DBSTFW,2024-01-01
B0C9DBSTFW,2024-01-29
B0C9DBYD5V,2023-11-06
B0C9DBYD5V,2023-12-04
B0C9DBYD5V,2024-01-01
B0C9DBYD5V,2024-01-29
B0C9FW95FB,2023-10-09
B0C9FW95FB,2023-11-06
B0C9FW95FB,2023-12-04
B0C9FW95FB,2024-01-01
B0C9FW95FB,2024-01-29
B0C9GM4Q8W,2023-08-14
B0C9GM4Q8W,2023-09-11
B0C9GM4Q8W,2023-10-09
B0C9GM4Q8W,2023-11-06
B0C9GM4Q8W,2023-12-04
B0C9GM4Q8W,2024-01-01
B0C9GM4Q8W,2024-01-29
B0C9GQSNCS,2023-08-14
B0C9GQSNCS,2023-09-11
B0C9GQSNCS,2023-10-09
B0C9GQSNCS,2023-11-06
B0C9GQSNCS,2023-12-04
B0C9GQSNCS,2024-01-01
B0C9GQSNCS,2024-01-29
B0C9GQVCBS,2023-08-14
B0C9GQVCBS,2023-09-11
B0C9GQVCBS,2023-10-09
B0C9GQVCBS,2023-11-06
B0C9GQVCBS,2023-12-04
B0C9GQVCBS,2024-01-01
B0C9GQVCBS,2024-01-29
B0C9GVHWT8,2023-08-14
B0C9GVHWT8,2023-09-11
B0C9GVHWT8,2023-10-09
B0C9GVHWT8,2023-11-06
B0C9GVHWT8,2023-12-04
B0C9GVHWT8,2024-01-01
B0C9GVHWT8,2024-01-29
B0C9GWWY9T,2023-08-14
B0C9GWWY9T,2023-09-11
B0C9GWWY9T,2023-10-09
B0C9GWWY9T,2023-11-06
B0C9GWWY9T,2023-12-04
B0C9GWWY9T,2024-01-01
B0C9GWWY9T,2024-01-29
B0C9JM71Y4,2023-08-14
B0C9JM71Y4,2023-09-11
B0C9JM71Y4,2023-10-09
B0C9JM71Y4,2023-11-06
B0C9JM71Y4,2023-12-04
B0C9JM71Y4,2024-01-01
B0C9JM71Y4,2024-01-29
B0C9KKC15B,2024-01-01
B0C9KKC15B,2024-01-29
B0C9LKLXGX,2023-10-09
B0C9LKLXGX,2023-11-06
B0C9LKLXGX,2023-12-04
B0C9LKLXGX,2024-01-01
B0C9LKLXGX,2024-01-29
B0C9LMQR2T,2024-01-01
B0C9LMQR2T,2024-01-29
B0C9M3KF86,2023-12-04
B0C9M3KF86,2024-01-01
B0C9M3KF86,2024-01-29
B0C9M5NN34,2023-12-04
B0C9M5NN34,2024-01-01
B0C9M5NN34,2024-01-29
B0C9M89MNH,2023-12-04
B0C9M89MNH,2024-01-01
B0C9M89MNH,2024-01-29
B0C9PMYP6L,2023-10-09
B0C9PMYP6L,2023-11-06
B0C9PMYP6L,2023-12-04
B0C9PMYP6L,2024-01-01
B0C9PMYP6L,2024-01-29
B0C9PPB55G,2023-10-09
B0C9PPB55G,2023-11-06
B0C9PPB55G,2023-12-04
B0C9PPB55G,2024-01-01
B0C9PPB55G,2024-01-29
B0C9PQ61VX,2023-10-09
B0C9PQ61VX,2023-11-06
B0C9PQ61VX,2023-12-04
B0C9PQ61VX,2024-01-01
B0C9PQ61VX,2024-01-29
B0C9Q492PF,2023-11-06
B0C9Q492PF,2023-12-04
B0C9Q492PF,2024-01-01
B0C9Q492PF,2024-01-29
B0C9QSXMPZ,2023-10-09
B0C9QSXMPZ,2023-11-06
B0C9QSXMPZ,2023-12-04
B0C9QSXMPZ,2024-01-01
B0C9QSXMPZ,2024-01-29
B0C9SH6T7W,2023-08-14
B0C9SH6T7W,2023-09-11
B0C9SH6T7W,2023-10-09
B0C9SH6T7W,2023-11-06
B0C9SH6T7W,2023-12-04
B0C9SH6T7W,2024-01-01
B0C9SH6T7W,2024-01-29
B0C9T1Q1S4,2023-12-04
B0C9T1Q1S4,2024-01-01
B0C9T1Q1S4,2024-01-29
B0C9T1W15N,2023-12-04
B0C9T1W15N,2024-01-01
B0C9T1W15N,2024-01-29
B0C9T2BH1H,2023-12-04
B0C9T2BH1H,2024-01-01
B0C9T2BH1H,2024-01-29
B0C9T2FL8K,2023-11-06
B0C9T2FL8K,2023-12-04
B0C9T2FL8K,2024-01-01
B0C9T2FL8K,2024-01-29
B0C9T3RMZT,2023-11-06
B0C9T3RMZT,2023-12-04
B0C9T3RMZT,2024-01-01
B0C9T3RMZT,2024-01-29
B0C9T5RR1W,2024-01-01
B0C9T5RR1W,2024-01-29
B0C9T6QLLW,2023-12-04
B0C9T6QLLW,2024-01-01
B0C9T6QLLW,2024-01-29
B0C9T8VBB7,2023-11-06
B0C9T8VBB7,2023-12-04
B0C9T8VBB7,2024-01-01
B0C9T8VBB7,2024-01-29
B0C9TDF7X3,2023-09-11
B0C9TDF7X3,2023-10-09
B0C9TDF7X3,2023-11-06
B0C9TDF7X3,2023-12-04
B0C9TDF7X3,2024-01-01
B0C9TDF7X3,2024-01-29
B0C9TKHB2T,2024-01-01
B0C9TKHB2T,2024-01-29
B0C9TL67J8,2023-12-04
B0C9TL67J8,2024-01-01
B0C9TL67J8,2024-01-29
B0C9V6CNFC,2024-01-29
B0C9WG6GVG,2023-11-06
B0C9WG6GVG,2023-12-04
B0C9WG6GVG,2024-01-01
B0C9WG6GVG,2024-01-29
B0C9WGNX74,2023-11-06
B0C9WGNX74,2023-12-04
B0C9WGNX74,2024-01-01
B0C9WGNX74,2024-01-29
B0C9WH84F1,2023-10-09
B0C9WH84F1,2023-11-06
B0C9WH84F1,2023-12-04
B0C9WH84F1,2024-01-01
B0C9WH84F1,2024-01-29
B0C9WJ1DZ5,2023-10-09
B0C9WJ1DZ5,2023-11-06
B0C9WJ1DZ5,2023-12-04
B0C9WJ1DZ5,2024-01-01
B0C9WJ1DZ5,2024-01-29
B0C9WJ2NRY,2023-10-09
B0C9WJ2NRY,2023-11-06
B0C9WJ2NRY,2023-12-04
B0C9WJ2NRY,2024-01-01
B0C9WJ2NRY,2024-01-29
B0C9X9NPWQ,2024-01-29
B0C9XVB2SN,2023-10-09
B0C9XVB2SN,2023-11-06
B0C9XVB2SN,2023-12-04
B0C9XVB2SN,2024-01-01
B0C9XVB2SN,2024-01-29
B0C9Z43PJ4,2023-08-14
B0C9Z43PJ4,2023-09-11
B0C9Z43PJ4,2023-10-09
B0C9Z43PJ4,2023-11-06
B0C9Z43PJ4,2023-12-04
B0C9Z43PJ4,2024-01-01
B0C9Z43PJ4,2024-01-29
B0C9Z6799C,2023-11-06
B0C9Z6799C,2023-12-04
B0C9Z6799C,2024-01-01
B0C9Z6799C,2024-01-29
B0C9ZMYVRB,2024-01-01
B0C9ZMYVRB,2024-01-29
B0CB1S8HDP,2023-10-09
B0CB1S8HDP,2023-11-06
B0CB1S8HDP,2023-12-04
B0CB1S8HDP,2024-01-01
B0CB1S8HDP,2024-01-29
B0CB2W3BGB,2023-12-04
B0CB2W3BGB,2024-01-01
B0CB2W3BGB,2024-01-29
B0CB3WS5PP,2023-09-11
B0CB3WS5PP,2023-10-09
B0CB3WS5PP,2023-11-06
B0CB3WS5PP,2023-12-04
B0CB3WS5PP,2024-01-01
B0CB3WS5PP,2024-01-29
B0CB41LS6H,2023-10-09
B0CB41LS6H,2023-11-06
B0CB41LS6H,2023-12-04
B0CB41LS6H,2024-01-01
B0CB41LS6H,2024-01-29
B0CB45THMD,2023-12-04
B0CB45THMD,2024-01-01
B0CB45THMD,2024-01-29
B0CB4H4SL7,2024-01-01
B0CB4H4SL7,2024-01-29
B0CB4JFSDJ,2024-01-01
B0CB4JFSDJ,2024-01-29
B0CB5BJCMD,2023-11-06
B0CB5BJCMD,2023-12-04
B0CB5BJCMD,2024-01-01
B0CB5BJCMD,2024-01-29
B0CB5C2YR9,2024-01-01
B0CB5C2YR9,2024-01-29
B0CB5DRZGN,2024-01-01
B0CB5DRZGN,2024-01-29
B0CB5DW3Z1,2024-01-01
B0CB5DW3Z1,2024-01-29
B0CB5KMQNQ,2023-09-11
B0CB5KMQNQ,2023-10-09
B0CB5KMQNQ,2023-11-06
B0CB5KMQNQ,2023-12-04
B0CB5KMQNQ,2024-01-01
B0CB5KMQNQ,2024-01-29
B0CB5MXYZ5,2023-11-06
B0CB5MXYZ5,2023-12-04
B0CB5MXYZ5,2024-01-01
B0CB5MXYZ5,2024-01-29
B0CB5NQZ1D,2023-10-09
B0CB5NQZ1D,2023-11-06
B0CB5NQZ1D,2023-12-04
B0CB5NQZ1D,2024-01-01
B0CB5NQZ1D,2024-01-29
B0CB5NRMSH,2023-10-09
B0CB5NRMSH,2023-11-06
B0CB5NRMSH,2023-12-04
B0CB5NRMSH,2024-01-01
B0CB5NRMSH,2024-01-29
B0CB5S7F6S,2023-12-04
B0CB5S7F6S,2024-01-01
B0CB5S7F6S,2024-01-29
B0CB5VM5HL,2023-11-06
B0CB5VM5HL,2023-12-04
B0CB5VM5HL,2024-01-01
B0CB5VM5HL,2024-01-29
B0CB6864MS,2023-09-11
B0CB6864MS,2023-10-09
B0CB6864MS,2023-11-06
B0CB6864MS,2023-12-04
B0CB6864MS,2024-01-01
B0CB6864MS,2024-01-29
B0CB69VHZZ,2023-09-11
B0CB69VHZZ,2023-10-09
B0CB69VHZZ,2023-11-06
B0CB69VHZZ,2023-12-04
B0CB69VHZZ,2024-01-01
B0CB69VHZZ,2024-01-29
B0CB6KVWDW,2024-01-29
B0CB6LSPQQ,2024-01-29
B0CB7W8ZSP,2023-12-04
B0CB7W8ZSP,2024-01-01
B0CB7W8ZSP,2024-01-29
B0CB8KMY3M,2023-12-04
B0CB8KMY3M,2024-01-01
B0CB8KMY3M,2024-01-29
B0CB92M6ZK,2023-10-09
B0CB92M6ZK,2023-11-06
B0CB92M6ZK,2023-12-04
B0CB92M6ZK,2024-01-01
B0CB92M6ZK,2024-01-29
B0CBBDC113,2023-10-09
B0CBBDC113,2023-11-06
B0CBBDC113,2023-12-04
B0CBBDC113,2024-01-01
B0CBBDC113,2024-01-29
B0CBBL9WVH,2023-09-11
B0CBBL9WVH,2023-10-09
B0CBBL9WVH,2023-11-06
B0CBBL9WVH,2023-12-04
B0CBBL9WVH,2024-01-01
B0CBBL9WVH,2024-01-29
B0CBCGKLK8,2023-10-09
B0CBCGKLK8,2023-11-06
B0CBCGKLK8,2023-12-04
B0CBCGKLK8,2024-01-01
B0CBCGKLK8,2024-01-29
B0CBCWTC6P,2023-09-11
B0CBCWTC6P,2023-10-09
B0CBCWTC6P,2023-11-06
B0CBCWTC6P,2023-12-04
B0CBCWTC6P,2024-01-01
B0CBCWTC6P,2024-01-29
B0CBDMV7DY,2023-12-04
B0CBDMV7DY,2024-01-01
B0CBDMV7DY,2024-01-29
B0CBDTJ61Q,2023-11-06
B0CBDTJ61Q,2023-12-04
B0CBDTJ61Q,2024-01-01
B0CBDTJ61Q,2024-01-29
B0CBHR3VFN,2023-08-14
B0CBHR3VFN,2023-09-11
B0CBHR3VFN,2023-10-09
B0CBHR3VFN,2023-11-06
B0CBHR3VFN,2023-12-04
B0CBHR3VFN,2024-01-01
B0CBHR3VFN,2024-01-29
B0CBJLVSWZ,2023-10-09
B0CBJLVSWZ,2023-11-06
B0CBJLVSWZ,2023-12-04
B0CBJLVSWZ,2024-01-01
B0CBJLVSWZ,2024-01-29
B0CBJQ5PM4,2023-11-06
B0CBJQ5PM4,2023-12-04
B0CBJQ5PM4,2024-01-01
B0CBJQ5PM4,2024-01-29
B0CBJV71TH,2023-09-11
B0CBJV71TH,2023-10-09
B0CBJV71TH,2023-11-06
B0CBJV71TH,2023-12-04
B0CBJV71TH,2024-01-01
B0CBJV71TH,2024-01-29
B0CBK4PLNT,2023-11-06
B0CBK4PLNT,2023-12-04
B0CBK4PLNT,2024-01-01
B0CBK4PLNT,2024-01-29
B0CBM9MLM9,2024-01-01
B0CBM9MLM9,2024-01-29
B0CBMFPLS8,2023-12-04
B0CBMFPLS8,2024-01-01
B0CBMFPLS8,2024-01-29
B0CBMGY9JR,2024-01-01
B0CBMGY9JR,2024-01-29
B0CBN1X5QH,2023-09-11
B0CBN1X5QH,2023-10-09
B0CBN1X5QH,2023-11-06
B0CBN1X5QH,2023-12-04
B0CBN1X5QH,2024-01-01
B0CBN1X5QH,2024-01-29
B0CBNK775C,2024-01-29
B0CBP9L1VW,2023-10-09
B0CBP9L1VW,2023-11-06
B0CBP9L1VW,2023-12-04
B0CBP9L1VW,2024-01-01
B0CBP9L1VW,2024-01-29
B0CBQYQTB3,2024-01-29
B0CBT48QZX,2023-12-04
B0CBT48QZX,2024-01-01
B0CBT48QZX,2024-01-29
B0CBTVX9JN,2023-10-09
B0CBTVX9JN,2023-11-06
B0CBTVX9JN,2023-12-04
B0CBTVX9JN,2024-01-01
B0CBTVX9JN,2024-01-29
B0CBTXN937,2023-12-04
B0CBTXN937,2024-01-01
B0CBTXN937,2024-01-29
B0CBTY56Y3,2023-09-11
B0CBTY56Y3,2023-10-09
B0CBTY56Y3,2023-11-06
B0CBTY56Y3,2023-12-04
B0CBTY56Y3,2024-01-01
B0CBTY56Y3,2024-01-29
B0CBTYK8YN,2023-09-11
B0CBTYK8YN,2023-10-09
B0CBTYK8YN,2023-11-06
B0CBTYK8YN,2023-12-04
B0CBTYK8YN,2024-01-01
B0CBTYK8YN,2024-01-29
B0CBV18JQN,2023-09-11
B0CBV18JQN,2023-10-09
B0CBV18JQN,2023-11-06
B0CBV18JQN,2023-12-04
B0CBV18JQN,2024-01-01
B0CBV18JQN,2024-01-29
B0CBV1XDZR,2023-09-11
B0CBV1XDZR,2023-10-09
B0CBV1XDZR,2023-11-06
B0CBV1XDZR,2023-12-04
B0CBV1XDZR,2024-01-01
B0CBV1XDZR,2024-01-29
B0CBX3DJ9Q,2023-11-06
B0CBX3DJ9Q,2023-12-04
B0CBX3DJ9Q,2024-01-01
B0CBX3DJ9Q,2024-01-29
B0CC216W2P,2023-12-04
B0CC216W2P,2024-01-01
B0CC216W2P,2024-01-29
B0CC23PGHH,2023-11-06
B0CC23PGHH,2023-12-04
B0CC23PGHH,2024-01-01
B0CC23PGHH,2024-01-29
B0CC2C3PXY,2024-01-01
B0CC2C3PXY,2024-01-29
B0CC2D2T9R,2023-11-06
B0CC2D2T9R,2023-12-04
B0CC2D2T9R,2024-01-01
B0CC2D2T9R,2024-01-29
B0CC2DJ111,2023-11-06
B0CC2DJ111,2023-12-04
B0CC2DJ111,2024-01-01
B0CC2DJ111,2024-01-29
B0CC2DQKZ8,2023-11-06
B0CC2DQKZ8,2023-12-04
B0CC2DQKZ8,2024-01-01
B0CC2DQKZ8,2024-01-29
B0CC2FH99D,2023-10-09
B0CC2FH99D,2023-11-06
B0CC2FH99D,2023-12-04
B0CC2FH99D,2024-01-01
B0CC2FH99D,2024-01-29
B0CC2FS7WY,2023-11-06
B0CC2FS7WY,2023-12-04
B0CC2FS7WY,2024-01-01
B0CC2FS7WY,2024-01-29
B0CC2FVS3H,2023-11-06
B0CC2FVS3H,2023-12-04
B0CC2FVS3H,2024-01-01
B0CC2FVS3H,2024-01-29
B0CC2G1J2X,2023-11-06
B0CC2G1J2X,2023-12-04
B0CC2G1J2X,2024-01-01
B0CC2G1J2X,2024-01-29
B0CC3X63MJ,2023-10-09
B0CC3X63MJ,2023-11-06
B0CC3X63MJ,2023-12-04
B0CC3X63MJ,2024-01-01
B0CC3X63MJ,2024-01-29
B0CC3YTSJL,2023-11-06
B0CC3YTSJL,2023-12-04
B0CC3YTSJL,2024-01-01
B0CC3YTSJL,2024-01-29
B0CC6Z4HTP,2023-12-04
B0CC6Z4HTP,2024-01-01
B0CC6Z4HTP,2024-01-29
B0CC9B97Q2,2023-12-04
B0CC9B97Q2,2024-01-01
B0CC9B97Q2,2024-01-29
B0CC9BY6PH,2023-10-09
B0CC9BY6PH,2023-11-06
B0CC9BY6PH,2023-12-04
B0CC9BY6PH,2024-01-01
B0CC9BY6PH,2024-01-29
B0CC9CZNNC,2023-12-04
B0CC9CZNNC,2024-01-01
B0CC9CZNNC,2024-01-29
B0CC9HVVG5,2023-12-04
B0CC9HVVG5,2024-01-01
B0CC9HVVG5,2024-01-29
B0CCBQX789,2023-10-09
B0CCBQX789,2023-11-06
B0CCBQX789,2023-12-04
B0CCBQX789,2024-01-01
B0CCBQX789,2024-01-29
B0CCCMPTWD,2023-11-06
B0CCCMPTWD,2023-12-04
B0CCCMPTWD,2024-01-01
B0CCCMPTWD,2024-01-29
B0CCCV1RTM,2023-12-04
B0CCCV1RTM,2024-01-01
B0CCCV1RTM,2024-01-29
B0CCCXY694,2023-11-06
B0CCCXY694,2023-12-04
B0CCCXY694,2024-01-01
B0CCCXY694,2024-01-29
B0CCCZSR4W,2024-01-01
B0CCCZSR4W,2024-01-29
B0CCD4RC2Y,2023-10-09
B0CCD4RC2Y,2023-11-06
B0CCD4RC2Y,2023-12-04
B0CCD4RC2Y,2024-01-01
B0CCD4RC2Y,2024-01-29
B0CCDFC6WX,2024-01-01
B0CCDFC6WX,2024-01-29
B0CCDTHPTK,2023-09-11
B0CCDTHPTK,2023-10-09
B0CCDTHPTK,2023-11-06
B0CCDTHPTK,2023-12-04
B0CCDTHPTK,2024-01-01
B0CCDTHPTK,2024-01-29
B0CCF3BPLF,2024-01-01
B0CCF3BPLF,2024-01-29
B0CCF5YN12,2024-01-01
B0CCF5YN12,2024-01-29
B0CCF642JX,2024-01-01
B0CCF642JX,2024-01-29
B0CCF6B91Y,2024-01-29
B0CCF6VF4S,2023-10-09
B0CCF6VF4S,2023-11-06
B0CCF6VF4S,2023-12-04
B0CCF6VF4S,2024-01-01
B0CCF6VF4S,2024-01-29
B0CCF73R86,2023-12-04
B0CCF73R86,2024-01-01
B0CCF73R86,2024-01-29
B0CCF8B2DG,2023-10-09
B0CCF8B2DG,2023-11-06
B0CCF8B2DG,2023-12-04
B0CCF8B2DG,2024-01-01
B0CCF8B2DG,2024-01-29
B0CCJ8NCV3,2024-01-01
B0CCJ8NCV3,2024-01-29
B0CCJFNSLG,2023-12-04
B0CCJFNSLG,2024-01-01
B0CCJFNSLG,2024-01-29
B0CCJG9VNX,2023-12-04
B0CCJG9VNX,2024-01-01
B0CCJG9VNX,2024-01-29
B0CCJXXWXT,2023-10-09
B0CCJXXWXT,2023-11-06
B0CCJXXWXT,2023-12-04
B0CCJXXWXT,2024-01-01
B0CCJXXWXT,2024-01-29
B0CCKT1CB4,2023-10-09
B0CCKT1CB4,2023-11-06
B0CCKT1CB4,2023-12-04
B0CCKT1CB4,2024-01-01
B0CCKT1CB4,2024-01-29
B0CCKTSQFY,2023-12-04
B0CCKTSQFY,2024-01-01
B0CCKTSQFY,2024-01-29
B0CCKTZT5P,2023-12-04
B0CCKTZT5P,2024-01-01
B0CCKTZT5P,2024-01-29
B0CCNPB6JM,2023-10-09
B0CCNPB6JM,2023-11-06
B0CCNPB6JM,2023-12-04
B0CCNPB6JM,2024-01-01
B0CCNPB6JM,2024-01-29
B0CCNTNXY5,2023-12-04
B0CCNTNXY5,2024-01-01
B0CCNTNXY5,2024-01-29
B0CCNZQ7KV,2023-10-09
B0CCNZQ7KV,2023-11-06
B0CCNZQ7KV,2023-12-04
B0CCNZQ7KV,2024-01-01
B0CCNZQ7KV,2024-01-29
B0CCP1SHVT,2023-11-06
B0CCP1SHVT,2023-12-04
B0CCP1SHVT,2024-01-01
B0CCP1SHVT,2024-01-29
B0CCP37S8F,2023-10-09
B0CCP37S8F,2023-11-06
B0CCP37S8F,2023-12-04
B0CCP37S8F,2024-01-01
B0CCP37S8F,2024-01-29
B0CCQ8BTP2,2024-01-01
B0CCQ8BTP2,2024-01-29
B0CCRJGVQ5,2023-12-04
B0CCRJGVQ5,2024-01-01
B0CCRJGVQ5,2024-01-29
B0CCRZ5XSC,2023-10-09
B0CCRZ5XSC,2023-11-06
B0CCRZ5XSC,2023-12-04
B0CCRZ5XSC,2024-01-01
B0CCRZ5XSC,2024-01-29
B0CCRZQQ1C,2023-12-04
B0CCRZQQ1C,2024-01-01
B0CCRZQQ1C,2024-01-29
B0CCRZTDW6,2023-11-06
B0CCRZTDW6,2023-12-04
B0CCRZTDW6,2024-01-01
B0CCRZTDW6,2024-01-29
B0CCRZVSHV,2023-11-06
B0CCRZVSHV,2023-12-04
B0CCRZVSHV,2024-01-01
B0CCRZVSHV,2024-01-29
B0CCS16SYW,2023-11-06
B0CCS16SYW,2023-12-04
B0CCS16SYW,2024-01-01
B0CCS16SYW,2024-01-29
B0CCS1LJV5,2023-11-06
B0CCS1LJV5,2023-12-04
B0CCS1LJV5,2024-01-01
B0CCS1LJV5,2024-01-29
B0CCS1PYV5,2023-11-06
B0CCS1PYV5,2023-12-04
B0CCS1PYV5,2024-01-01
B0CCS1PYV5,2024-01-29
B0CCS1Y8WB,2023-11-06
B0CCS1Y8WB,2023-12-04
B0CCS1Y8WB,2024-01-01
B0CCS1Y8WB,2024-01-29
B0CCS25JF9,2023-11-06
B0CCS25JF9,2023-12-04
B0CCS25JF9,2024-01-01
B0CCS25JF9,2024-01-29
B0CCS2CVZT,2023-10-09
B0CCS2CVZT,2023-11-06
B0CCS2CVZT,2023-12-04
B0CCS2CVZT,2024-01-01
B0CCS2CVZT,2024-01-29
B0CCS2HQX3,2023-11-06
B0CCS2HQX3,2023-12-04
B0CCS2HQX3,2024-01-01
B0CCS2HQX3,2024-01-29
B0CCS3CYCZ,2023-11-06
B0CCS3CYCZ,2023-12-04
B0CCS3CYCZ,2024-01-01
B0CCS3CYCZ,2024-01-29
B0CCS47P4X,2023-10-09
B0CCS47P4X,2023-11-06
B0CCS47P4X,2023-12-04
B0CCS47P4X,2024-01-01
B0CCS47P4X,2024-01-29
B0CCT24X19,2023-10-09
B0CCT24X19,2023-11-06
B0CCT24X19,2023-12-04
B0CCT24X19,2024-01-01
B0CCT24X19,2024-01-29
B0CCV8LFPT,2023-11-06
B0CCV8LFPT,2023-12-04
B0CCV8LFPT,2024-01-01
B0CCV8LFPT,2024-01-29
B0CCV8VT2P,2023-11-06
B0CCV8VT2P,2023-12-04
B0CCV8VT2P,2024-01-01
B0CCV8VT2P,2024-01-29
B0CCV99PLG,2023-11-06
B0CCV99PLG,2023-12-04
B0CCV99PLG,2024-01-01
B0CCV99PLG,2024-01-29
B0CCXGFS2V,2023-12-04
B0CCXGFS2V,2024-01-01
B0CCXGFS2V,2024-01-29
B0CCXS2B4W,2023-11-06
B0CCXS2B4W,2023-12-04
B0CCXS2B4W,2024-01-01
B0CCXS2B4W,2024-01-29
B0CCZ1L8CZ,2023-11-06
B0CCZ1L8CZ,2023-12-04
B0CCZ1L8CZ,2024-01-01
B0CCZ1L8CZ,2024-01-29
B0CD22L4R2,2024-01-01
B0CD22L4R2,2024-01-29
B0CD244L6P,2024-01-01
B0CD244L6P,2024-01-29
B0CD24HVH2,2023-12-04
B0CD24HVH2,2024-01-01
B0CD24HVH2,2024-01-29
B0CD2CFPZ3,2023-12-04
B0CD2CFPZ3,2024-01-01
B0CD2CFPZ3,2024-01-29
B0CD59F5DH,2023-10-09
B0CD59F5DH,2023-11-06
B0CD59F5DH,2023-12-04
B0CD59F5DH,2024-01-01
B0CD59F5DH,2024-01-29
B0CD6ZHTYP,2023-10-09
B0CD6ZHTYP,2023-11-06
B0CD6ZHTYP,2023-12-04
B0CD6ZHTYP,2024-01-01
B0CD6ZHTYP,2024-01-29
B0CD6ZQKXV,2023-11-06
B0CD6ZQKXV,2023-12-04
B0CD6ZQKXV,2024-01-01
B0CD6ZQKXV,2024-01-29
B0CD71JZW2,2023-11-06
B0CD71JZW2,2023-12-04
B0CD71JZW2,2024-01-01
B0CD71JZW2,2024-01-29
B0CD726XG5,2023-11-06
B0CD726XG5,2023-12-04
B0CD726XG5,2024-01-01
B0CD726XG5,2024-01-29
B0CD72FQMS,2023-11-06
B0CD72FQMS,2023-12-04
B0CD72FQMS,2024-01-01
B0CD72FQMS,2024-01-29
B0CD72PH8H,2023-10-09
B0CD72PH8H,2023-11-06
B0CD72PH8H,2023-12-04
B0CD72PH8H,2024-01-01
B0CD72PH8H,2024-01-29
B0CD737YD1,2024-01-29
B0CD73YTQV,2023-10-09
B0CD73YTQV,2023-11-06
B0CD73YTQV,2023-12-04
B0CD73YTQV,2024-01-01
B0CD73YTQV,2024-01-29
B0CD74BS9F,2023-10-09
B0CD74BS9F,2023-11-06
B0CD74BS9F,2023-12-04
B0CD74BS9F,2024-01-01
B0CD74BS9F,2024-01-29
B0CD74JT2L,2023-10-09
B0CD74JT2L,2023-11-06
B0CD74JT2L,2023-12-04
B0CD74JT2L,2024-01-01
B0CD74JT2L,2024-01-29
B0CD7CS925,2023-10-09
B0CD7CS925,2023-11-06
B0CD7CS925,2023-12-04
B0CD7CS925,2024-01-01
B0CD7CS925,2024-01-29
B0CD7DM4PD,2024-01-01
B0CD7DM4PD,2024-01-29
B0CD7SPRLW,2023-09-11
B0CD7SPRLW,2023-10-09
B0CD7SPRLW,2023-11-06
B0CD7SPRLW,2023-12-04
B0CD7SPRLW,2024-01-01
B0CD7SPRLW,2024-01-29
B0CD8PJ5YV,2024-01-01
B0CD8PJ5YV,2024-01-29
B0CD92SVCV,2024-01-01
B0CD92SVCV,2024-01-29
B0CD9DZSHD,2023-10-09
B0CD9DZSHD,2023-11-06
B0CD9DZSHD,2023-12-04
B0CD9DZSHD,2024-01-01
B0CD9DZSHD,2024-01-29
B0CDBDHWXY,2023-12-04
B0CDBDHWXY,2024-01-01
B0CDBDHWXY,2024-01-29
B0CDBN4CM4,2023-10-09
B0CDBN4CM4,2023-11-06
B0CDBN4CM4,2023-12-04
B0CDBN4CM4,2024-01-01
B0CDBN4CM4,2024-01-29
B0CDBQCCFJ,2023-12-04
B0CDBQCCFJ,2024-01-01
B0CDBQCCFJ,2024-01-29
B0CDBW9849,2023-10-09
B0CDBW9849,2023-11-06
B0CDBW9849,2023-12-04
B0CDBW9849,2024-01-01
B0CDBW9849,2024-01-29
B0CDC5Y68N,2023-12-04
B0CDC5Y68N,2024-01-01
B0CDC5Y68N,2024-01-29
B0CDFM5JKM,2023-11-06
B0CDFM5JKM,2023-12-04
B0CDFM5JKM,2024-01-01
B0CDFM5JKM,2024-01-29
B0CDFT29GD,2024-01-01
B0CDFT29GD,2024-01-29
B0CDFYPCLK,2024-01-01
B0CDFYPCLK,2024-01-29
B0CDGHNWPT,2023-12-04
B0CDGHNWPT,2024-01-01
B0CDGHNWPT,2024-01-29
B0CDGJ62LY,2023-12-04
B0CDGJ62LY,2024-01-01
B0CDGJ62LY,2024-01-29
B0CDGNFLN7,2024-01-01
B0CDGNFLN7,2024-01-29
B0CDGW8LG7,2023-11-06
B0CDGW8LG7,2023-12-04
B0CDGW8LG7,2024-01-01
B0CDGW8LG7,2024-01-29
B0CDGWFR3F,2023-11-06
B0CDGWFR3F,2023-12-04
B0CDGWFR3F,2024-01-01
B0CDGWFR3F,2024-01-29
B0CDHBQJ46,2023-12-04
B0CDHBQJ46,2024-01-01
B0CDHBQJ46,2024-01-29
B0CDHP5GMK,2023-12-04
B0CDHP5GMK,2024-01-01
B0CDHP5GMK,2024-01-29
B0CDKP5TJY,2024-01-29
B0CDKQGGN8,2023-12-04
B0CDKQGGN8,2024-01-01
B0CDKQGGN8,2024-01-29
B0CDL2D14F,2023-11-06
B0CDL2D14F,2023-12-04
B0CDL2D14F,2024-01-01
B0CDL2D14F,2024-01-29
B0CDL6DY3W,2023-12-04
B0CDL6DY3W,2024-01-01
B0CDL6DY3W,2024-01-29
B0CDL8VPMD,2024-01-01
B0CDL8VPMD,2024-01-29
B0CDL9PKHD,2023-10-09
B0CDL9PKHD,2023-11-06
B0CDL9PKHD,2023-12-04
B0CDL9PKHD,2024-01-01
B0CDL9PKHD,2024-01-29
B0CDLJM58D,2023-12-04
B0CDLJM58D,2024-01-01
B0CDLJM58D,2024-01-29
B0CDLJW2JZ,2023-11-06
B0CDLJW2JZ,2023-12-04
B0CDLJW2JZ,2024-01-01
B0CDLJW2JZ,2024-01-29
B0CDLNL6DK,2023-11-06
B0CDLNL6DK,2023-12-04
B0CDLNL6DK,2024-01-01
B0CDLNL6DK,2024-01-29
B0CDLPXX8D,2023-10-09
B0CDLPXX8D,2023-11-06
B0CDLPXX8D,2023-12-04
B0CDLPXX8D,2024-01-01
B0CDLPXX8D,2024-01-29
B0CDNL2D65,2023-11-06
B0CDNL2D65,2023-12-04
B0CDNL2D65,2024-01-01
B0CDNL2D65,2024-01-29
B0CDP8FGKT,2024-01-01
B0CDP8FGKT,2024-01-29
B0CDP91RW6,2024-01-01
B0CDP91RW6,2024-01-29
B0CDPF3YP6,2023-12-04
B0CDPF3YP6,2024-01-01
B0CDPF3YP6,2024-01-29
B0CDPQRD7N,2023-11-06
B0CDPQRD7N,2023-12-04
B0CDPQRD7N,2024-01-01
B0CDPQRD7N,2024-01-29
B0CDQ7ZC95,2023-11-06
B0CDQ7ZC95,2023-12-04
B0CDQ7ZC95,2024-01-01
B0CDQ7ZC95,2024-01-29
B0CDQSX3HL,2023-12-04
B0CDQSX3HL,2024-01-01
B0CDQSX3HL,2024-01-29
B0CDQTFNH9,2023-11-06
B0CDQTFNH9,2023-12-04
B0CDQTFNH9,2024-01-01
B0CDQTFNH9,2024-01-29
B0CDQVGSTF,2023-12-04
B0CDQVGSTF,2024-01-01
B0CDQVGSTF,2024-01-29
B0CDQVN76H,2023-12-04
B0CDQVN76H,2024-01-01
B0CDQVN76H,2024-01-29
B0CDQVTN75,2023-11-06
B0CDQVTN75,2023-12-04
B0CDQVTN75,2024-01-01
B0CDQVTN75,2024-01-29
B0CDTWLFWR,2023-12-04
B0CDTWLFWR,2024-01-01
B0CDTWLFWR,2024-01-29
B0CDW47KYL,2023-11-06
B0CDW47KYL,2023-12-04
B0CDW47KYL,2024-01-01
B0CDW47KYL,2024-01-29
B0CF1FHG1Q,2023-12-04
B0CF1FHG1Q,2024-01-01
B0CF1FHG1Q,2024-01-29
B0CF1LMLPB,2023-12-04
B0CF1LMLPB,2024-01-01
B0CF1LMLPB,2024-01-29
B0CF1MFNGV,2023-12-04
B0CF1MFNGV,2024-01-01
B0CF1MFNGV,2024-01-29
B0CF1N6X1S,2023-11-06
B0CF1N6X1S,2023-12-04
B0CF1N6X1S,2024-01-01
B0CF1N6X1S,2024-01-29
B0CF1P3HST,2023-12-04
B0CF1P3HST,2024-01-01
B0CF1P3HST,2024-01-29
B0CF1PDKK6,2023-12-04
B0CF1PDKK6,2024-01-01
B0CF1PDKK6,2024-01-29
B0CF1Q94SY,2023-12-04
B0CF1Q94SY,2024-01-01
B0CF1Q94SY,2024-01-29
B0CF1YHLRX,2023-11-06
B0CF1YHLRX,2023-12-04
B0CF1YHLRX,2024-01-01
B0CF1YHLRX,2024-01-29
B0CF1YSV86,2023-11-06
B0CF1YSV86,2023-12-04
B0CF1YSV86,2024-01-01
B0CF1YSV86,2024-01-29
B0CF1YXTPC,2023-11-06
B0CF1YXTPC,2023-12-04
B0CF1YXTPC,2024-01-01
B0CF1YXTPC,2024-01-29
B0CF23S5YP,2023-12-04
B0CF23S5YP,2024-01-01
B0CF23S5YP,2024-01-29
B0CF2CQRRN,2023-11-06
B0CF2CQRRN,2023-12-04
B0CF2CQRRN,2024-01-01
B0CF2CQRRN,2024-01-29
B0CF2K44NN,2023-11-06
B0CF2K44NN,2023-12-04
B0CF2K44NN,2024-01-01
B0CF2K44NN,2024-01-29
B0CF4P6JSF,2023-11-06
B0CF4P6JSF,2023-12-04
B0CF4P6JSF,2024-01-01
B0CF4P6JSF,2024-01-29
B0CF5LNRT3,2024-01-01
B0CF5LNRT3,2024-01-29
B0CF8JTHTW,2023-11-06
B0CF8JTHTW,2023-12-04
B0CF8JTHTW,2024-01-01
B0CF8JTHTW,2024-01-29
B0CF8JWFN1,2023-11-06
B0CF8JWFN1,2023-12-04
B0CF8JWFN1,2024-01-01
B0CF8JWFN1,2024-01-29
B0CF8L68J6,2023-12-04
B0CF8L68J6,2024-01-01
B0CF8L68J6,2024-01-29
B0CF8M73XT,2023-11-06
B0CF8M73XT,2023-12-04
B0CF8M73XT,2024-01-01
B0CF8M73XT,2024-01-29
B0CF93QLCL,2023-11-06
B0CF93QLCL,2023-12-04
B0CF93QLCL,2024-01-01
B0CF93QLCL,2024-01-29
B0CF976GHB,2023-11-06
B0CF976GHB,2023-12-04
B0CF976GHB,2024-01-01
B0CF976GHB,2024-01-29
B0CF97THFM,2024-01-01
B0CF97THFM,2024-01-29
B0CF98NB86,2023-11-06
B0CF98NB86,2023-12-04
B0CF98NB86,2024-01-01
B0CF98NB86,2024-01-29
B0CF9QW4GH,2023-10-09
B0CF9QW4GH,2023-11-06
B0CF9QW4GH,2023-12-04
B0CF9QW4GH,2024-01-01
B0CF9QW4GH,2024-01-29
B0CF9RFG8Y,2023-10-09
B0CF9RFG8Y,2023-11-06
B0CF9RFG8Y,2023-12-04
B0CF9RFG8Y,2024-01-01
B0CF9RFG8Y,2024-01-29
B0CF9SLRG7,2023-10-09
B0CF9SLRG7,2023-11-06
B0CF9SLRG7,2023-12-04
B0CF9SLRG7,2024-01-01
B0CF9SLRG7,2024-01-29
B0CFDZDS7Y,2023-11-06
B0CFDZDS7Y,2023-12-04
B0CFDZDS7Y,2024-01-01
B0CFDZDS7Y,2024-01-29
B0CFF57FPV,2023-10-09
B0CFF57FPV,2023-11-06
B0CFF57FPV,2023-12-04
B0CFF57FPV,2024-01-01
B0CFF57FPV,2024-01-29
B0CFFCSMM6,2023-12-04
B0CFFCSMM6,2024-01-01
B0CFFCSMM6,2024-01-29
B0CFHJYQ22,2023-12-04
B0CFHJYQ22,2024-01-01
B0CFHJYQ22,2024-01-29
B0CFKJ2FM7,2024-01-01
B0CFKJ2FM7,2024-01-29
B0CFL5SNGP,2023-12-04
B0CFL5SNGP,2024-01-01
B0CFL5SNGP,2024-01-29
B0CFLMBFBX,2023-12-04
B0CFLMBFBX,2024-01-01
B0CFLMBFBX,2024-01-29
B0CFLPMJ3V,2023-11-06
B0CFLPMJ3V,2023-12-04
B0CFLPMJ3V,2024-01-01
B0CFLPMJ3V,2024-01-29
B0CFLQVRYB,2023-11-06
B0CFLQVRYB,2023-12-04
B0CFLQVRYB,2024-01-01
B0CFLQVRYB,2024-01-29
B0CFLTJK2B,2023-12-04
B0CFLTJK2B,2024-01-01
B0CFLTJK2B,2024-01-29
B0CFQBWZP3,2024-01-01
B0CFQBWZP3,2024-01-29
B0CFQTD2JY,2023-12-04
B0CFQTD2JY,2024-01-01
B0CFQTD2JY,2024-01-29
B0CFR55RZH,2023-11-06
B0CFR55RZH,2023-12-04
B0CFR55RZH,2024-01-01
B0CFR55RZH,2024-01-29
B0CFR726F8,2023-12-04
B0CFR726F8,2024-01-01
B0CFR726F8,2024-01-29
B0CFR75K81,2023-12-04
B0CFR75K81,2024-01-01
B0CFR75K81,2024-01-29
B0CFR7NX7D,2024-01-29
B0CFR89CWJ,2023-12-04
B0CFR89CWJ,2024-01-01
B0CFR89CWJ,2024-01-29
B0CFVFPY1B,2023-10-09
B0CFVFPY1B,2023-11-06
B0CFVFPY1B,2023-12-04
B0CFVFPY1B,2024-01-01
B0CFVFPY1B,2024-01-29
B0CFXJCXS1,2024-01-01
B0CFXJCXS1,2024-01-29
B0CG1G82WK,2023-11-06
B0CG1G82WK,2023-12-04
B0CG1G82WK,2024-01-01
B0CG1G82WK,2024-01-29
B0CG1GWLDZ,2023-11-06
B0CG1GWLDZ,2023-12-04
B0CG1GWLDZ,2024-01-01
B0CG1GWLDZ,2024-01-29
B0CG1J9K1R,2023-11-06
B0CG1J9K1R,2023-12-04
B0CG1J9K1R,2024-01-01
B0CG1J9K1R,2024-01-29
B0CG3762XV,2023-12-04
B0CG3762XV,2024-01-01
B0CG3762XV,2024-01-29
B0CG6789NS,2023-12-04
B0CG6789NS,2024-01-01
B0CG6789NS,2024-01-29
B0CG6TL4HH,2023-12-04
B0CG6TL4HH,2024-01-01
B0CG6TL4HH,2024-01-29
B0CG6TT65L,2023-12-04
B0CG6TT65L,2024-01-01
B0CG6TT65L,2024-01-29
B0CG8VFT1F,2023-12-04
B0CG8VFT1F,2024-01-01
B0CG8VFT1F,2024-01-29
B0CG9GLKYW,2023-10-09
B0CG9GLKYW,2023-11-06
B0CG9GLKYW,2023-12-04
B0CG9GLKYW,2024-01-01
B0CG9GLKYW,2024-01-29
B0CG9XN212,2024-01-01
B0CG9XN212,2024-01-29
B0CGC92N4W,2024-01-01
B0CGC92N4W,2024-01-29
B0CGCJ1W53,2023-12-04
B0CGCJ1W53,2024-01-01
B0CGCJ1W53,2024-01-29
B0CGCQG6RW,2023-12-04
B0CGCQG6RW,2024-01-01
B0CGCQG6RW,2024-01-29
B0CGCRHGD5,2023-12-04
B0CGCRHGD5,2024-01-01
B0CGCRHGD5,2024-01-29
B0CGD9Y45Z,2023-12-04
B0CGD9Y45Z,2024-01-01
B0CGD9Y45Z,2024-01-29
B0CGDDSRPZ,2023-11-06
B0CGDDSRPZ,2023-12-04
B0CGDDSRPZ,2024-01-01
B0CGDDSRPZ,2024-01-29
B0CGDV9SDX,2024-01-01
B0CGDV9SDX,2024-01-29
B0CGF2RJD4,2024-01-01
B0CGF2RJD4,2024-01-29
B0CGF3H3L2,2024-01-01
B0CGF3H3L2,2024-01-29
B0CGF611SS,2024-01-01
B0CGF611SS,2024-01-29
B0CGHVWN57,2024-01-01
B0CGHVWN57,2024-01-29
B0CGHZZVGX,2023-12-04
B0CGHZZVGX,2024-01-01
B0CGHZZVGX,2024-01-29
B0CGJ4S5QY,2024-01-01
B0CGJ4S5QY,2024-01-29
B0CGJMDK94,2023-11-06
B0CGJMDK94,2023-12-04
B0CGJMDK94,2024-01-01
B0CGJMDK94,2024-01-29
B0CGN7983M,2023-12-04
B0CGN7983M,2024-01-01
B0CGN7983M,2024-01-29
B0CGPDGFPR,2023-10-09
B0CGPDGFPR,2023-11-06
B0CGPDGFPR,2023-12-04
B0CGPDGFPR,2024-01-01
B0CGPDGFPR,2024-01-29
B0CGPT38YL,2024-01-01
B0CGPT38YL,2024-01-29
B0CGPTVDMG,2024-01-01
B0CGPTVDMG,2024-01-29
B0CGQVQMVQ,2023-10-09
B0CGQVQMVQ,2023-11-06
B0CGQVQMVQ,2023-12-04
B0CGQVQMVQ,2024-01-01
B0CGQVQMVQ,2024-01-29
B0CGVG455B,2023-12-04
B0CGVG455B,2024-01-01
B0CGVG455B,2024-01-29
B0CGVLNJKF,2024-01-01
B0CGVLNJKF,2024-01-29
B0CGW5GMP6,2023-12-04
B0CGW5GMP6,2024-01-01
B0CGW5GMP6,2024-01-29
B0CGWJ2FVK,2024-01-01
B0CGWJ2FVK,2024-01-29
B0CGX76RBF,2023-11-06
B0CGX76RBF,2023-12-04
B0CGX76RBF,2024-01-01
B0CGX76RBF,2024-01-29
B0CGZV7L3T,2023-12-04
B0CGZV7L3T,2024-01-01
B0CGZV7L3T,2024-01-29
B0CGZVMZC1,2023-12-04
B0CGZVMZC1,2024-01-01
B0CGZVMZC1,2024-01-29
B0CGZXDSY1,2023-12-04
B0CGZXDSY1,2024-01-01
B0CGZXDSY1,2024-01-29
B0CH16KSRT,2023-12-04
B0CH16KSRT,2024-01-01
B0CH16KSRT,2024-01-29
B0CH18JSPG,2023-12-04
B0CH18JSPG,2024-01-01
B0CH18JSPG,2024-01-29
B0CH1QMT8G,2023-12-04
B0CH1QMT8G,2024-01-01
B0CH1QMT8G,2024-01-29
B0CH32NF34,2024-01-01
B0CH32NF34,2024-01-29
B0CH4DFHTN,2024-01-01
B0CH4DFHTN,2024-01-29
B0CH4H19PL,2024-01-29
B0CH56KYV8,2024-01-01
B0CH56KYV8,2024-01-29
B0CH6LG3Z2,2023-12-04
B0CH6LG3Z2,2024-01-01
B0CH6LG3Z2,2024-01-29
B0CH7B7SMT,2023-12-04
B0CH7B7SMT,2024-01-01
B0CH7B7SMT,2024-01-29
B0CH7CRTPJ,2024-01-01
B0CH7CRTPJ,2024-01-29
B0CH9J2ZZX,2024-01-01
B0CH9J2ZZX,2024-01-29
B0CH9K74QZ,2024-01-01
B0CH9K74QZ,2024-01-29
B0CHB1Z1SW,2023-12-04
B0CHB1Z1SW,2024-01-01
B0CHB1Z1SW,2024-01-29
B0CHB42KB1,2024-01-01
B0CHB42KB1,2024-01-29
B0CHDSXF5V,2024-01-29
B0CHDT3JDG,2024-01-29
B0CHDT7K84,2024-01-29
B0CHDT9DFL,2024-01-01
B0CHDT9DFL,2024-01-29
B0CHDTFFY1,2024-01-29
B0CHDTN2CH,2024-01-01
B0CHDTN2CH,2024-01-29
B0CHDWF4Y8,2024-01-29
B0CHDWGGLD,2024-01-29
B0CHDXFCL3,2024-01-01
B0CHDXFCL3,2024-01-29
B0CHDYG6WG,2024-01-29
B0CHF69M58,2024-01-01
B0CHF69M58,2024-01-29
B0CHF7BC6K,2024-01-01
B0CHF7BC6K,2024-01-29
B0CHFC5TYT,2023-11-06
B0CHFC5TYT,2023-12-04
B0CHFC5TYT,2024-01-01
B0CHFC5TYT,2024-01-29
B0CHFDL3L9,2023-11-06
B0CHFDL3L9,2023-12-04
B0CHFDL3L9,2024-01-01
B0CHFDL3L9,2024-01-29
B0CHFFTMPN,2024-01-01
B0CHFFTMPN,2024-01-29
B0CHFHBT1L,2023-11-06
B0CHFHBT1L,2023-12-04
B0CHFHBT1L,2024-01-01
B0CHFHBT1L,2024-01-29
B0CHFNSLX3,2023-12-04
B0CHFNSLX3,2024-01-01
B0CHFNSLX3,2024-01-29
B0CHJM2FTT,2024-01-29
B0CHLMS3JH,2024-01-29
B0CHLSF62V,2024-01-29
B0CHMJ3NSG,2024-01-01
B0CHMJ3NSG,2024-01-29
B0CHMNL9H2,2023-12-04
B0CHMNL9H2,2024-01-01
B0CHMNL9H2,2024-01-29
B0CHNHHMJD,2024-01-29
B0CHNL4XCK,2024-01-01
B0CHNL4XCK,2024-01-29
B0CHNLWGXP,2024-01-01
B0CHNLWGXP,2024-01-29
B0CHP19VG2,2024-01-29
B0CHP3BD9M,2024-01-01
B0CHP3BD9M,2024-01-29
B0CHP5YF2J,2024-01-01
B0CHP5YF2J,2024-01-29
B0CHP8THCX,2024-01-01
B0CHP8THCX,2024-01-29
B0CHR3H4DQ,2024-01-29
B0CHRB97JY,2024-01-29
B0CHRL854J,2023-12-04
B0CHRL854J,2024-01-01
B0CHRL854J,2024-01-29
B0CHVWWV93,2024-01-01
B0CHVWWV93,2024-01-29
B0CHW8WCC8,2024-01-01
B0CHW8WCC8,2024-01-29
B0CHWPD5LQ,2024-01-29
B0CHXQLPGY,2024-01-29
B0CHY37294,2024-01-01
B0CHY37294,2024-01-29
B0CHYC6481,2024-01-01
B0CHYC6481,2024-01-29
B0CHYJ3SRK,2023-12-04
B0CHYJ3SRK,2024-01-01
B0CHYJ3SRK,2024-01-29
B0CHZ1JL94,2024-01-01
B0CHZ1JL94,2024-01-29
B0CHZ9R41L,2023-11-06
B0CHZ9R41L,2023-12-04
B0CHZ9R41L,2024-01-01
B0CHZ9R41L,2024-01-29
B0CHZ9SFXB,2023-11-06
B0CHZ9SFXB,2023-12-04
B0CHZ9SFXB,2024-01-01
B0CHZ9SFXB,2024-01-29
B0CHZDC3FC,2023-12-04
B0CHZDC3FC,2024-01-01
B0CHZDC3FC,2024-01-29
B0CHZDF51S,2023-12-04
B0CHZDF51S,2024-01-01
B0CHZDF51S,2024-01-29
B0CHZF971D,2023-12-04
B0CHZF971D,2024-01-01
B0CHZF971D,2024-01-29
B0CHZLKP4L,2024-01-29
B0CJ2Q23C6,2023-11-06
B0CJ2Q23C6,2023-12-04
B0CJ2Q23C6,2024-01-01
B0CJ2Q23C6,2024-01-29
B0CJ34G5WJ,2024-01-29
B0CJ4W4KZT,2024-01-01
B0CJ4W4KZT,2024-01-29
B0CJ51QXRC,2024-01-01
B0CJ51QXRC,2024-01-29
B0CJ54YYMT,2024-01-01
B0CJ54YYMT,2024-01-29
B0CJ55HL77,2024-01-29
B0CJ7TX1F8,2023-12-04
B0CJ7TX1F8,2024-01-01
B0CJ7TX1F8,2024-01-29
B0CJ8VH5DQ,2023-12-04
B0CJ8VH5DQ,2024-01-01
B0CJ8VH5DQ,2024-01-29
B0CJ8WPWDK,2023-12-04
B0CJ8WPWDK,2024-01-01
B0CJ8WPWDK,2024-01-29
B0CJ919591,2024-01-29
B0CJ93YG4N,2024-01-29
B0CJ95CV8S,2024-01-29
B0CJ95ZKG2,2024-01-29
B0CJ9647VG,2024-01-29
B0CJBTVL48,2024-01-01
B0CJBTVL48,2024-01-29
B0CJCTN2ZZ,2024-01-01
B0CJCTN2ZZ,2024-01-29
B0CJDPHXSH,2024-01-29
B0CJDXSD1D,2024-01-29
B0CJFFNMWH,2024-01-01
B0CJFFNMWH,2024-01-29
B0CJHQZKLQ,2024-01-01
B0CJHQZKLQ,2024-01-29
B0CJJSVHKF,2024-01-01
B0CJJSVHKF,2024-01-29
B0CJKX8RYV,2024-01-01
B0CJKX8RYV,2024-01-29
B0CJLFZLW7,2024-01-29
B0CJM7FHB1,2024-01-29
B0CJMFRXTW,2023-11-06
B0CJMFRXTW,2023-12-04
B0CJMFRXTW,2024-01-01
B0CJMFRXTW,2024-01-29
B0CJNLFSW7,2024-01-29
B0CJQW19G6,2024-01-01
B0CJQW19G6,2024-01-29
B0CJS2CTZY,2024-01-01
B0CJS2CTZY,2024-01-29
B0CJT2Q5TL,2024-01-29
B0CK17H7VC,2023-11-06
B0CK17H7VC,2023-12-04
B0CK17H7VC,2024-01-01
B0CK17H7VC,2024-01-29
B0CK17NZGK,2023-12-04
B0CK17NZGK,2024-01-01
B0CK17NZGK,2024-01-29
B0CK2S5DPW,2024-01-01
B0CK2S5DPW,2024-01-29
B0CK4VQPK5,2023-12-04
B0CK4VQPK5,2024-01-01
B0CK4VQPK5,2024-01-29
B0CK7D31ZY,2023-12-04
B0CK7D31ZY,2024-01-01
B0CK7D31ZY,2024-01-29
B0CK7D3QVR,2023-12-04
B0CK7D3QVR,2024-01-01
B0CK7D3QVR,2024-01-29
B0CK7FY9Y2,2023-12-04
B0CK7FY9Y2,2024-01-01
B0CK7FY9Y2,2024-01-29
B0CK7H3WCQ,2024-01-01
B0CK7H3WCQ,2024-01-29
B0CKBBP35G,2024-01-01
B0CKBBP35G,2024-01-29
B0CKBWQT8F,2023-12-04
B0CKBWQT8F,2024-01-01
B0CKBWQT8F,2024-01-29
B0CKHRN2S6,2024-01-01
B0CKHRN2S6,2024-01-29
B0CKMD9CHT,2023-12-04
B0CKMD9CHT,2024-01-01
B0CKMD9CHT,2024-01-29
B0CKMD9DNY,2023-12-04
B0CKMD9DNY,2024-01-01
B0CKMD9DNY,2024-01-29
B0CKMNPCG3,2023-12-04
B0CKMNPCG3,2024-01-01
B0CKMNPCG3,2024-01-29
B0CKMZXNRZ,2024-01-01
B0CKMZXNRZ,2024-01-29
B0CKQ4GW1D,2024-01-29
B0CKQ52W8J,2024-01-29
B0CKQZGFSQ,2024-01-01
B0CKQZGFSQ,2024-01-29
B0CKR6CTHF,2024-01-29
B0CKR6D3VB,2024-01-29
B0CKR8BHR5,2024-01-29
B0CKR96G23,2024-01-29
B0CKT6WZZQ,2024-01-29
B0CKTP1GNG,2024-01-01
B0CKTP1GNG,2024-01-29
B0CKVVSQ4V,2024-01-29
B0CKWNVRR1,2024-01-29
B0CL3X9WS7,2023-12-04
B0CL3X9WS7,2024-01-01
B0CL3X9WS7,2024-01-29
B0CL3Y7KF9,2023-12-04
B0CL3Y7KF9,2024-01-01
B0CL3Y7KF9,2024-01-29
B0CL3Y84K5,2023-12-04
B0CL3Y84K5,2024-01-01
B0CL3Y84K5,2024-01-29
B0CL3YCSTY,2023-12-04
B0CL3YCSTY,2024-01-01
B0CL3YCSTY,2024-01-29
B0CL3YFCY5,2023-12-04
B0CL3YFCY5,2024-01-01
B0CL3YFCY5,2024-01-29
B0CL3YLPJF,2023-12-04
B0CL3YLPJF,2024-01-01
B0CL3YLPJF,2024-01-29
B0CL3YNPNT,2023-12-04
B0CL3YNPNT,2024-01-01
B0CL3YNPNT,2024-01-29
B0CL3YQ776,2023-12-04
B0CL3YQ776,2024-01-01
B0CL3YQ776,2024-01-29
B0CL3YQM29,2023-12-04
B0CL3YQM29,2024-01-01
B0CL3YQM29,2024-01-29
B0CL3YRTN7,2023-12-04
B0CL3YRTN7,2024-01-01
B0CL3YRTN7,2024-01-29
B0CL3ZBY71,2023-12-04
B0CL3ZBY71,2024-01-01
B0CL3ZBY71,2024-01-29
B0CL4KK86D,2023-12-04
B0CL4KK86D,2024-01-01
B0CL4KK86D,2024-01-29
B0CL4M17MG,2023-12-04
B0CL4M17MG,2024-01-01
B0CL4M17MG,2024-01-29
B0CL5X8J6B,2024-01-29
B0CL691GWL,2024-01-29
B0CL69ZZMM,2024-01-29
B0CL6BM3Z9,2024-01-29
B0CL6FWYRM,2024-01-29
B0CL6GVCBR,2024-01-01
B0CL6GVCBR,2024-01-29
B0CL7YLWFY,2024-01-29
B0CLCZHB17,2023-12-04
B0CLCZHB17,2024-01-01
B0CLCZHB17,2024-01-29
B0CLCZZW1W,2023-12-04
B0CLCZZW1W,2024-01-01
B0CLCZZW1W,2024-01-29
B0CLD1YJRJ,2023-12-04
B0CLD1YJRJ,2024-01-01
B0CLD1YJRJ,2024-01-29
B0CLD2K2CH,2023-12-04
B0CLD2K2CH,2024-01-01
B0CLD2K2CH,2024-01-29
B0CLD35PB8,2023-12-04
B0CLD35PB8,2024-01-01
B0CLD35PB8,2024-01-29
B0CLD39DRT,2024-01-01
B0CLD39DRT,2024-01-29
B0CLD3ZQMP,2024-01-01
B0CLD3ZQMP,2024-01-29
B0CLD45S22,2023-12-04
B0CLD45S22,2024-01-01
B0CLD45S22,2024-01-29
B0CLD49529,2024-01-01
B0CLD49529,2024-01-29
B0CLD4GRR3,2024-01-01
B0CLD4GRR3,2024-01-29
B0CLD4WCQS,2024-01-01
B0CLD4WCQS,2024-01-29
B0CLD5JW2R,2024-01-01
B0CLD5JW2R,2024-01-29
B0CLD5JYST,2024-01-01
B0CLD5JYST,2024-01-29
B0CLD5L1NB,2024-01-01
B0CLD5L1NB,2024-01-29
B0CLD5NRL8,2024-01-01
B0CLD5NRL8,2024-01-29
B0CLDWBMZC,2024-01-29
B0CLDX1XRW,2024-01-29
B0CLGYPXF1,2024-01-01
B0CLGYPXF1,2024-01-29
B0CLJM2M8K,2024-01-01
B0CLJM2M8K,2024-01-29
B0CLLM7H67,2024-01-01
B0CLLM7H67,2024-01-29
B0CLMG2SL7,2024-01-01
B0CLMG2SL7,2024-01-29
B0CLTVW9JX,2024-01-29
B0CLTVZMSM,2024-01-29
B0CLVQG2LZ,2024-01-29
B0CM3R74H4,2024-01-01
B0CM3R74H4,2024-01-29
B0CM3V97CV,2024-01-29
B0CM5PVW37,2024-01-29
B0CM8WTRG2,2024-01-01
B0CM8WTRG2,2024-01-29
B0CM9F7V7S,2024-01-01
B0CM9F7V7S,2024-01-29
B0CMLML7XP,2024-01-01
B0CMLML7XP,2024-01-29
B0CMLMYJ94,2024-01-01
B0CMLMYJ94,2024-01-29
B0CMLND9JV,2024-01-01
B0CMLND9JV,2024-01-29
B0CMLPP1JB,2024-01-01
B0CMLPP1JB,2024-01-29
B0CMLPXLDB,2024-01-01
B0CMLPXLDB,2024-01-29
B0CMLQH6JM,2024-01-01
B0CMLQH6JM,2024-01-29
B0CMLQK6X9,2024-01-01
B0CMLQK6X9,2024-01-29
B0CMLR2SXK,2024-01-01
B0CMLR2SXK,2024-01-29
B0CMLRRNB3,2024-01-01
B0CMLRRNB3,2024-01-29
B0CMLSC6CM,2024-01-01
B0CMLSC6CM,2024-01-29
B0CMLSR77Q,2024-01-01
B0CMLSR77Q,2024-01-29
B0CMLSVN8K,2024-01-29
B0CMTJJYXJ,2024-01-01
B0CMTJJYXJ,2024-01-29
B0CMXBVGB8,2024-01-29
B0CNJSWWHZ,2024-01-29
B0CNKG3YTR,2024-01-29
B0CNN9SR23,2024-01-29
B0CNNBSTZP,2024-01-29
B0CNQRJRJW,2024-01-01
B0CNQRJRJW,2024-01-29
B0CNSBYZ11,2024-01-29
B0CNSY3R8W,2024-01-29
B0CNW8THTC,2024-01-01
B0CNW8THTC,2024-01-29
B0CP9Q2573,2024-01-29
B0CP9THP4J,2024-01-29
B0CP9VCL87,2024-01-29
B0CP9VZ978,2024-01-29
B0CQ1W68M5,2024-01-29
B0CQWJ74V2,2024-01-29
B0CQWKWKC3,2024-01-29
